21,5333,5,wcCaseNoTB,Case Number,TextBox,1,CaseNo,Case Number,1,Case Number is required,1,NULL,NULL,NULL,NULL,CaseNum,NULL,NULL,NULL
22,5333,5,wcTitleNameTB,Title/Name,TextBox,2,TitleName,Title/Name,1,Title is required,0,NULL,NULL,NULL,NULL,TitleName,NULL,NULL,NULL
23,5333,5,wcIncidentTypeCombo,Incident Type,RadComboBox,3,IncidentType,Incident Type,1,Incident Type is required,1,NULL,NULL,NULL,NULL,IncidentType,NULL,NULL,NULL
24,5333,5,wcDateofIncidentPkr,Date/Time of Incident,RadDateTimePicker,4,DateofIncident,Date/Time of Incident,1,Date of Incident is required,1,NULL,NULL,NULL,NULL,IncidentDate,NULL,NULL,NULL
25,5333,5,wcIncLocationIDCmb,Incident Location,RadComboBox,5,IncLocationID,Incident Location,1,Incident Location is required,0,NULL,NULL,NULL,NULL,Location,NULL,NULL,NULL
26,5333,5,wcLocationTB,Location Address,RadComboBox,6,IncLocation,Location Address,1,Location Address is required,0,NULL,NULL,NULL,NULL,LocationAddress,NULL,NULL,NULL
27,5333,5,wcSpecificLocTB,Specific Location Details,TextBox,7,SpecificLoc,Specific Location Details,1,Specific Location Details is required,0,NULL,NULL,NULL,NULL,SpecificLocation,NULL,NULL,NULL
28,5333,5,wcMgtSysCmb,Management System,RadComboBox,14,MgtSys,Management System,1,Management System is required,0,NULL,NULL,NULL,NULL,ManagementSystem,NULL,NULL,NULL
29,5333,5,wcMgtReptCmb,Management Representative,RadComboBox,15,MgtRept,Management Representative,1,Management Representative is required,0,NULL,NULL,NULL,NULL,ManagementRepresentative,NULL,NULL,NULL
30,5333,5,wcEventDescTB,Description of Events,TextBox,16,EventDesc,Description of Events,1,Description of Events is required,0,NULL,NULL,NULL,NULL,EventsDesc,NULL,NULL,NULL
31,5333,5,wcInjuryDetTB,Injury Details,TextBox,17,InjuryDet,Injury Details,1,Injury Details is required,0,NULL,NULL,NULL,NULL,InjuryDetails,NULL,NULL,NULL
32,5333,5,wcOutsideAgncTB,"Outside agencies contacted/assitance required (e.g. Fire brigade, EPA, Workcover)",TextBox,18,OutsideAgnc,"Outside agencies contacted/assitance required (e.g. Fire brigade, EPA, Workcover)",1,Outside agency is required,0,NULL,NULL,NULL,NULL,OutsideAgencies,NULL,NULL,NULL
33,5333,5,wcImTrmtRdoList,Immediate Treatment Obtained,RadioButtonList,19,ImTrmt,Immediate Treatment Obtained,1,Immediate Treatment Obtained is required,0,NULL,NULL,NULL,NULL,ImmediateTreatmentObtained,NULL,NULL,NULL
34,5333,5,wcStatusCombo,Status,RadComboBox,21,Status,Status,1,Status is required,0,NULL,NULL,NULL,NULL,Status,NULL,NULL,NULL
35,5333,5,wcReqRTWChk,Requires Return to Work Plan?,CheckBox,22,ReqRTW,Requires Return to Work Plan?,1,Answer is required,0,NULL,NULL,NULL,NULL,ReqReturnToWorkPlan,NULL,NULL,NULL
36,5333,5,wcReqIMPChk,Requires Injury Management Plan?,CheckBox,23,ReqIMP,Requires Injury Management Plan?,1,Answer is required,0,NULL,NULL,NULL,NULL,ReqInjuryMngmtPlan,NULL,NULL,NULL
37,5333,5,wcReqWCFChk,Require Workers Compensation Forms?,CheckBox,24,ReqWCF,Require Workers Compensation Forms?,1,Answer is required,0,NULL,NULL,NULL,NULL,ReqWorkerCompensationForm,NULL,NULL,NULL
38,5333,5,wcConfiDtnChk,Confidential ?,CheckBox,25,ConfiDtn,Confidential ?,1,Answer is required,0,NULL,NULL,NULL,NULL,IsConfidential,NULL,NULL,NULL
39,5333,5,wcEstCostTB,Estimated Cost ($),RadNumericTextBox,26,EstCost,Estimated Cost ($),1,Estimated Cost is required,0,NULL,NULL,NULL,NULL,EstimatedCost,NULL,NULL,NULL
40,5333,5,wcActCostTB,Actual Cost ($),RadNumericTextBox,27,ActCost,Actual Cost ($),1,Actual Cost is required,0,NULL,NULL,NULL,NULL,ActualCost,NULL,NULL,NULL
41,5333,5,wcConsqRatingHdrLabel,CONSEQUENCE RATING,Label,28,ConsqRatingHdr,CONSEQUENCE RATING,1,NULL,0,1,NULL,NULL,NULL,CONSEQUENCE RATING,NULL,NULL,NULL
42,5333,5,wcConsRankCmb,Consequence Ranking,RadComboBox,31,ConsRank,Consequence Ranking,1,Consequence Ranking is required,0,NULL,NULL,NULL,NULL,ConsequenceRanking,NULL,NULL,NULL
43,5333,5,wcConsPotOutCmb,Potential Outcome,RadComboBox,32,ConsPotOut,Potential Outcome,1,Potential Outcome is required,0,NULL,NULL,NULL,NULL,PotentialOutcome,NULL,NULL,NULL
44,5333,5,wcNotSevereCmb,Initial Notification Severity,RadComboBox,33,NotSevere,Initial Notification Severity,1,Initial Notification Severity is required,0,NULL,NULL,NULL,NULL,InitialNotificationSeverity,NULL,NULL,NULL
45,5333,5,wcFirstRptHdrLabel,First Report,Label,35,FirstRptHdr,First Report,1,NULL,0,1,NULL,NULL,NULL,First Report,NULL,NULL,NULL
46,5333,5,wcReportedByCombo,First Reported By,RadComboBox,36,ReportedBy,First Reported By,1,First Reported By is required,0,NULL,NULL,NULL,NULL,ReportedBy,NULL,NULL,NULL
47,5333,5,wcReportDatePkr,First Reported Date,RadDateTimePicker,37,ReportDate,First Reported Date,1,First Reported Date is required,0,NULL,NULL,NULL,NULL,ReportedDate,NULL,NULL,NULL
48,5333,5,wcReporterContactTB,First Reported Contact Phone,TextBox,38,ReporterContact,First Reported Contact Phone,1,First Reported Contact Phone is required,0,NULL,NULL,NULL,NULL,ReporterPhone,NULL,NULL,NULL
49,5333,5,wcFirstRepToCombo,First Reported To,RadComboBox,40,FirstRepTo,First Reported To,1,First Reported To is required,0,NULL,NULL,NULL,NULL,ReportedTo,NULL,NULL,NULL
50,5333,5,wcSelfReportHdrLabel,Self Report,Label,43,SelfReportHdr,Self Report,1,NULL,0,1,NULL,NULL,NULL,Self Report,NULL,NULL,NULL
51,5333,5,wcSelfRepDt,Date First Self-Reported,RadDateTimePicker,44,SelfRep,Date First Self-Reported,1,Date First Self-Reported is required,0,NULL,NULL,NULL,NULL,SelfReportDate,NULL,NULL,NULL
52,5333,5,wcSelfRepToCombo,Self-Reported To,RadComboBox,45,SelfRepTo,Self-Reported To,1,Self-Reported To is required,0,NULL,NULL,NULL,NULL,SelfReportTo,NULL,NULL,NULL
53,5333,5,wcNotifyHdrLabel,Notifications,Label,46,NotifyHdr,Notifications,1,NULL,0,1,NULL,NULL,NULL,,NULL,NULL,NULL
54,5333,5,wcNotfWHSChk,Notify Work Health and Safety Officer(s)?,CheckBox,48,NotfWHS,Notify Work Health and Safety Officer(s)?,1,Answer is required,0,NULL,NULL,NULL,NULL,NotifyWorkHealthAndSafetyOfficers,NULL,NULL,NULL
55,5333,5,wcNotAuthChk,Notify Relevant Authority?,CheckBox,49,NotAuth,Notify Relevant Authority?,1,Answer is required,0,NULL,NULL,NULL,NULL,NotifyAuthority,NULL,NULL,NULL
56,5333,5,wcOthSendNotifyBtn,Notify other persons,Button,51,OthSendNotify,Notify other persons,1,NULL,0,NULL,NULL,NULL,NULL,NotifyOtherPeople,NULL,NULL,NULL
57,5333,5,wcWitnessRptr,Witnesses,Table,52,WitnessTable,Witnesses,1,NULL,0,NULL,1,NULL,NULL,Witnesses,NULL,NULL,NULL
58,5334,5,wcPersonInvRPI,Person Involved,SECTION,1,PersonInv,Person Involved,1,NULL,0,NULL,0,wcPersonInvRPI,NULL,Person Involved,NULL,NULL,NULL
59,5334,5,wcEmployeeListing,Person Involved,RadComboBox,2,EmployeeListing,Person Involved,1,Person Involved is required,0,NULL,NULL,wcPersonInvRPI,NULL,PersonInvolveSource,NULL,NULL,NULL
60,5334,5,wcEmpFNameTB,First Name,TextBox,3,EmpFName,First Name,1,First Name is required,1,NULL,NULL,wcPersonInvRPI,NULL,PersonInvolveFirstname,NULL,NULL,NULL
61,5334,5,wcEmpLNameTB,Last Name,TextBox,4,EmpLName,Last Name,1,Last Name is required,1,NULL,NULL,wcPersonInvRPI,NULL,PersonInvolveLastname,NULL,NULL,NULL
62,5334,5,wcContractorCompanyCmb,Contractor Company,RadComboBox,6,ContractorCompany,Contractor Company,1,Contractor Company is required,0,NULL,NULL,wcPersonInvRPI,NULL,ContractorCompany,NULL,NULL,NULL
63,5334,5,wcLocationIDRadCombo,Employment Location,RadComboBox,7,LocationID,Employment Location,1,Employment Location is required,0,NULL,NULL,wcPersonInvRPI,NULL,LocationName,NULL,NULL,NULL
64,5334,5,wcEmpLocationTB,Location Address,TextBox,8,EmpLocation,Location Address,1,Location Address is required,0,NULL,NULL,wcPersonInvRPI,NULL,Location Address,NULL,NULL,NULL
65,5334,5,wcEmpDivisionCmb,Employment Division,RadComboBox,9,EmpDivision,Employment Division,1,Employment Division is required,0,NULL,NULL,wcPersonInvRPI,NULL,Employment Division,NULL,NULL,NULL
66,5334,5,wcEmpDeptCmb,Employment Department,RadComboBox,10,EmpDept,Employment Department,1,Employment Department is required,0,NULL,NULL,wcPersonInvRPI,NULL,Employment Department,NULL,NULL,NULL
67,5334,5,wcEmpTitleCmb,Job Title,RadComboBox,12,EmpTitle,Job Title,1,Job Title is required,0,NULL,NULL,wcPersonInvRPI,NULL,Job Title,NULL,NULL,NULL
68,5334,5,wcOccupationCombo,Occupation,RadComboBox,13,Occupation,Occupation,1,Occupation is required,0,NULL,NULL,wcPersonInvRPI,NULL,Occupation,NULL,NULL,NULL
69,5334,5,wcEmpJobDescTB,Job Description,TextBox,14,EmpJobDesc,Job Description,1,Job Description is required,0,NULL,NULL,wcPersonInvRPI,NULL,Job Description,NULL,NULL,NULL
70,5334,5,wcHrsPrWkTB,Hours Per Week,RadNumericTextBox,15,HrsPrWk,Hours Per Week,1,Hours Per Week is required,0,NULL,NULL,wcPersonInvRPI,NULL,Hours Per Week,NULL,NULL,NULL
71,5334,5,wcIndustryCombo,Industry,RadComboBox,16,Industry,Industry,1,Industry is required,0,NULL,NULL,wcPersonInvRPI,NULL,Industry,NULL,NULL,NULL
72,5334,5,wcEmpDateEmployedPkr,Date Employed,RadDatePicker,17,EmpDateEmployed,Date Employed,1,Date Employed is required,0,NULL,NULL,wcPersonInvRPI,NULL,Date Employed,NULL,NULL,NULL
73,5334,5,wcReportsToCmb,Reports To,RadComboBox,19,ReportsTo,Reports To,1,Reports To is required,0,NULL,NULL,wcPersonInvRPI,NULL,ReportsToID,NULL,NULL,NULL
74,5334,5,wcEmploymentCatCombo,Employment Category,RadComboBox,21,EmploymentCat,Employment Category,1,Employment Category is required,0,NULL,NULL,wcPersonInvRPI,NULL,Employment Category,NULL,NULL,NULL
75,5334,5,wcDOBPkr,Date of Birth,RadDatePicker,22,DOB,Date of Birth,1,Date of Birth is required,0,NULL,NULL,wcPersonInvRPI,NULL,PersonInvolveDateOfBirth,NULL,NULL,NULL
76,5334,5,wcAgeTB,Age,RadNumericTextBox,23,Age,Age,1,Age is required,0,NULL,NULL,wcPersonInvRPI,NULL,Age,NULL,NULL,NULL
77,5334,5,wcSexMrdo,Sex,RadioButton,24,Sex,Sex,1,Sex is required,0,NULL,NULL,wcPersonInvRPI,NULL,Sex,NULL,NULL,NULL
78,5334,5,wcPhoneTB,Phone Number,TextBox,25,Phone,Phone Number,1,Phone Number is required,0,NULL,NULL,wcPersonInvRPI,NULL,PersonInvolvePhone,NULL,NULL,NULL
79,5334,5,wcEmpCommentsTB,Other Information,TextBox,26,EmpComments,Other Information,1,Other Information is required,0,NULL,NULL,wcPersonInvRPI,NULL,PersonInvolveOtherInfo,NULL,NULL,NULL
80,5334,5,wcIncidentDetRPI,Incident Details,SECTION,27,IncidentDet,Incident Details,1,NULL,0,NULL,0,wcIncidentDetRPI,NULL,Incident Details,NULL,NULL,NULL
81,5334,5,wcProjNameCmb,Project,RadComboBox,28,ProjName,Project,1,Project is required,0,NULL,NULL,wcIncidentDetRPI,NULL,ProjectName,NULL,NULL,NULL
82,5334,5,wcProjSiteNameLbl,Site Name,Label,29,ProjSiteName,Site Name,1,Site Name is required,0,NULL,NULL,wcIncidentDetRPI,NULL,SiteName,NULL,NULL,NULL
83,5334,5,wcKitRadListBox,Involvement of Assets/Equipment,RadListBox,30,Kit,Involvement of Assets/Equipment,1,Involvement of Assets/Equipment is required,0,NULL,NULL,wcIncidentDetRPI,NULL,InvolvementOfAssetsEquipment,NULL,NULL,NULL
84,5334,5,wcProductListRadLB,Involvement of Chemicals,RadListBox,31,Products,Involvement of Chemicals,1,Involvement of Chemicals is required,0,NULL,NULL,wcIncidentDetRPI,NULL,InvolvementOfChemicals,NULL,NULL,NULL
85,5334,5,wcPoliceStnTB,"Police station incident reported to, if applicable",TextBox,32,PoliceStn,"Police station incident reported to, if applicable",1,Police station is required,0,NULL,NULL,wcIncidentDetRPI,NULL,PoliceStationReportedTo,NULL,NULL,NULL
86,5334,5,wcInjuryHdrLabel,Injury,Label,35,InjuryHdr,Injury,1,NULL,0,1,NULL,wcIncidentDetRPI,NULL,Injury,NULL,NULL,NULL
87,5334,5,wcInjNotDtPkr,Date Injury/Condition First Noticed,RadDatePicker,36,InjNotDt,Date Injury/Condition First Noticed,1,Date Injury/Condition First Noticed is required,0,NULL,NULL,wcIncidentDetRPI,NULL,DateInjuryFirstNoticed,NULL,NULL,NULL
88,5334,5,wcIJTTB,Nature of Injury/Illness,TextBox,37,IJType,Nature of Injury/Illness,1,Nature of Injury/Illness is required,0,NULL,NULL,wcIncidentDetRPI,NULL,NatureOfInjury,NULL,NULL,NULL
89,5334,5,wcInjuryMechTB,Mechanism of Injury,TextBox,38,InjuryMech,Mechanism of Injury,1,Mechanism of Injury is required,0,NULL,NULL,wcIncidentDetRPI,NULL,InjuryMechanism,NULL,NULL,NULL
90,5334,5,wcBodyPartTB,Body Parts Harmed,TextBox,39,BodyPart,Body Parts Harmed,1,Body Parts Harmed is required,0,NULL,NULL,wcIncidentDetRPI,NULL,HarmedBodyParts,NULL,NULL,NULL
91,5334,5,wcIncidentHdrLabel,Incident,Label,41,IncidentHdr,Incident,1,NULL,0,1,NULL,wcIncidentDetRPI,"INCENVIRO,INCPROP",Incident,NULL,NULL,NULL
92,5334,5,wcEmpInvRadLB,Person(s) Involved,RadListBox,42,EmpInv,Person(s) Involved,1,Person(s) Involved is required,0,NULL,NULL,wcIncidentDetRPI,"INCENVIRO,INCPROP",IncidentPersonsInvolved,NULL,NULL,NULL
93,5334,5,wcTypeLossCombo,Type of Loss,RadComboBox,43,TypeLoss,Type of Loss,1,Type of Loss is required,0,NULL,NULL,wcIncidentDetRPI,"INCENVIRO,INCPROP",TypeOfLoss,NULL,NULL,NULL
94,5334,5,wcMatQtyVolTB,Quantity or volume of material escaped or causing incident (estimate if unknown),TextBox,44,MatQtyVol,Quantity or volume of material escaped or causing incident (estimate if unknown),1,Quantity or volume of material is required,0,NULL,NULL,wcIncidentDetRPI,INCENVIRO,MaterialQtyVol,NULL,NULL,NULL
95,5334,5,wcWaterWyDistTB,Estimated distance to nearest waterway (including stormwater drains and dry watercourses),TextBox,45,WaterWyDist,Estimated distance to nearest waterway (including stormwater drains and dry watercourses),1,Estimated distance to waterway of material is required,0,NULL,NULL,wcIncidentDetRPI,INCENVIRO,WaterwayDistance,NULL,NULL,NULL
96,5334,5,wcDamageDesc,Description of damage/implications,TextBox,46,DamageDesc,Description of damage/implications,1,Description of damage/implications is required,0,NULL,NULL,wcIncidentDetRPI,"INCENVIRO,INCPROP",DamageDescscription,NULL,NULL,NULL
97,5334,5,wcCircumsTB,"Special circumstances of the day or location, if applicable",TextBox,47,Circums,"Special circumstances of the day or location, if applicable",1,Special circumstances is required,0,NULL,NULL,wcIncidentDetRPI,"INCENVIRO,INCPROP",Circumstance,NULL,NULL,NULL
98,5334,5,wcCircumsTB,How was the incident identified?,RadComboBox,48,IncIdent,How was the incident identified?,1,Incident identification is required,0,NULL,NULL,wcIncidentDetRPI,INCENVIRO,IncidentIdentified,NULL,NULL,NULL
99,5334,5,wcComplntDetTB,"Name/contact details of complainant, if applicable",TextBox,49,ComplntDet,"Name/contact details of complainant, if applicable",1,Complainant details is required,0,NULL,NULL,wcIncidentDetRPI,"INCENVIRO,INCPROP",ComplainantDetails,NULL,NULL,NULL
100,5334,5,wcMthdEntTB,"If burglary/theft occurred, describe the method of entry",TextBox,50,MthdEnt,"If burglary/theft occurred, describe the method of entry",1,Method of entry is required,0,NULL,NULL,wcIncidentDetRPI,"INCENVIRO,INCPROP",MethodofEntry,NULL,NULL,NULL
101,5334,5,wcEnviroCatHdrLabel,Environmental incident category:,Label,51,EnviroCatHdr,Environmental incident category:,1,NULL,0,1,NULL,wcIncidentDetRPI,INCENVIRO,Environmental incident category:,NULL,NULL,NULL
102,5334,5,wcEnvCat1Combo,Potential Category 1 Incident,RadComboBox,52,EnvCat1,Potential Category 1 Incident,1,Potential Category 1 Incident is required,0,NULL,NULL,wcIncidentDetRPI,INCENVIRO,PotentialCategory1Incident,NULL,NULL,NULL
103,5334,5,wcEnvCat2Combo,Potential Category 2 Incident,RadComboBox,53,EnvCat2,Potential Category 2 Incident,1,Potential Category 2 Incident is required,0,NULL,NULL,wcIncidentDetRPI,INCENVIRO,PotentialCategory2Incident,NULL,NULL,NULL
104,5334,5,wcActivityHdrLabel,Activity,Label,54,ActivityHdr,Activity,1,NULL,0,1,NULL,wcIncidentDetRPI,NULL,Activity,NULL,NULL,NULL
105,5334,5,wcActivityChkLst,Duty status,CheckBox,55,ActivityChkLst,Duty status,1,Duty status is required,0,NULL,NULL,wcIncidentDetRPI,NULL,DutyStatus,NULL,NULL,NULL
106,5334,5,wcShiftStCombo,Shift,RadComboBox,56,ShiftSt,Shift,1,Shift is required,0,NULL,NULL,wcIncidentDetRPI,NULL,ShiftStart,NULL,NULL,NULL
107,5334,5,wcShiftPropCombo,Proportion worked,RadComboBox,57,ShiftProp,Proportion worked,1,Proportion worked is required,0,NULL,NULL,wcIncidentDetRPI,NULL,ShiftProportion,NULL,NULL,NULL
108,5334,5,wcTaskPerfTB,Activity that caused incident/tasks performed when incident occurred,TextBox,58,TaskPerf,Activity that caused incident/tasks performed when incident occurred,1,Activity is required,0,NULL,NULL,wcIncidentDetRPI,NULL,TaskPerformed,NULL,NULL,NULL
109,5334,5,wcEmpSupervisionCombo,Supervision,RadComboBox,59,EmpSupervision,Supervision,1,Supervision is required,0,NULL,NULL,wcIncidentDetRPI,NULL,Supervision,NULL,NULL,NULL
110,5334,5,wcCauseHazHdrLabel,Cause and hazards,Label,60,CauseHazHdr,Cause and hazards,1,NULL,0,1,NULL,wcIncidentDetRPI,NULL,Cause and hazards,NULL,NULL,NULL
111,5334,5,wcIdentHazRLV,Hazard(s) that  caused incident,Table,61,HazardsTable,Hazard(s) that  caused incident,1,NULL,0,NULL,1,wcIncidentDetRPI,NULL,Hazards,NULL,NULL,NULL
112,5334,5,wcAgencyIncCombo,Agency of Incident,RadComboBox,62,AgencyInc,Agency of Incident,1,Agency of Incident is required,0,NULL,NULL,wcIncidentDetRPI,NULL,AgencyofIncident,NULL,NULL,NULL
113,5334,5,wcHazardsQFTB,Hazards Quick Fix,TextBox,63,HazardsQF,Hazards Quick Fix,1,Hazards Quick Fix is required,0,NULL,NULL,wcIncidentDetRPI,NULL,HazardQuickFix,NULL,NULL,NULL
114,5334,5,wcDetCommentsTB,Other Details,TextBox,64,DetComments,Other Details,1,Other Details is required,0,NULL,NULL,wcIncidentDetRPI,NULL,HazardOtherDetails,NULL,NULL,NULL
115,5334,5,wcTreatmentRPI,Treatment Details,SECTION,65,Treatment,Treatment Details,1,NULL,0,NULL,0,wcTreatmentRPI,NULL,Treatment Details,NULL,NULL,NULL
116,5334,5,wcFADetTB,First Aid Details,TextBox,66,FADet,First Aid Details,1,First Aid Details is required,0,NULL,NULL,wcTreatmentRPI,NULL,FirstAidDeteails,NULL,NULL,NULL
117,5334,5,wcMedTrmtTB,Medical Treatment Beyond First Aid,TextBox,67,MedTrmt,Medical Treatment Beyond First Aid,1,Medical Treatment Details is required,0,NULL,NULL,wcTreatmentRPI,NULL,MedicalTreatment,NULL,NULL,NULL
118,5334,5,wcDocTB,Doctor,TextBox,68,Doc,Doctor,1,Doctor is required,0,NULL,NULL,wcTreatmentRPI,NULL,Doctor,NULL,NULL,NULL
119,5334,5,wcDocPracticeTB,Practice,TextBox,69,DocPractice,Practice,1,Practice is required,0,NULL,NULL,wcTreatmentRPI,NULL,DoctorPractice,NULL,NULL,NULL
120,5334,5,wcDocPhTB,Contact Phone,TextBox,70,DocPh,Contact Phone,1,Doctor contact phone is required,0,NULL,NULL,wcTreatmentRPI,NULL,DoctorPhone,NULL,NULL,NULL
121,5334,5,wcDocEmailTB,Email Address,TextBox,71,DocEmail,Email Address,1,Doctor Email Address is required,0,NULL,NULL,wcTreatmentRPI,NULL,DoctorEmail,NULL,NULL,NULL
122,5334,5,wcDateCeasedPkr,Date/Time ceased work,RadDateTimePicker,72,DateCeased,Date/Time ceased work,1,Doctor Email Address is required,0,NULL,NULL,wcTreatmentRPI,NULL,DateCeasedWork,NULL,NULL,NULL
123,5334,5,wcTimeLostTB,Time Lost from Work,RadNumericTextBox,73,TimeLost,Time Lost from Work,1,Time Lost from Work is required,0,NULL,NULL,wcTreatmentRPI,NULL,TimeLost,NULL,NULL,NULL
124,5334,5,wcTrmtCommentsTB,Other Treatment Details,TextBox,74,TrmtComments,Other Treatment Details,1,Other Treatment Details is required,0,NULL,NULL,wcTreatmentRPI,NULL,OtherTreatmentDetails,NULL,NULL,NULL
126,5334,5,wcPerEnvConditionHdrLabel,PERSON CONDITION / EQUIPMENT / ENVIRONMENT,Label,76,PerEnvConditionHdr,PERSON CONDITION / EQUIPMENT / ENVIRONMENT,1,NULL,0,1,NULL,wcIncAssmtRPI,INCEMP,PERSON CONDITION / EQUIPMENT / ENVIRONMENT,NULL,NULL,NULL
127,5334,5,wcEmpCondrdoYes,Was the person in good health/physically capable of doing the task?,RadioButton,77,EmpCondDet,Was the person in good health/physically capable of doing the task?,1,Answer is required,0,NULL,NULL,wcIncAssmtRPI,INCEMP,EmpGoodHealth,NULL,NULL,NULL
128,5334,5,wcInvolveSharpYes,Incident involved sharps?,RadioButton,78,InvolveSharp,Incident involved sharps?,1,Answer is required,0,NULL,NULL,wcIncAssmtRPI,INCEMP,InvolvedSharps,NULL,NULL,NULL
129,5334,5,wcHepTestYes,Is the person subsequently tested for hepatitis B or hepatitis C ?,RadioButton,79,HepTest,Is the person subsequently tested for hepatitis B or hepatitis C ?,1,Answer is required,0,NULL,NULL,wcIncAssmtRPI,INCEMP,HepaTested,NULL,NULL,NULL
130,5334,5,wcPPEWornYes,Should PPE have been worn?,RadioButton,80,PPEWorn,Should PPE have been worn?,1,Answer is required,0,NULL,NULL,wcIncAssmtRPI,INCEMP,PPEWorn,NULL,NULL,NULL
131,5334,5,wcPPEAvailYes,Was PPE available ?,RadioButton,81,PPEAvail,Was PPE available ?,1,Answer is required,0,NULL,NULL,wcIncAssmtRPI,INCEMP,PPEAvailable,NULL,NULL,NULL
132,5334,5,wcPPEUsedYes,Was PPE Used?,RadioButton,82,PPEUsed,Was PPE Used?,1,Answer is required,0,NULL,NULL,wcIncAssmtRPI,NULL,PPEUsed,NULL,NULL,NULL
133,5334,5,wcEquipEnviroHdrLabel,EQUIPMENT/ENVIRONMENT,Label,83,EquipEnviroHdr,EQUIPMENT/ENVIRONMENT,1,NULL,0,1,NULL,wcIncAssmtRPI,"INCENVIRO,INCPROP",EQUIPMENT/ENVIRONMENT,NULL,NULL,NULL
134,5334,5,wcAlarmAppRdo1,Is there an alarm system applicable to the incident ?,RadioButton,84,AlarmApp,Is there an alarm system applicable to the incident ?,1,Answer is required,0,NULL,NULL,wcIncAssmtRPI,"INCENVIRO,INCPROP",AlarmOperate,NULL,NULL,NULL
135,5334,5,wcAlarmOptRdo1,"If an alarm system is applicable, did it operate ?",RadioButton,85,AlarmOpt,"If an alarm system is applicable, did it operate ?",1,Answer is required,0,NULL,NULL,wcIncAssmtRPI,"INCENVIRO,INCPROP","If an alarm system is applicable, did it operate ?",NULL,NULL,NULL
136,5334,5,wcTrainProcHdrLabel,TRAINING / PROCEDURES,Label,86,TrainProcHdr,TRAINING / PROCEDURES,1,NULL,0,1,NULL,wcIncAssmtRPI,NULL,TRAINING / PROCEDURES,NULL,NULL,NULL
137,5334,5,wcwrittenProcYes,Were there written/known procedures for this task?,RadioButton,87,writtenProc,Were there written/known procedures for this task?,1,Answer is required,0,NULL,NULL,wcIncAssmtRPI,NULL,WrittenProcedures,NULL,NULL,NULL
138,5334,5,wcAntcpteYes,Did the procedures anticipate the factors which led to the incident?,RadioButton,88,Antcpte,Did the procedures anticipate the factors which led to the incident?,1,Answer is required,0,NULL,NULL,wcIncAssmtRPI,NULL,AnticipateFactors,NULL,NULL,NULL
139,5334,5,wcEmpTrainedYes,Had the person been trained to competence?,RadioButton,89,EmpTrained,Had the person been trained to competence?,1,Answer is required,0,NULL,NULL,wcIncAssmtRPI,NULL,EmployeeTraining,NULL,NULL,NULL
140,5334,5,wcEmpDeviateYes,Did the person deviate from procedures / training ?,RadioButton,90,EmpDeviate,Did the person deviate from procedures / training ?,1,Answer is required,0,NULL,NULL,wcIncAssmtRPI,NULL,EmployeeDeviate,NULL,NULL,NULL
141,5334,5,wcHazIdentMgmtHdrLabel,HAZARD IDENTIFICATION AND MANAGEMENT,Label,92,HazIdentMgmtHdr,HAZARD IDENTIFICATION AND MANAGEMENT,1,NULL,0,1,NULL,wcIncAssmtRPI,NULL,HAZARD IDENTIFICATION AND MANAGEMENT,NULL,NULL,NULL
142,5334,5,wcHazardDetTB,Hazard Details,TextBox,93,HazardDet,Hazard Details,1,Hazard Details is required,0,NULL,NULL,wcIncAssmtRPI,NULL,HazardDetails,NULL,NULL,NULL
143,5334,5,wcAsstKitRadListBox,Involvement of Assets/Equipment,RadListBox,94,AsstKit,Involvement of Assets/Equipment,1,Asset/Equipment is required,0,NULL,NULL,wcIncAssmtRPI,NULL,HazardAssets,NULL,NULL,NULL
144,5334,5,wcAsstProductListRadLB,Involvement of Chemicals,RadListBox,95,AsstProductList,Involvement of Chemicals,1,Chemical is required,0,NULL,NULL,wcIncAssmtRPI,NULL,HazardChemicals,NULL,NULL,NULL
145,5334,5,wcRiskHazYes,"Were there written Risk Assessment, JSA or SWMS ?",RadioButton,96,RiskHaz,"Were there written Risk Assessment, JSA or SWMS ?",1,Answer is required,0,NULL,NULL,wcIncAssmtRPI,NULL,RiskAssessmentConducted,NULL,NULL,NULL
146,5334,5,wcRAReqYes,New/Updated RA/JSA/SWMS Required?,RadioButton,97,RAReq,New/Updated RA/JSA/SWMS Required?,1,Answer is required,0,NULL,NULL,wcIncAssmtRPI,NULL,RiskAssessmentRequired,NULL,NULL,NULL
147,5334,5,wcRAListBox,"Link Risk Assessment, JSA or SWMS",RadListBox,98,RAList,"Link Risk Assessment, JSA or SWMS",1,Linked record is required,0,NULL,NULL,wcIncAssmtRPI,NULL,LinkedRiskAssessment,NULL,NULL,NULL
148,5334,5,wcChangeEnvYes,Changes to work environment required ?,RadioButton,99,ChangeEnv,Changes to work environment required ?,1,Answer is required,0,NULL,NULL,wcIncAssmtRPI,NULL,EnvironmentChangesRequired,NULL,NULL,NULL
149,5334,5,wcModEquipYes,Modifications or repairs to Equipment Required ?,RadioButton,100,ModEquip,Modifications or repairs to Equipment Required ?,1,Answer is required,0,NULL,NULL,wcIncAssmtRPI,NULL,ModificationRequired,NULL,NULL,NULL
150,5334,5,wcAddPPEYes,Additions / Changes to PPE Required ?,RadioButton,101,AddPPE,Additions / Changes to PPE Required ?,1,Answer is required,0,NULL,NULL,wcIncAssmtRPI,NULL,AddPPERequired,NULL,NULL,NULL
151,5334,5,wcAddTrngYes,Additional Training Required ?,RadioButton,102,AddTrng,Additional Training Required ?,1,Answer is required,0,NULL,NULL,wcIncAssmtRPI,NULL,AddTrainingRequired,NULL,NULL,NULL
152,5334,5,wcCurrRiskHdrLabel,CURRENT RISKS,Label,103,CurrRiskHdr,CURRENT RISKS,1,NULL,0,1,NULL,wcIncAssmtRPI,NULL,CURRENT RISKS,NULL,NULL,NULL
153,5334,5,wcFreqExpRadCombo,Frequency of  incident,RadComboBox,104,FreqExp,Frequency of  incident,1,Frequency of  incident is required,0,NULL,NULL,wcIncAssmtRPI,NULL,FrequencyOfIncident,NULL,NULL,NULL
154,5334,5,wcPossExpRadCombo,Possibility of adverse effects from exposure to hazard,RadComboBox,105,PossExp,Possibility of adverse effects from exposure to hazard,1,Possibility of adverse effects is required,0,NULL,NULL,wcIncAssmtRPI,NULL,PossibilityAdverse,NULL,NULL,NULL
155,5334,5,wcImpactLevelRadCombo,Potential impact level of hazard(s) as determinded from risk factor(s) and consequences,RadComboBox,106,ImpactLevel,Potential impact level of hazard(s) as determinded from risk factor(s) and consequences,1,Potential impact level is required,0,NULL,NULL,wcIncAssmtRPI,NULL,ImpactLevel,NULL,NULL,NULL
156,5334,5,wcRecmdedLabel,Recommended Risk Significance,Label,107,RecmdedRsk,Recommended Risk Significance,1,NULL,0,NULL,NULL,wcIncAssmtRPI,NULL,RecommendedRisk,NULL,NULL,NULL
157,5334,5,wcRiskScoreRadCombo,Determine the significance of the risk associated with this incident,RadComboBox,108,RiskScore,Determine the significance of the risk associated with this incident,1,Risk significance is required,0,NULL,NULL,wcIncAssmtRPI,NULL,ExposureProbabilityMatrix,NULL,NULL,NULL
158,5334,5,wcResRiskHdrLabel,RESIDUAL RISKS,Label,109,ResRiskHdr,RESIDUAL RISKS,1,NULL,0,1,NULL,wcIncAssmtRPI,NULL,RESIDUAL RISKS,NULL,NULL,NULL
159,5334,5,wcRRFreqExpRadCombo,Frequency of  incident,RadComboBox,110,RRFreqExp,Frequency of  incident,1,Frequency of  incident is required,0,NULL,NULL,wcIncAssmtRPI,NULL,ResidualFrequencyOfIncident,NULL,NULL,NULL
160,5334,5,wcRRPossExpRadCombo,Possibility of adverse effects from exposure to hazard,RadComboBox,111,RRPossExp,Possibility of adverse effects from exposure to hazard,1,Possibility of adverse effects is required,0,NULL,NULL,wcIncAssmtRPI,NULL,ResidualPossibilityAdverse,NULL,NULL,NULL
161,5334,5,wcRRImpactLevelRadCombo,Potential impact level of hazard(s) as determinded from risk factor(s) and consequences,RadComboBox,112,RRImpactLevel,Potential impact level of hazard(s) as determinded from risk factor(s) and consequences,1,Potential impact level is required,0,NULL,NULL,wcIncAssmtRPI,NULL,ResidualImpactLevel,NULL,NULL,NULL
162,5334,5,wcRRRecmdedRskLabel,Recommended Risk Significance,Label,113,RRRecmdedRsk,Recommended Risk Significance,1,NULL,0,NULL,NULL,wcIncAssmtRPI,NULL,ResidualRecommendedRisk,NULL,NULL,NULL
163,5334,5,wcRRRiskScoreRadCombo,Determine the significance of the risk associated with this incident,RadComboBox,114,RRRiskScore,Determine the significance of the risk associated with this incident,1,Risk significance is required,0,NULL,NULL,wcIncAssmtRPI,NULL,ResidualExposureProbabilityMatrix,NULL,NULL,NULL
164,5333,5,wcActNotSevereCmb,Actual Severity,RadComboBox,34,ActNotSevere,Actual Severity,1,Actual Severity is required,0,NULL,NULL,NULL,NULL,ActualSeverity,NULL,NULL,NULL
165,5333,5,wcNotInsChk,Notify Insurer?,CheckBox,50,NotIns,Notify Insurer?,1,Answer is required,0,NULL,NULL,NULL,NULL,NotifyInsurer,NULL,NULL,NULL
166,5334,5,wcEmpLengthYrTB,Length of employment,RadNumericTextBox,18,EmpLength,Length of employment,1,Length of employment is required,0,NULL,NULL,wcPersonInvRPI,NULL,Length of employment,NULL,NULL,NULL
167,5334,5,wcEmpTypeCmb,Employee Type,RadComboBox,20,EmpType,Employee Type,1,Employee Type is required,0,NULL,NULL,wcPersonInvRPI,NULL,Employee Type,NULL,NULL,NULL
168,5334,5,wcInvestigatorCmb,Investigator,RadComboBox,33,Investigator,Investigator,1,Investigator is required,0,NULL,NULL,wcIncidentDetRPI,NULL,Investigator,NULL,NULL,NULL
169,5334,5,wcOtherPeopleIvTB,Other people/parties involved,TextBox,34,OtherPeopleIv,Other people/parties involved,1,Other people/parties involved is required,0,NULL,NULL,wcIncidentDetRPI,NULL,OtherPartiesInvolved,NULL,NULL,NULL
170,5334,5,wcIsRecurYes,Is this a recurrence from previous injury?,RadioButton,40,IsRecur,Is this a recurrence from previous injury?,1,NULL,0,NULL,NULL,wcIncidentDetRPI,NULL,IsRecurrence,NULL,NULL,NULL
172,5334,5,wcAddProcDetTB,Additional details,RadTextBox,91,AddProcDet,Additional details,1,Additional details is required,0,NULL,NULL,wcIncAssmtRPI,NULL,AdditionalDetails,NULL,NULL,NULL
402,860,8,wcincat1,Action Type,RadioButton,NULL,incat,Action Type,1,Action Type is required,0,NULL,0,NULL,NULL,Action Type,NULL,NULL,NULL
403,860,8,wcActionCatCombo,Action Category,RadComboBox,NULL,ActionCat,Action Category,1,Action Category is required,0,NULL,0,NULL,NULL,Action Category,NULL,NULL,NULL
404,860,8,wcDescTB,Action to be Implemented,TextBox,NULL,Desc,Action to be Implemented,1,Action to be Implemented is required,1,NULL,0,NULL,NULL,ExtDesc,NULL,NULL,NULL
405,860,8,wcActionTypeCommTB,Action Comments,TextBox,NULL,ActionTypeComm,Action Comments,1,Action comments is required,0,NULL,0,NULL,NULL,Action Comments,NULL,NULL,NULL
406,860,8,wcCtrlStatusRadCombo,Status,RadComboBox,NULL,CtrlStatus,Status,1,Status is required,0,NULL,0,NULL,NULL,Status,NULL,NULL,NULL
407,860,8,wcPriorityCombo,Priority,RadComboBox,NULL,Priority,Priority,1,Priority is required,0,NULL,0,NULL,NULL,Priority,NULL,NULL,NULL
408,860,8,wcStartDtPkr,Start Date,RadDatePicker,NULL,StartDt,Start Date,1,Start Date is required,1,NULL,0,NULL,NULL,StartDt,NULL,NULL,NULL
409,860,8,wcDeadlinePkr,Deadline,RadDatePicker,NULL,Deadline,Deadline,1,Deadline is required,1,NULL,0,NULL,NULL,Deadline,NULL,NULL,NULL
410,860,8,wcImpldByRadCombo,To be Implemented By,RadComboBox,NULL,ImpldBy,To be Implemented By,1,To be Implemented By is required,0,NULL,0,NULL,NULL,To be Implemented By,NULL,NULL,NULL
411,860,8,wcEstCostTB,Estimated Cost,RadNumericTextBox,NULL,EstCost,Estimated Cost,1,Estimated Cost is required,0,NULL,0,NULL,NULL,Estimated Cost,NULL,NULL,NULL
412,860,8,wcTBFollowByCombo,To be Followed Up By,RadComboBox,NULL,TBFollowBy,To be Followed Up By,1,To be Followed Up By is required,0,NULL,0,NULL,NULL,To be Followed Up By,NULL,NULL,NULL
413,860,8,wcTBFollowDt,Follow up by date,RadDatePicker,NULL,TBFollowDt,Follow up by date,1,Follow up by date is required,0,NULL,0,NULL,NULL,Follow up by date,NULL,NULL,NULL
414,860,8,wcTBInvestgtCombo,To be Investigated  By,RadComboBox,NULL,TBInvestgt,To be Investigated  By,1,To be Investigated  By is required,0,NULL,0,NULL,NULL,To be Investigated  By,NULL,NULL,NULL
415,860,8,wcTBINvestgtDt,Investigate By Date,RadDatePicker,NULL,TBINvestgtDt,Investigate By Date,1,Investigate By Date is required,0,NULL,0,NULL,NULL,Investigate By Date,NULL,NULL,NULL
416,860,8,wcFollowedByCombo,Followed Up By,RadComboBox,NULL,FollowedBy,Followed Up By,1,Followed Up By is required,0,NULL,0,NULL,NULL,Followed Up By,NULL,NULL,NULL
417,860,8,wcFollowedDt,Followed up Date,RadDatePicker,NULL,FollowedDt,Followed up Date,1,Followed up Date is required,0,NULL,0,NULL,NULL,Followed up Date,NULL,NULL,NULL
418,860,8,wcInvestigtByCombo,Investigated By,RadComboBox,NULL,InvestigtBy,Investigated By,1,Investigated By is required,0,NULL,0,NULL,NULL,Investigated By,NULL,NULL,NULL
419,860,8,wcInvestgtDt,Investigated Date,RadDatePicker,NULL,InvestgtDt,Investigated Date,1,Investigated Date is required,0,NULL,0,NULL,NULL,Investigated Date,NULL,NULL,NULL
420,860,8,wcRevByRadCombo,Reviewed By,RadComboBox,NULL,RevBy,Reviewed By,1,Reviewed By is required,0,NULL,0,NULL,NULL,Reviewed By,NULL,NULL,NULL
421,860,8,wcRevwdDtPkr,Reviewed On,RadDatePicker,NULL,RevwdDt,Reviewed On,1,Reviewed On is required,0,NULL,0,NULL,NULL,Reviewed On,NULL,NULL,NULL
422,860,8,wcAppvdByRadCombo,Approved By,RadComboBox,NULL,AppvdBy,Approved By,1,Approved By is required,0,NULL,0,NULL,NULL,Approved By,NULL,NULL,NULL
423,860,8,wcAppvdDtPkr,Approved On,RadDatePicker,NULL,AppvdDt,Approved On,1,Approved On is required,0,NULL,0,NULL,NULL,Approved On,NULL,NULL,NULL
424,860,8,wcCompltdByRadCombo,Completed By,RadComboBox,NULL,CompltdBy,Completed By,1,Completed By is required,0,NULL,0,NULL,NULL,Completed By,NULL,NULL,NULL
425,860,8,wcCompltdOnDtPkr,Completed On,RadDatePicker,NULL,CompltdOnDt,Completed On,1,Completed On is required,0,NULL,0,NULL,NULL,Completed On,NULL,NULL,NULL
426,860,8,wcCommentsTB,Comments,TextBox,NULL,Comments,Comments,1,Comments is required,0,NULL,0,NULL,NULL,Comments,NULL,NULL,NULL
427,5339,6,wcCARTypeCmb,CAR Type,RadComboBox,NULL,CARType,CAR Type,1,CAR Type is required,1,NULL,0,NULL,NULL,CAR Type,NULL,NULL,NULL
428,5339,6,wcCARNoTB,CAR Number,TextBox,NULL,CARNo,CAR Number,1,CAR Number is required,1,NULL,0,NULL,NULL,CAR Number,NULL,NULL,NULL
429,5339,6,wcReportedByCombo,Instigated By,RadComboBox,NULL,ReportedBy,Instigated By,1,Instigated By is required,1,NULL,0,NULL,NULL,Instigated By,NULL,NULL,NULL
430,5339,6,wcMgtSysCmb,IMS System,RadComboBox,NULL,MgtSys,IMS System,1,IMS System is required,1,NULL,0,NULL,NULL,IMS System,NULL,NULL,NULL
431,5339,6,wcRespCombo,Person Responsible,RadComboBox,NULL,Resp,Person Responsible,1,Person Responsible is required,1,NULL,0,NULL,NULL,Person Responsible,NULL,NULL,NULL
432,5339,6,wcNotOthPRLB,Other parties to notify,RadListBox,NULL,NotOthP,Other parties to notify,1,Other parties to notify is required,0,NULL,0,NULL,NULL,Other parties to notify,NULL,NULL,NULL
433,5339,6,wcCreateDtLbl,Creation Date,Label,NULL,CreateDt,Creation Date,1,N/A,0,NULL,0,NULL,NULL,Creation Date,NULL,NULL,NULL
434,5339,6,wcDueDtPkr,Closing Date,RadDatePicker,NULL,DueDt,Closing Date,1,Closing Date is required,1,NULL,0,NULL,NULL,Closing Date,NULL,NULL,NULL
435,5339,6,wcDtCompletedPkr,Completion Date,RadDatePicker,NULL,DtCompleted,Completion Date,1,Completion Date is required,0,NULL,0,NULL,NULL,Completion Date,NULL,NULL,NULL
436,5339,6,wcTitleNameTB,Title,TextBox,NULL,TitleName,Title,1,Title is required,1,NULL,0,NULL,NULL,Title,NULL,NULL,NULL
437,5339,6,wcExtDescTB,Description of events,TextBox,NULL,ExtDesc,Description of events,1,Description of events is required,0,NULL,0,NULL,NULL,Description of events,NULL,NULL,NULL
438,5339,6,wcImmActionTB,Immediate Action Taken,RadTextBox,NULL,ImmAction,Immediate Action Taken,1,Immediate Action Taken is required,0,NULL,0,NULL,NULL,Immediate Action Taken,NULL,NULL,NULL
439,5339,6,wcStatusCombo,Status,RadComboBox,NULL,Status,Status,1,Status is required,0,NULL,0,NULL,NULL,StatusID,NULL,NULL,NULL
440,5339,6,wcPersonInvRPI,Person Involved,SECTION,NULL,PersonInv,Person Involved,1,N/A,0,NULL,0,wcPersonInvRPI,NULL,Person Involved,NULL,NULL,NULL
441,5339,6,wcEmployeeListing,Select Person Involved,RadComboBox,NULL,EmployeeListing,Select Person Involved,1,Person Involved is required,0,NULL,0,wcPersonInvRPI,NULL,Select Person Involved,NULL,NULL,NULL
442,5339,6,wcEmpFNameTB,First Name,TextBox,NULL,EmpFName,First Name,1,First Name is required,1,NULL,0,wcPersonInvRPI,NULL,First Name,NULL,NULL,NULL
443,5339,6,wcEmpLNameTB,Last Name,TextBox,NULL,EmpLName,Last Name,1,Last Name is required,1,NULL,0,wcPersonInvRPI,NULL,Last Name,NULL,NULL,NULL
444,5339,6,wcContractorCompanyCmb,Contractor Company,RadComboBox,NULL,ContractorCompany,Contractor Company,1,Contractor Company is required,0,NULL,0,wcPersonInvRPI,NULL,Contractor Company,NULL,NULL,NULL
445,5339,6,wcLocationIDRadCombo,Employment Location,RadComboBox,NULL,LocationID,Employment Location,1,Employment Location is required,0,NULL,0,wcPersonInvRPI,NULL,LocationName,NULL,NULL,NULL
446,5339,6,wcEmpLocationTB,Location Address,TextBox,NULL,EmpLocation,Location Address,1,Location Address is required,0,NULL,0,wcPersonInvRPI,NULL,Location Address,NULL,NULL,NULL
447,5339,6,wcEmpDivisionCmb,Employment Division,RadComboBox,NULL,EmpDivision,Employment Division,1,Employment Division is required,0,NULL,0,wcPersonInvRPI,NULL,Employment Division,NULL,NULL,NULL
448,5339,6,wcEmpDeptCmb,Employment Department,RadComboBox,NULL,EmpDept,Employment Department,1,Employment Department is required,0,NULL,0,wcPersonInvRPI,NULL,Employment Department,NULL,NULL,NULL
449,5339,6,wcEmpTitleCmb,Job Title,RadComboBox,NULL,EmpTitle,Job Title,1,Job Title is required,0,NULL,0,wcPersonInvRPI,NULL,Job Title,NULL,NULL,NULL
450,5339,6,wcOccupationCombo,Occupation,RadComboBox,NULL,Occupation,Occupation,1,Occupation is required,0,NULL,0,wcPersonInvRPI,NULL,Occupation,NULL,NULL,NULL
451,5339,6,wcEmpJobDescTB,Job Description,TextBox,NULL,EmpJobDesc,Job Description,1,Job Description is required,0,NULL,0,wcPersonInvRPI,NULL,Job Description,NULL,NULL,NULL
452,5339,6,wcHrsPrWkTB,Hours Per Week,RadNumericTextBox,NULL,HrsPrWk,Hours Per Week,1,Hours Per Week is required,0,NULL,0,wcPersonInvRPI,NULL,Hours Per Week,NULL,NULL,NULL
453,5339,6,wcIndustryCombo,Industry,RadComboBox,NULL,Industry,Industry,1,Industry is required,0,NULL,0,wcPersonInvRPI,NULL,Industry,NULL,NULL,NULL
454,5339,6,wcEmpDateEmployedPkr,Date Employed,RadDatePicker,NULL,EmpDateEmployed,Date Employed,1,Date Employed is required,0,NULL,0,wcPersonInvRPI,NULL,Date Employed,NULL,NULL,NULL
455,5339,6,wcEmpLengthYrTB,Length of employment,RadNumericTextBox,NULL,EmpLength,Length of employment,1,Length of employment is required,0,NULL,0,wcPersonInvRPI,NULL,Length of employment,NULL,NULL,NULL
456,5339,6,wcReportsToCmb,Reports To,RadComboBox,NULL,ReportsTo,Reports To,1,Reports To is required,0,NULL,0,wcPersonInvRPI,NULL,ReportsToID,NULL,NULL,NULL
457,5339,6,wcEmpTypeCmb,Employee Type,RadComboBox,NULL,EmpType,Employee Type,1,Employee Type is required,0,NULL,0,wcPersonInvRPI,NULL,Employee Type,NULL,NULL,NULL
458,5339,6,wcEmploymentCatCombo,Employment Category,RadComboBox,NULL,EmploymentCat,Employment Category,1,Employment Category is required,0,NULL,0,wcPersonInvRPI,NULL,Employment Category,NULL,NULL,NULL
459,5339,6,wcDOBPkr,Date of Birth,RadDatePicker,NULL,DOB,Date of Birth,1,Date of Birth is required,0,NULL,0,wcPersonInvRPI,NULL,Date of Birth,NULL,NULL,NULL
460,5339,6,wcAgeTB,Age,RadNumericTextBox,NULL,Age,Age,1,Age is required,0,NULL,0,wcPersonInvRPI,NULL,Age,NULL,NULL,NULL
461,5339,6,wcSexMrdo,Sex,RadioButton,NULL,Sex,Sex,1,Sex is required,0,NULL,0,wcPersonInvRPI,NULL,Sex,NULL,NULL,NULL
462,5339,6,wcPhoneTB,Phone Number,TextBox,NULL,Phone,Phone Number,1,Phone Number is required,0,NULL,0,wcPersonInvRPI,NULL,Phone Number,NULL,NULL,NULL
463,5339,6,wcEmpCommentsTB,Other Information,TextBox,NULL,EmpComments,Other Information,1,Other Information is required,0,NULL,0,wcPersonInvRPI,NULL,Other Information,NULL,NULL,NULL
464,5339,6,wcIncidentDetRPI,Incident Details,SECTION,NULL,IncidentDet,Incident Details,1,N/A,0,NULL,0,wcIncidentDetRPI,NULL,Incident Details,NULL,NULL,NULL
465,5339,6,wcIncidentTypeCombo,Incident Type,RadComboBox,NULL,IncidentType,Incident Type,1,Incident Type is required,1,NULL,0,wcIncidentDetRPI,NULL,Incident Type,NULL,NULL,NULL
466,5339,6,wcInitNotSevValLabel,IR Reported Severity,Label,NULL,InitNotSev,IR Reported Severity,1,N/A,0,NULL,0,wcIncidentDetRPI,NULL,IR Reported Severity,NULL,NULL,NULL
467,5339,6,wcActNotSevereCmb,Actual Severity,RadComboBox,NULL,ActNotSevere,Actual Severity,1,Actual Severity is required,0,NULL,0,wcIncidentDetRPI,NULL,Actual Severity,NULL,NULL,NULL
468,5339,6,wcDateofIncidentPkr,Incident Date and Time,RadDateTimePicker,NULL,DateofIncident,Incident Date and Time,1,Incident Date and Time is required,1,NULL,0,wcIncidentDetRPI,NULL,Incident Date and Time,NULL,NULL,NULL
469,5339,6,wcIncLocationIDRBL,Incident Location,RadioButtonList,NULL,IncLocationID,Incident Location,1,Incident Location is required,0,NULL,0,wcIncidentDetRPI,NULL,Incident Location,NULL,NULL,NULL
470,5339,6,wcLocationTB,Location Address,TextBox,NULL,IncLocation,Location Address,1,Incident Location is required,1,NULL,0,wcIncidentDetRPI,NULL,LocationAddr,NULL,NULL,NULL
471,5339,6,wcSpecificLocTB,Worksite Area/Specific Location Details,TextBox,NULL,SpecificLoc,Worksite Area/Specific Location Details,1,Worksite Area/Specific Location Details is required,0,NULL,0,wcIncidentDetRPI,NULL,LocationDet,NULL,NULL,NULL
472,5339,6,wcReportDatePkr,Date/Time reported,RadDateTimePicker,NULL,ReportDate,Date/Time reported,1,Date reported is required,0,NULL,0,wcIncidentDetRPI,NULL,Date/Time reported,NULL,NULL,NULL
473,5339,6,wcReporterContactTB,Reporter Contact Details,TextBox,NULL,ReporterContact,Reporter Contact Details,1,Reporter Contact Details is required,0,NULL,0,wcIncidentDetRPI,NULL,Reporter Contact Details,NULL,NULL,NULL
474,5339,6,wcFirstRepToCombo,Reported To,RadComboBox,NULL,FirstRepTo,Reported To,1,Reported To is required,0,NULL,0,wcIncidentDetRPI,NULL,Reported To,NULL,NULL,NULL
475,5339,6,wcSelfRepDt,Date Self-Reported,RadDateTimePicker,NULL,SelfRep,Date Self-Reported,1,Date Self-Reported is required,0,NULL,0,wcIncidentDetRPI,NULL,Date Self-Reported,NULL,NULL,NULL
476,5339,6,wcSelfRepToCombo,Self-Reported To,RadComboBox,NULL,SelfRepTo,Self-Reported To,1,Self-Reported To is required,0,NULL,0,wcIncidentDetRPI,NULL,Self-Reported To,NULL,NULL,NULL
477,5339,6,wcEstCostTB,Estimated Cost ($),RadNumericTextBox,NULL,EstCost,Estimated Cost ($),1,Estimated Cost is required,0,NULL,0,wcIncidentDetRPI,NULL,Estimated Cost ($),NULL,NULL,NULL
478,5339,6,wcActCostTB,Actual Cost ($),RadNumericTextBox,NULL,ActCost,Actual Cost ($),1,Actual Cost is required,0,NULL,0,wcIncidentDetRPI,NULL,Actual Cost ($),NULL,NULL,NULL
479,5339,6,wcAtFaultCmb,At Fault?,RadComboBox,NULL,AtFault,At Fault?,1,At Fault answer is required,0,NULL,0,wcIncidentDetRPI,NULL,At Fault?,NULL,NULL,NULL
480,5339,6,wcProjNameCmb,Project,RadComboBox,NULL,ProjName,Project,1,Project is required,0,NULL,0,wcIncidentDetRPI,NULL,Project,NULL,NULL,NULL
481,5339,6,wcProjSiteNameLbl,Site Name,Label,NULL,ProjSiteName,Site Name,1,Site Name is required,0,NULL,0,wcIncidentDetRPI,NULL,Site Name,NULL,NULL,NULL
482,5339,6,wcKitRadListBox,Involvement of Assets/Equipment,RadListBox,NULL,Kit,Involvement of Assets/Equipment,1,Assets/Equipment is required,0,NULL,0,wcIncidentDetRPI,NULL,Involvement of Assets/Equipment,NULL,NULL,NULL
483,5339,6,wcProductListRadLB,Involvement of Chemicals,RadListBox,NULL,Products,Involvement of Chemicals,1,Chemical(s) is required,0,NULL,0,wcIncidentDetRPI,NULL,Involvement of Chemicals,NULL,NULL,NULL
484,5339,6,wcPoliceStnTB,"Police station incident reported to, if applicable",TextBox,NULL,PoliceStn,"Police station incident reported to, if applicable",1,Police station is required,0,NULL,0,wcIncidentDetRPI,NULL,"Police station incident reported to, if applicable",NULL,NULL,NULL
485,5339,6,wcInjuryHdrLabel,Injury and Treatment,Label,NULL,InjuryHdr,Injury and Treatment,1,N/A,0,1,0,wcIncidentDetRPI,NULL,Injury and Treatment,NULL,NULL,NULL
486,5339,6,wcInjNotDtPkr,Date Injury/Condition First Noticed,RadDatePicker,NULL,InjNotDt,Date Injury/Condition First Noticed,1,Date Injury/Condition First Noticed is required,0,NULL,0,wcIncidentDetRPI,NULL,Date Injury/Condition First Noticed,NULL,NULL,NULL
487,5339,6,wcInjuryDetTB,Injury Details,RadTextBox,NULL,InjuryDet,Injury Details,1,Injury Details is required,0,NULL,0,wcIncidentDetRPI,NULL,Injury Details,NULL,NULL,NULL
488,5339,6,wcIJTTB,Nature of Injury/Illness,TextBox,NULL,IJType,Nature of Injury/Illness,1,Nature of Injury/Illness is required,1,NULL,0,wcIncidentDetRPI,NULL,Nature of Injury/Illness,NULL,NULL,NULL
489,5339,6,wcInjuryMechTB,Mechanism of Injury,TextBox,NULL,InjuryMech,Mechanism of Injury,1,Mechanism of Injury is required,0,NULL,0,wcIncidentDetRPI,NULL,Mechanism of Injury,NULL,NULL,NULL
490,5339,6,wcBodyPartTB,Body Parts Harmed,TextBox,NULL,BodyPart,Body Parts Harmed,1,Body Parts Harmed is required,0,NULL,0,wcIncidentDetRPI,NULL,Body Parts Harmed,NULL,NULL,NULL
491,5339,6,wcIMtrmtTB,Treatment obtained,RadTextBox,NULL,ImTrmt,Treatment obtained,1,Treatment obtained is required,0,NULL,0,wcIncidentDetRPI,NULL,Treatment obtained,NULL,NULL,NULL
492,5339,6,wcFADetTB,First Aid Details,RadTextBox,NULL,FADet,First Aid Details,1,First Aid Details is required,0,NULL,0,wcIncidentDetRPI,NULL,First Aid Details,NULL,NULL,NULL
493,5339,6,wcMedTrmtTB,Medical Treatment Beyond First Aid,RadTextBox,NULL,MedTrmt,Medical Treatment Beyond First Aid,1,Medical Treatment Beyond First Aid is required,0,NULL,0,wcIncidentDetRPI,NULL,Medical Treatment Beyond First Aid,NULL,NULL,NULL
494,5339,6,wcDocTB,Doctor,TextBox,NULL,Doc,Doctor,1,Doctor is required,0,NULL,0,wcIncidentDetRPI,NULL,Doctor,NULL,NULL,NULL
495,5339,6,wcDocPracticeTB,Practice,TextBox,NULL,DocPractice,Practice,1,Practice is required,0,NULL,0,wcIncidentDetRPI,NULL,Practice,NULL,NULL,NULL
496,5339,6,wcDocPhTB,Contact Phone,TextBox,NULL,DocPh,Contact Phone,1,Doctor contact phone is required,0,NULL,0,wcIncidentDetRPI,NULL,Contact Phone,NULL,NULL,NULL
497,5339,6,wcDocEmailTB,Email Address,TextBox,NULL,DocEmail,Email Address,1,Doctor Email Address is required,0,NULL,0,wcIncidentDetRPI,NULL,Email Address,NULL,NULL,NULL
498,5339,6,wcTrmtCommentsTB,Other Treatment Details,TextBox,NULL,TrmtComments,Other Treatment Details,1,Other Treatment Details is required,0,NULL,0,wcIncidentDetRPI,NULL,Other Treatment Details,NULL,NULL,NULL
499,5339,6,wcIsRecurYes,Is this a recurrence from a previous injury?,RadioButton,NULL,IsRecur,Is this a recurrence from a previous injury?,1,Answer is required,0,NULL,0,wcIncidentDetRPI,NULL,Is this a recurrence from a previous injury?,NULL,NULL,NULL
500,5339,6,wcDateCeasedPkr,Date/Time ceased work,RadDateTimePicker,NULL,DateCeased,Date/Time ceased work,1,Date/Time ceased work is required,0,NULL,0,wcIncidentDetRPI,NULL,Date/Time ceased work,NULL,NULL,NULL
501,5339,6,wcTimeLostTB,Time Lost from Work,RadNumericTextBox,NULL,TimeLost,Time Lost from Work,1,Time Lost from Work is required,0,NULL,0,wcIncidentDetRPI,NULL,Time Lost from Work,NULL,NULL,NULL
502,5339,6,wcOutsideAgncTB,"Outside agencies contacted/assitance required (e.g. Fire brigade, EPA, Workcover)",RadTextBox,NULL,OutsideAgnc,"Outside agencies contacted/assitance required (e.g. Fire brigade, EPA, Workcover)",1,Answer is required,0,NULL,0,wcIncidentDetRPI,NULL,"Outside agencies contacted/assitance required (e.g. Fire brigade, EPA, Workcover)",NULL,NULL,NULL
503,5339,6,wcActivityHdrLabel,Activity,Label,NULL,ActivityHdr,Activity,1,N/A,0,1,0,wcIncidentDetRPI,NULL,Activity,NULL,NULL,NULL
504,5339,6,wcActivityChkLst,Duty status,CheckBox,NULL,ActivityChkLst,Duty status,1,Duty status is required,0,NULL,0,wcIncidentDetRPI,NULL,Duty status,NULL,NULL,NULL
505,5339,6,wcShiftStCombo,Shift,RadComboBox,NULL,ShiftSt,Shift,1,Shift is required,0,NULL,0,wcIncidentDetRPI,NULL,Shift,NULL,NULL,NULL
506,5339,6,wcShiftPropCombo,Proportion worked,RadComboBox,NULL,ShiftProp,Proportion worked,1,Proportion worked is required,0,NULL,0,wcIncidentDetRPI,NULL,Proportion worked,NULL,NULL,NULL
507,5339,6,wcTaskPerfTB,Activity that caused incident/tasks performed when incident occurred,TextBox,NULL,TaskPerf,Activity that caused incident/tasks performed when incident occurred,1,Activity is required,0,NULL,0,wcIncidentDetRPI,NULL,Activity that caused incident/tasks performed when incident occurred,NULL,NULL,NULL
508,5339,6,wcEmpSupervisionCombo,Supervision,RadComboBox,NULL,EmpSupervision,Supervision,1,Supervision is required,0,NULL,0,wcIncidentDetRPI,NULL,Supervision,NULL,NULL,NULL
509,5339,6,wcNotifyHdrLabel,Notifications,Label,NULL,NotifyHdr,Notifications,1,N/A,0,1,0,wcIncidentDetRPI,NULL,Notifications,NULL,NULL,NULL
510,5339,6,wcNotfWHSChk,Notify Work Health and Safety Officer(s)?,CheckBox,NULL,NotfWHS,Notify Work Health and Safety Officer(s)?,1,Notify Work Health and Safety Officer(s) is required,0,NULL,0,wcIncidentDetRPI,NULL,Notify Work Health and Safety Officer(s)?,NULL,NULL,NULL
511,5339,6,wcNotAuthChk,Notify Relevant Authority?,CheckBox,NULL,NotAuth,Notify Relevant Authority?,1,Answer is required,0,NULL,0,wcIncidentDetRPI,NULL,Notify Relevant Authority?,NULL,NULL,NULL
512,5339,6,wcNotInsChk,Notify Insurer?,CheckBox,NULL,NotIns,Notify Insurer?,1,Answer is required,0,NULL,0,wcIncidentDetRPI,NULL,Notify Insurer?,NULL,NULL,NULL
513,5339,6,wcOthSendNotifyBtn,Notify other persons,Button,NULL,OthSendNotify,Notify other persons,1,N/A,0,NULL,0,wcIncidentDetRPI,NULL,Notify other persons,NULL,NULL,NULL
514,5339,6,wcEnviroCatHdrLabel,Environmental incident category:,TextBox,NULL,EnviroCatHdr,Environmental incident category:,1,N/A,0,1,0,wcIncidentDetRPI,NULL,Environmental incident category:,NULL,NULL,NULL
515,5339,6,wcEnvCat1Combo,Potential Category 1 Incident,RadComboBox,NULL,EnvCat1,Potential Category 1 Incident,1,Potential Category 1 Incident is required,0,NULL,0,wcIncidentDetRPI,NULL,Potential Category 1 Incident,NULL,NULL,NULL
516,5339,6,wcEnvCat2Combo,Potential Category 2 Incident,RadComboBox,NULL,EnvCat2,Potential Category 2 Incident,1,Potential Category 2 Incident is required,0,NULL,0,wcIncidentDetRPI,NULL,Potential Category 2 Incident,NULL,NULL,NULL
517,5339,6,wcFireDetHdrLabel,Fire incident details,Label,NULL,FireDetHdr,Fire incident details,1,N/A,0,1,0,wcIncidentDetRPI,NULL,Fire incident details,NULL,NULL,NULL
518,5339,6,wcFireDetectCmb,Fire detection equipment,CheckBoxList,NULL,FireDetect,Fire detection equipment,1,Fire detection equipment is required,0,NULL,0,wcIncidentDetRPI,NULL,Fire detection equipment,NULL,NULL,NULL
519,5339,6,wcSrcIgnitionCmb,Source of ignition,CheckBoxList,NULL,SrcIgnition,Source of ignition,1,Source of ignition is required,0,NULL,0,wcIncidentDetRPI,NULL,Source of ignition,NULL,NULL,NULL
520,5339,6,wcExtinguisMethCmb,Fire extinguishing method,CheckBoxList,NULL,ExtinguisMeth,Fire extinguishing method,1,Fire extinguishing method is required,0,NULL,0,wcIncidentDetRPI,NULL,Fire extinguishing method,NULL,NULL,NULL
521,5339,6,wcIncidentHdrLabel,Incident,Label,NULL,IncidentHdr,Incident,1,N/A,0,1,0,wcIncidentDetRPI,NULL,Incident,NULL,NULL,NULL
522,5339,6,wcEmpInvRadLB,Person(s) Involved,RadListBox,NULL,EmpInv,Person(s) Involved,1,Person(s) Involved is  required,0,NULL,0,wcIncidentDetRPI,NULL,Person(s) Involved,NULL,NULL,NULL
523,5339,6,wcTypeLossCombo,Type of Loss,RadComboBox,NULL,TypeLoss,Type of Loss,1,Type of Loss is  required,0,NULL,0,wcIncidentDetRPI,NULL,Type of Loss,NULL,NULL,NULL
524,5339,6,wcMatQtyVolTB,Quantity or volume of material escaped or causing incident (estimate if unknown),TextBox,NULL,MatQtyVol,Quantity or volume of material escaped or causing incident (estimate if unknown),1,Quantity or volume of material is required,0,NULL,0,wcIncidentDetRPI,NULL,Quantity or volume of material escaped or causing incident (estimate if unknown),NULL,NULL,NULL
525,5339,6,wcWaterWyDistTB,Estimated distance to nearest waterway (including stormwater drains and dry watercourses),TextBox,NULL,WaterWyDist,Estimated distance to nearest waterway (including stormwater drains and dry watercourses),1,Answer is required,0,NULL,0,wcIncidentDetRPI,NULL,Estimated distance to nearest waterway (including stormwater drains and dry watercourses),NULL,NULL,NULL
526,5339,6,wcDamageDesc,Description of damage/implications,TextBox,NULL,DamageDesc,Description of damage/implications,1,Description of damage/implications is required,0,NULL,0,wcIncidentDetRPI,NULL,Description of damage/implications,NULL,NULL,NULL
527,5339,6,wcCircumsTB,"Special circumstances of the day or location, if applicable",TextBox,NULL,Circums,"Special circumstances of the day or location, if applicable",1,Special circumstances is required,0,NULL,0,wcIncidentDetRPI,NULL,"Special circumstances of the day or location, if applicable",NULL,NULL,NULL
528,5339,6,wcIncIdentCombo,How was the incident identified?,RadComboBox,NULL,IncIdent,How was the incident identified?,1,Incident identification  is required,0,NULL,0,wcIncidentDetRPI,NULL,How was the incident identified?,NULL,NULL,NULL
529,5339,6,wcComplntDetTB,"Name/contact details of complainant, if applicable",TextBox,NULL,ComplntDet,"Name/contact details of complainant, if applicable",1,Complainant details is required,0,NULL,0,wcIncidentDetRPI,NULL,"Name/contact details of complainant, if applicable",NULL,NULL,NULL
530,5339,6,wcMthdEntTB,"If burglary/theft occurred, describe the method of entry",TextBox,NULL,MthdEnt,"If burglary/theft occurred, describe the method of entry",1,Method of entry is required,0,NULL,0,wcIncidentDetRPI,NULL,"If burglary/theft occurred, describe the method of entry",NULL,NULL,NULL
531,5339,6,wcIssuingAuthTB,Issuing Authority,TextBox,NULL,IssuingAuth,Issuing Authority,1,Issuing Authority is required,0,NULL,0,wcIncidentDetRPI,NULL,Issuing Authority,NULL,NULL,NULL
532,5339,6,wcNumRecvdTB,Number of notices received,RadNumericTextBox,NULL,NumRecvd,Number of notices received,1,Number of notices received is required,0,NULL,0,wcIncidentDetRPI,NULL,Number of notices received,NULL,NULL,NULL
533,5339,6,wcInvestigatorCmb,Investigated By,RadComboBox,NULL,Investigator,Investigated By,1,Investigated By is required,0,NULL,0,wcIncidentDetRPI,NULL,Investigated By,NULL,NULL,NULL
534,5339,6,wcOtherPeopleIvTB,Additional Parties,TextBox,NULL,OtherPeopleIv,Additional Parties,1,Additional Parties is required,0,NULL,0,wcIncidentDetRPI,NULL,Additional Parties,NULL,NULL,NULL
535,5339,6,wcDetCommentsTB,Other Details,TextBox,NULL,DetComments,Other Details,1,Other Details  is required,0,NULL,0,wcIncidentDetRPI,NULL,Other Details,NULL,NULL,NULL
536,5339,6,wcWitnessTableLabel,Witnesses,Label,NULL,WitnessTableHdr,Witnesses,1,N/A,0,1,0,wcIncidentDetRPI,NULL,Witnesses,NULL,NULL,NULL
537,5339,6,wcWitnessRptr,Witnesses,Repeater,NULL,WitnessTable,Witnesses,1,,0,NULL,1,wcIncidentDetRPI,NULL,Witnesses,NULL,NULL,NULL
538,5339,6,wcIncAssmtRPI,Assessment,SECTION,NULL,wcIncAssmtRPI,Assessment,1,N/A,0,NULL,0,wcIncAssmtRPI,NULL,Assessment,NULL,NULL,NULL
539,5339,6,wcEHSPPEChk,Personal Protective Equipment,CheckBox,NULL,EHSPPE,Personal Protective Equipment,1,Personal Protective Equipment is required,0,1,0,wcIncAssmtRPI,NULL,Personal Protective Equipment,NULL,NULL,NULL
540,5339,6,wcEHSHandlingChk,Stepping/Handling/Lifting/Postures/Positions,CheckBox,NULL,EHSHandling,Stepping/Handling/Lifting/Postures/Positions,1,Stepping/Handling/Lifting/Postures/Positions is required,0,1,0,wcIncAssmtRPI,NULL,Stepping/Handling/Lifting/Postures/Positions,NULL,NULL,NULL
541,5339,6,wcEHSProcsChk,Procedures,CheckBox,NULL,EHSProcs,Procedures,1,Procedures is required,0,1,0,wcIncAssmtRPI,NULL,Procedures,NULL,NULL,NULL
542,5339,6,wcEHSHouseKpChk,Housekeeping/Workplace Practice,CheckBox,NULL,EHSHouseKp,Housekeeping/Workplace Practice,1,Housekeeping/Workplace Practice is required,0,1,0,wcIncAssmtRPI,NULL,Housekeeping/Workplace Practice,NULL,NULL,NULL
543,5339,6,wcEHSPlantChk,"Plant, Tools and Equipment",CheckBox,NULL,EHSPlant,"Plant, Tools and Equipment",1,"Plant, Tools and Equipment is required",0,1,0,wcIncAssmtRPI,NULL,"Plant, Tools and Equipment",NULL,NULL,NULL
544,5339,6,wcEHSEnviroChk,Environmental / Exposure to Harm,CheckBox,NULL,EHSEnviro,Environmental / Exposure to Harm,1,Environmental / Exposure to Harm is required,0,1,0,wcIncAssmtRPI,NULL,Environmental / Exposure to Harm,NULL,NULL,NULL
545,5339,6,wcEHSReactionChk,Reactions of People/Behaviour,CheckBox,NULL,EHSReaction,Reactions of People/Behaviour,1,Reactions of People/Behaviour is required,0,1,0,wcIncAssmtRPI,NULL,Reactions of People/Behaviour,NULL,NULL,NULL
546,5339,6,wcEHSCommChk,Communications/Visuals,CheckBox,NULL,EHSComm,Communications/Visuals,1,Communications/Visuals is required,0,1,0,wcIncAssmtRPI,NULL,Communications/Visuals,NULL,NULL,NULL
547,5339,6,wcPerEnvConditionHdrLabel,PERSON CONDITION / EQUIPMENT / ENVIRONMENT,Label,NULL,PerEnvConditionHdr,PERSON CONDITION / EQUIPMENT / ENVIRONMENT,1,N/A,0,1,0,wcIncAssmtRPI,NULL,PERSON CONDITION / EQUIPMENT / ENVIRONMENT,NULL,NULL,NULL
548,5339,6,wcEmpCondrdoYes,Was the person in good health/physically capable of doing the task?,RadioButton,NULL,EmpCondDet,Was the person in good health/physically capable of doing the task?,1,Answer is required,0,NULL,0,wcIncAssmtRPI,NULL,Was the person in good health/physically capable of doing the task?,NULL,NULL,NULL
549,5339,6,wcInvolveSharpYes,Incident involved sharps?,RadioButton,NULL,InvolveSharp,Incident involved sharps?,1,Answer is required,0,NULL,0,wcIncAssmtRPI,NULL,Incident involved sharps?,NULL,NULL,NULL
550,5339,6,wcHepTestYes,Is the person subsequently tested for hepatitis B or hepatitis C ?,RadioButton,NULL,HepTest,Is the person subsequently tested for hepatitis B or hepatitis C ?,1,Answer is required,0,NULL,0,wcIncAssmtRPI,NULL,Is the person subsequently tested for hepatitis B or hepatitis C ?,NULL,NULL,NULL
551,5339,6,wcPPEWornYes,Should PPE have been worn?,RadioButton,NULL,PPEWorn,Should PPE have been worn?,1,Answer is required,0,NULL,0,wcIncAssmtRPI,NULL,Should PPE have been worn?,NULL,NULL,NULL
552,5339,6,wcPPEAvailYes,Was PPE available ?,RadioButton,NULL,PPEAvail,Was PPE available ?,1,Answer is required,0,NULL,0,wcIncAssmtRPI,NULL,Was PPE available ?,NULL,NULL,NULL
553,5339,6,wcPPEUsedYes,Was PPE Used?,RadioButton,NULL,PPEUsed,Was PPE Used?,1,Answer is required,0,NULL,0,wcIncAssmtRPI,NULL,Was PPE Used?,NULL,NULL,NULL
554,5339,6,wcAlarmAppRdo1,Is there an alarm system applicable to the incident ?,RadioButton,NULL,AlarmApp,Is there an alarm system applicable to the incident ?,1,Answer is required,0,NULL,0,wcIncAssmtRPI,NULL,Is there an alarm system applicable to the incident ?,NULL,NULL,NULL
555,5339,6,wcAlarmOptRdo1,"If an alarm system is applicable, did it operate ?",RadioButton,NULL,AlarmOpt,"If an alarm system is applicable, did it operate ?",1,Answer is required,0,NULL,0,wcIncAssmtRPI,NULL,"If an alarm system is applicable, did it operate ?",NULL,NULL,NULL
556,5339,6,wcTrainProcHdrLabel,TRAINING / PROCEDURES,Label,NULL,TrainProcHdr,TRAINING / PROCEDURES,1,N/A,0,1,0,wcIncAssmtRPI,NULL,TRAINING / PROCEDURES,NULL,NULL,NULL
557,5339,6,wcwrittenProcYes,Were there written/known procedures for this task?,RadioButton,NULL,writtenProc,Were there written/known procedures for this task?,1,Answer is required,0,NULL,0,wcIncAssmtRPI,NULL,Were there written/known procedures for this task?,NULL,NULL,NULL
558,5339,6,wcAntcpteYes,Did the procedures anticipate the factors which led to the incident?,RadioButton,NULL,Antcpte,Did the procedures anticipate the factors which led to the incident?,1,Answer is required,0,NULL,0,wcIncAssmtRPI,NULL,Did the procedures anticipate the factors which led to the incident?,NULL,NULL,NULL
559,5339,6,wcEmpTrainedYes,Had the person been trained to competence?,RadioButton,NULL,EmpTrained,Had the person been trained to competence?,1,Answer is required,0,NULL,0,wcIncAssmtRPI,NULL,Had the person been trained to competence?,NULL,NULL,NULL
560,5339,6,wcEmpDeviateYes,Did the person deviate from procedures / training ?,RadioButton,NULL,EmpDeviate,Did the person deviate from procedures / training ?,1,Answer is required,0,NULL,0,wcIncAssmtRPI,NULL,Did the person deviate from procedures / training ?,NULL,NULL,NULL
561,5339,6,wcHazIdentMgmtHdrLabel,HAZARD IDENTIFICATION AND MANAGEMENT,Label,NULL,HazIdentMgmtHdr,HAZARD IDENTIFICATION AND MANAGEMENT,1,N/A,0,1,0,wcIncAssmtRPI,NULL,HAZARD IDENTIFICATION AND MANAGEMENT,NULL,NULL,NULL
562,5339,6,wcIdentHazRLV,Hazard(s) that  caused incident,Table,NULL,HazardsTable,Hazard(s) that  caused incident,1,,0,NULL,1,wcIncAssmtRPI,NULL,Hazard(s) that  caused incident,NULL,NULL,NULL
563,5339,6,wcAgencyIncCombo,Agency of Incident,RadComboBox,NULL,AgencyInc,Agency of Incident,1,Agency of Incident is required,0,NULL,0,wcIncAssmtRPI,NULL,Agency of Incident,NULL,NULL,NULL
564,5339,6,wcHazardDetTB,Hazard Details,TextBox,NULL,HazardDet,Hazard Details,1,Hazard Details is required,0,NULL,0,wcIncAssmtRPI,NULL,Hazard Details,NULL,NULL,NULL
565,5339,6,wcHazardsQFTB,Hazards Quick Fix,TextBox,NULL,HazardsQF,Hazards Quick Fix,1,Hazards Quick Fix is required,0,NULL,0,wcIncAssmtRPI,NULL,Hazards Quick Fix,NULL,NULL,NULL
566,5339,6,wcAsstProductListRadLB,Involvement of Chemicals,RadListBox,NULL,AsstProductList,Involvement of Chemicals,1,Chemical is required,0,NULL,0,wcIncAssmtRPI,NULL,Involvement of Chemicals,NULL,NULL,NULL
567,5339,6,wcAsstKitRadListBox,Involvement of Assets/Equipment,RadListBox,NULL,AsstKit,Involvement of Assets/Equipment,1,Asset/Equipment  is required,0,NULL,0,wcIncAssmtRPI,NULL,Involvement of Assets/Equipment,NULL,NULL,NULL
568,5339,6,wcEquiptDetTB,Equipment Details,RadTextBox,NULL,EquiptDet,Equipment Details,1,Equipment Details is required,0,NULL,0,wcIncAssmtRPI,NULL,Equipment Details,NULL,NULL,NULL
569,5339,6,wcPeopleFactrTB,People Factors,RadTextBox,NULL,PeopleFactr,People Factors,1,People Factors is required,0,NULL,0,wcIncAssmtRPI,NULL,People Factors,NULL,NULL,NULL
570,5339,6,wcEnviroFactrTB,Environmental Factors,RadTextBox,NULL,EnviroFactr,Environmental Factors,1,Environmental Factors is required,0,NULL,0,wcIncAssmtRPI,NULL,Environmental Factors,NULL,NULL,NULL
571,5339,6,wcAddProcDetTB,Procedure details,RadTextBox,NULL,AddProcDet,Procedure details,1,Procedure details is required,0,NULL,0,wcIncAssmtRPI,NULL,Procedure details,NULL,NULL,NULL
572,5339,6,wcOrgFactrTB,Organisational Factors,RadTextBox,NULL,OrgFactr,Organisational Factors,1,Organisational Factors is required,0,NULL,0,wcIncAssmtRPI,NULL,Organisational Factors,NULL,NULL,NULL
573,5339,6,wcRiskHazYes,"Were there written Risk Assessment, JSA or SWMS ?",RadioButton,NULL,RiskHaz,"Were there written Risk Assessment, JSA or SWMS ?",1,Answer is required,0,NULL,0,wcIncAssmtRPI,NULL,"Were there written Risk Assessment, JSA or SWMS ?",NULL,NULL,NULL
574,5339,6,wcRAReqYes,New/Updated RA/JSA/SWMS Required?,RadioButton,NULL,RAReq,New/Updated RA/JSA/SWMS Required?,1,Answer is required,0,NULL,0,wcIncAssmtRPI,NULL,New/Updated RA/JSA/SWMS Required?,NULL,NULL,NULL
575,5339,6,wcRAListBox,"Link Risk Assessment, JSA or SWMS",RadioButton,NULL,RAList,"Link Risk Assessment, JSA or SWMS",1,Linked record is required,0,NULL,0,wcIncAssmtRPI,NULL,"Link Risk Assessment, JSA or SWMS",NULL,NULL,NULL
576,5339,6,wcChangeEnvYes,Changes to work environment required ?,RadioButton,NULL,ChangeEnv,Changes to work environment required ?,1,Answer is required,0,NULL,0,wcIncAssmtRPI,NULL,Changes to work environment required ?,NULL,NULL,NULL
577,5339,6,wcModEquipYes,Modifications or repairs to Equipment Required ?,RadioButton,NULL,ModEquip,Modifications or repairs to Equipment Required ?,1,Answer is required,0,NULL,0,wcIncAssmtRPI,NULL,Modifications or repairs to Equipment Required ?,NULL,NULL,NULL
578,5339,6,wcAddPPEYes,Additions / Changes to PPE Required ?,RadioButton,NULL,AddPPE,Additions / Changes to PPE Required ?,1,Answer is required,0,NULL,0,wcIncAssmtRPI,NULL,Additions / Changes to PPE Required ?,NULL,NULL,NULL
579,5339,6,wcAddTrngYes,Additional Training Required ?,RadioButton,NULL,AddTrng,Additional Training Required ?,1,Answer is required,0,NULL,0,wcIncAssmtRPI,NULL,Additional Training Required ?,NULL,NULL,NULL
580,5339,6,wcCurrRiskHdrLabel,CURRENT RISKS,Label,NULL,CurrRiskHdr,CURRENT RISKS,1,Answer is required,0,1,0,wcIncAssmtRPI,NULL,CURRENT RISKS,NULL,NULL,NULL
581,5339,6,wcFreqExpRadCombo,Frequency of  incident,RadComboBox,NULL,FreqExp,Frequency of  incident,1,Frequency of  incident is required,0,NULL,0,wcIncAssmtRPI,NULL,Frequency of  incident,NULL,NULL,NULL
582,5339,6,wcPossExpRadCombo,Possibility of adverse effects from exposure to hazard,RadComboBox,NULL,PossExp,Possibility of adverse effects from exposure to hazard,1,Possibility of adverse effects is required,0,NULL,0,wcIncAssmtRPI,NULL,Possibility of adverse effects from exposure to hazard,NULL,NULL,NULL
583,5339,6,wcImpactLevelRadCombo,Potential impact level of hazard(s) as determinded from risk factor(s) and consequences,RadComboBox,NULL,ImpactLevel,Potential impact level of hazard(s) as determinded from risk factor(s) and consequences,1,Potential impact level is required,0,NULL,0,wcIncAssmtRPI,NULL,Potential impact level of hazard(s) as determinded from risk factor(s) and consequences,NULL,NULL,NULL
584,5339,6,wcRecmdedLabel,Recommended Risk Significance,Label,NULL,RecmdedRsk,Recommended Risk Significance,1,N/A,0,NULL,0,wcIncAssmtRPI,NULL,Recommended Risk Significance,NULL,NULL,NULL
585,5339,6,wcRiskScoreRadCombo,Determine the significance of the risk associated with this incident,RadComboBox,NULL,RiskScore,Determine the significance of the risk associated with this incident,1,Risk significance is required,0,NULL,0,wcIncAssmtRPI,NULL,Determine the significance of the risk associated with this incident,NULL,NULL,NULL
586,5339,6,wcResRiskHdrLabel,RESIDUAL RISKS,Label,NULL,ResRiskHdr,RESIDUAL RISKS,1,N/A,0,1,0,wcIncAssmtRPI,NULL,RESIDUAL RISKS,NULL,NULL,NULL
587,5339,6,wcRRFreqExpRadCombo,Frequency of  incident,RadComboBox,NULL,RRFreqExp,Frequency of  incident,1,Frequency of  incident is required,0,NULL,0,wcIncAssmtRPI,NULL,Frequency of  incident,NULL,NULL,NULL
588,5339,6,wcRRPossExpRadCombo,Possibility of adverse effects from exposure to hazard,RadComboBox,NULL,RRPossExp,Possibility of adverse effects from exposure to hazard,1,Possibility of adverse effects is required,0,NULL,0,wcIncAssmtRPI,NULL,Possibility of adverse effects from exposure to hazard,NULL,NULL,NULL
589,5339,6,wcRRImpactLevelRadCombo,Potential impact level of hazard(s) as determinded from risk factor(s) and consequences,RadComboBox,NULL,RRImpactLevel,Potential impact level of hazard(s) as determinded from risk factor(s) and consequences,1,Potential impact level is required,0,NULL,0,wcIncAssmtRPI,NULL,Potential impact level of hazard(s) as determinded from risk factor(s) and consequences,NULL,NULL,NULL
590,5339,6,wcRRRecmdedRskLabel,Recommended Risk Significance,Label,NULL,RRRecmdedRsk,Recommended Risk Significance,1,N/A,0,NULL,0,wcIncAssmtRPI,NULL,Recommended Risk Significance,NULL,NULL,NULL
591,5339,6,wcRRRiskScoreRadCombo,Determine the significance of the risk associated with this incident,RadComboBox,NULL,RRRiskScore,Determine the significance of the risk associated with this incident,1,Risk significance is required,0,NULL,0,wcIncAssmtRPI,NULL,Determine the significance of the risk associated with this incident,NULL,NULL,NULL
592,5339,6,wcIncRespApvRPI,Responsibilities and Approval,SECTION,NULL,wcIncRespApvRPI,Responsibilities and Approval,1,N/A,0,NULL,0,wcIncRespApvRPI,NULL,Responsibilities and Approval,NULL,NULL,NULL
593,5339,6,wcCheckedByLbl,Checked By,Label,NULL,CheckedBy,Checked By,1,N/A,0,NULL,0,wcIncRespApvRPI,NULL,Checked By,NULL,NULL,NULL
594,5339,6,wcAuthByLabel,Closed By,Label,NULL,AuthBy,Closed By,1,N/A,0,NULL,0,wcIncRespApvRPI,NULL,Closed By,NULL,NULL,NULL
595,5339,6,wcApprvByLabel,Finalised By,Label,NULL,ApprvBy,Finalised By,1,N/A,0,NULL,0,wcIncRespApvRPI,NULL,Finalised By,NULL,NULL,NULL
596,5338,7,wcCaseNoTB,Incident Number,TextBox,1,CaseNo,Incident Number,1,Incident Number is required,1,NULL,0,NULL,NULL,Incident Number,NULL,NULL,NULL
597,5338,7,wcTitleNameTB,Title/Name,TextBox,2,TitleName,Title/Name,1,Title/Name is required,1,NULL,0,NULL,NULL,Title/Name,NULL,NULL,NULL
598,5338,7,wcIncidentTypeCombo,Incident Type,RadComboBox,3,IncidentType,Incident Type,1,Incident Type is required,1,NULL,0,NULL,NULL,Incident Type,NULL,NULL,NULL
599,5338,7,wcDateofIncidentPkr,Date/Time of Incident,RadDateTimePicker,4,DateofIncident,Date/Time of Incident,1,Date/Time of Incident is required,1,NULL,0,NULL,NULL,Date/Time of Incident,NULL,NULL,NULL
600,5338,7,wcIncLocationIDCmb,Incident Location,RadComboBox,5,IncLocationID,Incident Location,1,Incident Location is required,1,NULL,0,NULL,NULL,Incident Location,NULL,NULL,NULL
601,5338,7,wcLocationTB,Location Address,TextBox,6,IncLocation,Location Address,1,Location Address is required,1,NULL,0,NULL,NULL,LocationAddr,NULL,NULL,NULL
602,5338,7,wcSpecificLocTB,Worksite Area/Specific Location Details,TextBox,7,SpecificLoc,Worksite Area/Specific Location Details,1,Worksite Area/Specific Location Details is required,0,NULL,0,NULL,NULL,LocationDet,NULL,NULL,NULL
603,5338,7,wcMgtSysCmb,Management System,RadComboBox,31,MgtSys,Management System,1,Management System is required,0,NULL,0,NULL,NULL,Management System,NULL,NULL,NULL
604,5338,7,wcPersonRespCmb,Person Responsible,RadComboBox,32,MgtRept,Person Responsible,1,Person Responsible is required,0,NULL,0,NULL,NULL,ReportedByID,NULL,NULL,NULL
605,5338,7,wcNotOthPRLB,Other parties to notify,RadListBox,33,NotOthP,Other parties to notify,1,Other parties to notify is required,0,NULL,0,NULL,NULL,Other parties to notify,NULL,NULL,NULL
606,5338,7,wcIMtrmtTB,Immediate Action Taken,TextBox,22,ImTrmt,Immediate Action Taken,1,Immediate Action Taken is required,0,NULL,0,NULL,NULL,Immediate Action Taken,NULL,NULL,NULL
607,5338,7,wcEventDescTB,Description of Events,TextBox,16,EventDesc,Description of Events,1,Description of Events is required,0,NULL,0,NULL,NULL,Description of Events,NULL,NULL,NULL
608,5338,7,wcInjuryDetTB,Description of Injury/Illness/Damage,TextBox,23,InjuryDet,Description of Injury/Illness/Damage,1,Description of Injury/Illness/Damage is required,0,NULL,0,NULL,NULL,Description of Injury/Illness/Damage,NULL,NULL,NULL
609,5338,7,wcOutsideAgncTB,"Outside agencies contacted/assitance required (e.g. Fire brigade, EPA, Workcover)",TextBox,24,OutsideAgnc,"Outside agencies contacted/assitance required (e.g. Fire brigade, EPA, Workcover)",1,Outside agencies contacted is required,0,NULL,0,NULL,NULL,"Outside agencies contacted/assitance required (e.g. Fire brigade, EPA, Workcover)",NULL,NULL,NULL
610,5338,7,wcStatusCombo,Status,RadComboBox,34,Status,Status,1,Status is required,0,NULL,0,NULL,NULL,StatusID,NULL,NULL,NULL
611,5338,7,wcConsqRatingHdrLabel,CONSEQUENCE RATING,Label,35,ConsqRatingHdr,CONSEQUENCE RATING,1,N/A,0,1,0,NULL,NULL,CONSEQUENCE RATING,NULL,NULL,NULL
612,5338,7,wcConsRankCmb,Consequence Ranking,RadComboBox,36,ConsRank,Consequence Ranking,1,Consequence Ranking is required,0,NULL,0,NULL,NULL,Consequence Ranking,NULL,NULL,NULL
613,5338,7,wcConsPotOutCmb,Potential Outcome,RadComboBox,37,ConsPotOut,Potential Outcome,1,Potential Outcome is required,0,NULL,0,NULL,NULL,Potential Outcome,NULL,NULL,NULL
614,5338,7,wcNotSevereCmb,Initial Notification Severity,RadComboBox,38,NotSevere,Initial Notification Severity,1,Notification Severity is required,0,NULL,0,NULL,NULL,Initial Notification Severity,NULL,NULL,NULL
615,5338,7,wcFirstRptHdrLabel,First Reported By,Label,39,FirstRptHdr,First Reported By,1,N/A,0,1,0,NULL,NULL,First Reported By,NULL,NULL,NULL
616,5338,7,wcReportedByCombo,First Reported By,RadComboBox,40,ReportedBy,First Reported By,1,First Reported By is required,0,NULL,0,NULL,NULL,First Reported By,NULL,NULL,NULL
617,5338,7,wcReportDatePkr,First Reported Date,RadDateTimePicker,41,ReportDate,First Reported Date,1,First Reported Date is required,0,NULL,0,NULL,NULL,First Reported Date,NULL,NULL,NULL
618,5338,7,wcReporterContactTB,Contact Phone,TextBox,42,ReporterContact,Contact Phone,1,Contact Phone is required,0,NULL,0,NULL,NULL,Contact Phone,NULL,NULL,NULL
619,5338,7,wcFirstRepToCombo,First Reported To,RadComboBox,43,FirstRepTo,First Reported To,1,First Reported To is required,0,NULL,0,NULL,NULL,First Reported To,NULL,NULL,NULL
620,5338,7,wcSelfReportHdrLabel,Self Report,Label,44,SelfReportHdr,Self Report,1,N/A,0,1,0,NULL,NULL,Self Report,NULL,NULL,NULL
621,5338,7,wcSelfRepDt,Date Self-Reported,RadDateTimePicker,45,SelfRep,Date Self-Reported,1,Date Self-Reported,0,NULL,0,NULL,NULL,Date Self-Reported,NULL,NULL,NULL
622,5338,7,wcSelfRepToCombo,Self-Reported To,RadComboBox,46,SelfRepTo,Self-Reported To,1,Self-Reported To,0,NULL,0,NULL,NULL,Self-Reported To,NULL,NULL,NULL
623,5338,7,wcEmployeeListing,Select Person Involved,RadComboBox,8,EmployeeListing,Select Person Involved,1,Person Involved is required,0,NULL,0,NULL,NULL,Select Person Involved,NULL,NULL,NULL
624,5338,7,wcEmpFNameTB,First Name,TextBox,9,EmpFName,First Name,1,First Name is required,1,NULL,0,NULL,NULL,First Name,NULL,NULL,NULL
625,5338,7,wcEmpLNameTB,Last Name,TextBox,10,EmpLName,Last Name,1,Last Name is required,1,NULL,0,NULL,NULL,Last Name,NULL,NULL,NULL
626,5338,7,wcDOBPkr,Date of Birth,RadDatePicker,11,DOB,Date of Birth,1,Date of Birth is required,0,NULL,0,NULL,NULL,Date of Birth,NULL,NULL,NULL
627,860,8,wcReplyToTB,Send reply to,TextBox,NULL,ReplyTo,Send reply to,1,Reply to is required,0,NULL,0,NULL,NULL,Send reply to,NULL,NULL,NULL
628,5339,6,wcAuditTypeCmb,Audit Type,RadComboBox,NULL,AuditType,Audit Type,0,Audit Type is required,0,NULL,0,wcIncidentDetRPI,NULL,Audit Type,NULL,NULL,NULL
629,5348,9,wcIDNoTB,ID,RadTextBox,NULL,IDNo,ID,1,ID is required,1,NULL,0,NULL,NULL,ID,NULL,NULL,NULL
630,5348,9,wcTitleTB,Title/Name,RadTextBox,NULL,Title,Title/Name,1,Title/Name is required,1,NULL,0,NULL,NULL,TitleDesc,NULL,NULL,NULL
631,5348,9,wcDescTB,Description of hazard/activity/task,RadTextBox,NULL,Desc,Description of hazard/activity/task,1,Description is required,1,NULL,0,NULL,NULL,ExtDesc,NULL,NULL,NULL
632,5348,9,wcLocationCmb,Location,RadComboBox,NULL,Location,Location,1,Location is required,1,NULL,0,NULL,NULL,Location,NULL,NULL,NULL
633,5348,9,wcLocationAddrTB,Location Address,RadTextBox,NULL,LocationAddr,Location Address,1,Location Address is required,1,NULL,0,NULL,NULL,Location Address,NULL,NULL,NULL
634,5348,9,wcSpecLocTB,Specific Location Details,RadTextBox,NULL,SpecLoc,Specific Location Details,1,Specific Location is required,0,NULL,0,NULL,NULL,Specific Location Details,NULL,NULL,NULL
635,5348,9,wcStatusCmb,Status,RadComboBox,NULL,Status,Status,1,Status is required,0,NULL,0,NULL,NULL,Status,NULL,NULL,NULL
636,5348,9,wcAssessorNmCmb,Assessor Name,RadComboBox,NULL,AssessorNm,Assessor Name,1,Assessor Name is required,1,NULL,0,NULL,NULL,Assessor Name,NULL,NULL,NULL
637,5348,9,wcAssessorCntTB,Assessor Contact Details,RadTextBox,NULL,AssessorCnt,Assessor Contact Details,1,Assessor contact details is required,1,NULL,0,NULL,NULL,Assessor Contact Details,NULL,NULL,NULL
638,5348,9,wcAssmtDatePkr,Assessment Date/Time,RadDateTimePicker,NULL,AssmtDate,Assessment Date/Time,1,Assessment date is required,1,NULL,0,NULL,NULL,Assessment Date/Time,NULL,NULL,NULL
639,5348,9,wcAssmtReasonTB,Assessment Reason,RadTextBox,NULL,AssmtReason,Assessment Reason,1,Assessment reason is required,0,NULL,0,NULL,NULL,Assessment Reason,NULL,NULL,NULL
640,5348,9,wcOthInfoTB,Other Information,RadTextBox,NULL,OthInfo,Other Information,1,Other information is required,0,NULL,0,NULL,NULL,Other Information,NULL,NULL,NULL
641,5348,9,wcCommentsTB,Comments,RadTextBox,NULL,Comments,Comments,1,Comments is required,0,NULL,0,NULL,NULL,Comments,NULL,NULL,NULL
642,5348,9,wcDetRespApvRPI,Responsibilities and Approval,SECTION,NULL,wcDetRespApvRPI,Responsibilities and Approval,1,N/A,0,NULL,0,wcDetRespApvRPI,NULL,Responsibilities and Approval,NULL,NULL,NULL
643,5348,9,wcPersonRespCmb,Person Responsible,RadComboBox,NULL,PersonResp,Person Responsible,1,Person Responsible is required,0,NULL,0,wcDetRespApvRPI,NULL,ReportedByID,NULL,NULL,NULL
644,5348,9,wcCheckedByLbl,Checked By,Label,NULL,CheckedBy,Checked By,1,N/A,0,NULL,0,wcDetRespApvRPI,NULL,Checked By,NULL,NULL,NULL
645,5348,9,wcReviewedByLabel,Reviewed By,Label,NULL,ReviewedBy,Reviewed By,1,N/A,0,NULL,0,wcDetRespApvRPI,NULL,Reviewed By,NULL,NULL,NULL
646,5348,9,wcNextReviewPkr,Next Review Date,RadDatePicker,NULL,NextReview,Next Review Date,1,Next review date is required,0,NULL,0,wcDetRespApvRPI,NULL,Next Review Date,NULL,NULL,NULL
647,5348,9,wcAuthoriseLabel,Authorised By,Label,NULL,Authorise,Authorised By,1,N/A,0,NULL,0,wcDetRespApvRPI,NULL,Authorised By,NULL,NULL,NULL
648,5348,9,wcApproveLabel,Approved By,Label,NULL,Approve,Approved By,1,N/A,0,NULL,0,wcDetRespApvRPI,NULL,Approved By,NULL,NULL,NULL
649,5334,5,wcIncAssmtRPI,Assessment,SECTION,75,IncAssmt,Assessment,1,NULL,0,NULL,0,wcIncAssmtRPI,NULL,Assessment,NULL,NULL,NULL
650,5338,7,wcLicenceNoTB,Licence Number,RadTextBox,12,LicenceNo,Licence Number,1,Licence number is required,0,NULL,0,NULL,NULL,Licence Number,NULL,NULL,NULL
651,5338,7,wcLicenceExpDtPkr,Licence Expiry Date,RadDatePicker,13,LicenceExpDt,Licence Expiry Date,1,Licence expiry date is required,0,NULL,0,NULL,NULL,Licence Expiry Date,NULL,NULL,NULL
652,5338,7,wcLicenceClassTB,Licence Class,RadTextBox,14,LicenceClass,Licence Class,1,Licence class is required,0,NULL,0,NULL,NULL,Licence Class,NULL,NULL,NULL
653,5338,7,wcLicenceYearTB,No of year(s) licence held,RadNumericTextBox,15,LicenceYear,No of year(s) licence held,1,No of year(s) is required,0,NULL,0,NULL,NULL,No of year(s) licence held,NULL,NULL,NULL
654,5338,7,wcVehicleMakeTB,Vehicle Make,RadTextBox,17,VehicleMake,Vehicle Make,1,Vehicle make is required,0,NULL,0,NULL,NULL,Vehicle Make,NULL,NULL,NULL
655,5338,7,wcVehicleModelTB,Vehicle Model,RadTextBox,18,VehicleModel,Vehicle Model,1,Vehicle model is required,0,NULL,0,NULL,NULL,Vehicle Model,NULL,NULL,NULL
656,5338,7,wcVehicleRegoTB,Vehicle Registration No,RadTextBox,19,VehicleRego,Vehicle Registration No,1,Vehicle registration no is required,0,NULL,0,NULL,NULL,Vehicle Registration No,NULL,NULL,NULL
657,5338,7,wcPoliceAttdRdoY,Were police in attendance?,RadioButtonList,20,PoliceAttd,Were police in attendance?,1,Answer is required,0,NULL,0,NULL,NULL,Were police in attendance?,NULL,NULL,NULL
658,5338,7,wcAlcoholConsRdoY,Has the driver of the vehicle consumed alcohol or drugs in the past 12 hours prior to  the accident?,RadioButtonList,21,AlcoholCons,Has the driver of the vehicle consumed alcohol or drugs in the past 12 hours prior to  the accident?,1,Answer is required,0,NULL,0,NULL,NULL,Has the driver of the vehicle consumed alcohol or drugs in the past 12 hours prior to  the accident?,NULL,NULL,NULL
659,5338,7,wcThirdPNameTB,Third Party Name,RadTextBox,25,ThirdPName,Third Party Name,1,Third party name is required,0,NULL,0,NULL,NULL,Third Party Name,NULL,NULL,NULL
660,5338,7,wcThirdPAddrTB,Address,RadTextBox,26,ThirdPAddr,Address,1,Third party address is required,0,NULL,0,NULL,NULL,Address,NULL,NULL,NULL
661,5338,7,wcThirdPRegoTB,Registration No,RadTextBox,27,ThirdPRego,Registration No,1,Third party registration no is required,0,NULL,0,NULL,NULL,Registration No,NULL,NULL,NULL
662,5338,7,wcThirdPMobileTB,Mobile No,RadTextBox,28,ThirdPMobile,Mobile No,1,Third party mobile no is required,0,NULL,0,NULL,NULL,Mobile No,NULL,NULL,NULL
663,5338,7,wcThirdPInsurerNmTB,Insurer Name,RadTextBox,29,ThirdPInsurerNm,Insurer Name,1,Third party insurer name is required,0,NULL,0,NULL,NULL,Insurer Name,NULL,NULL,NULL
664,5338,7,wcThirdPInsurerPolTB,Insurer Policy/Claim #,RadTextBox,30,ThirdPInsurerPol,Insurer Policy/Claim #,1,Third party policy/claim no is required,0,NULL,0,NULL,NULL,Insurer Policy/Claim #,NULL,NULL,NULL
665,5339,6,wcLicenceNoTB,Licence Number,RadTextBox,NULL,LicenceNo,Licence Number,1,Licence number is required,0,NULL,0,wcPersonInvRPI,NULL,Licence Number,NULL,NULL,NULL
666,5339,6,wcLicenceExpDtPkr,Licence Expiry Date,RadDatePicker,NULL,LicenceExpDt,Licence Expiry Date,1,Licence expiry date is required,0,NULL,0,wcPersonInvRPI,NULL,Licence Expiry Date,NULL,NULL,NULL
667,5339,6,wcLicenceClassTB,Licence Class,RadTextBox,NULL,LicenceClass,Licence Class,1,Licence class is required,0,NULL,0,wcPersonInvRPI,NULL,Licence Class,NULL,NULL,NULL
668,5339,6,wcLicenceYearTB,No of year(s) licence held,RadNumericTextBox,NULL,LicenceYear,No of year(s) licence held,1,No of year(s) is required,0,NULL,0,wcPersonInvRPI,NULL,No of year(s) licence held,NULL,NULL,NULL
669,5339,6,wcVehicleMakeTB,Vehicle Make,RadTextBox,NULL,VehicleMake,Vehicle Make,1,Vehicle make is required,0,NULL,0,wcIncidentDetRPI,NULL,Vehicle Make,NULL,NULL,NULL
670,5339,6,wcVehicleModelTB,Vehicle Model,RadTextBox,NULL,VehicleModel,Vehicle Model,1,Vehicle model is required,0,NULL,0,wcIncidentDetRPI,NULL,Vehicle Model,NULL,NULL,NULL
671,5339,6,wcVehicleRegoTB,Vehicle Registration No,RadTextBox,NULL,VehicleRego,Vehicle Registration No,1,Vehicle registration no is required,0,NULL,0,wcIncidentDetRPI,NULL,Vehicle Registration No,NULL,NULL,NULL
672,5339,6,wcPoliceAttdRdoY,Were police in attendance?,RadioButtonList,NULL,PoliceAttd,Were police in attendance?,1,Answer is required,0,NULL,0,wcIncidentDetRPI,NULL,Were police in attendance?,NULL,NULL,NULL
673,5339,6,wcAlcoholConsRdoY,Has the driver of the vehicle consumed alcohol or drugs in the past 12 hours prior to  the accident?,RadioButtonList,NULL,AlcoholCons,Has the driver of the vehicle consumed alcohol or drugs in the past 12 hours prior to  the accident?,1,Answer is required,0,NULL,0,wcIncidentDetRPI,NULL,Has the driver of the vehicle consumed alcohol or drugs in the past 12 hours prior to  the accident?,NULL,NULL,NULL
674,5339,6,wcThirdPNameTB,Third Party Name,RadTextBox,NULL,ThirdPName,Third Party Name,1,Third party name is required,0,NULL,0,wcIncidentDetRPI,NULL,Third Party Name,NULL,NULL,NULL
675,5339,6,wcThirdPAddrTB,Address,RadTextBox,NULL,ThirdPAddr,Address,1,Third party address is required,0,NULL,0,wcIncidentDetRPI,NULL,Address,NULL,NULL,NULL
676,5339,6,wcThirdPRegoTB,Registration No,RadTextBox,NULL,ThirdPRego,Registration No,1,Third party registration no is required,0,NULL,0,wcIncidentDetRPI,NULL,Registration No,NULL,NULL,NULL
677,5339,6,wcThirdPMobileTB,Mobile No,RadTextBox,NULL,ThirdPMobile,Mobile No,1,Third party mobile no is required,0,NULL,0,wcIncidentDetRPI,NULL,Mobile No,NULL,NULL,NULL
678,5339,6,wcThirdPInsurerNmTB,Insurer Name,RadTextBox,NULL,ThirdPInsurerNm,Insurer Name,1,Third party insurer name is required,0,NULL,0,wcIncidentDetRPI,NULL,Insurer Name,NULL,NULL,NULL
679,5339,6,wcThirdPInsurerPolTB,Insurer Policy/Claim #,RadTextBox,NULL,ThirdPInsurerPol,Insurer Policy/Claim #,1,Third party policy/claim no is required,0,NULL,0,wcIncidentDetRPI,NULL,Insurer Policy/Claim #,NULL,NULL,NULL
680,5234,10,wcIDTB,ID,RadTextBox,2,ID,ID,1,ID is required,1,NULL,0,NULL,NULL,InternalNo,NULL,NULL,NULL
681,5234,10,wcTitleTB,Name,RadTextBox,3,Title,Name,1,Name is required,1,NULL,0,NULL,NULL,TitleDesc,NULL,NULL,NULL
682,5234,10,wcDescTB,Description,RadTextBox,4,Desc,Description,1,Description is required,0,NULL,0,NULL,NULL,ExtDesc,NULL,NULL,NULL
683,5234,10,wcRegRecTypeCombo,Training Type,RadComboBox,5,Type,Training Type,1,Training Type is required,1,NULL,0,NULL,NULL,OthTypeID,NULL,NULL,NULL
684,5234,10,wcRegRecSubTypeCombo,Training Sub-Type,RadComboBox,6,SubType,Training Sub-Type,1,Training Sub-Type is required,0,NULL,0,NULL,NULL,OthSubTypeID,NULL,NULL,NULL
685,5234,10,wcTrnFreqLabel,Training Frequency,Label,7,TrnFQ,Training Frequency,1,,0,NULL,0,NULL,NULL,Training Frequency,NULL,NULL,NULL
686,5234,10,wcCompRadLB,Competencies,RadListBox,8,Comp,Competencies,1,Competencies is required,0,NULL,0,NULL,NULL,Competencies,NULL,NULL,NULL
687,5234,10,wcLicTypeCMB,Licence/Permit Type,RadComboBox,9,LicType,Licence/Permit Type,1,Licence/Permit Type is required,0,NULL,0,NULL,NULL,Licence/Permit Type,NULL,NULL,NULL
688,5234,10,wcIntExtCombo,Internal/External,RadComboBox,10,IntExt,Internal/External,1,Internal/External is required,0,NULL,0,NULL,NULL,Internal/External,NULL,NULL,NULL
689,5234,10,wcStartDtPkr,Training Date,RadDateTimePicker,13,StartDt,Training Date,1,Training Date is required,0,NULL,0,NULL,NULL,StartDt,NULL,NULL,NULL
690,5234,10,wcDuratnTB,Duration,RadTextBox,14,Duratn,Duration,1,Duration is required,0,NULL,0,NULL,NULL,Duration,NULL,NULL,NULL
691,5234,10,wcLocationIDRadCombo,Location,RadComboBox,16,LocType,Location,1,Location is required,0,NULL,0,NULL,NULL,LocationName,NULL,NULL,NULL
692,5234,10,wcLocationTB,Location Address,RadTextBox,17,LocAddr,Location Address,1,Location Address is required,0,NULL,0,NULL,NULL,LocationAddr,NULL,NULL,NULL
693,5234,10,wcSpecificLocTB,Specific Location Details,RadTextBox,18,LocDet,Specific Location Details,1,Specific location is required,0,NULL,0,NULL,NULL,LocationDet,NULL,NULL,NULL
694,5234,10,wcFacltdByTB,Facilitated By,RadTextBox,19,FacltdBy,Facilitated By,1,Facilitated By is required,0,NULL,0,NULL,NULL,Facilitated By,NULL,NULL,NULL
695,5234,10,wcRefreshChk,Refreshment session,CheckBox,24,Refresh,Refreshment session,1,,0,NULL,0,NULL,NULL,Refreshment session,NULL,NULL,NULL
696,5234,10,wcRenewDtkr,Renewal date,RadDatePicker,25,RenewDt,Renewal date,1,Renewal date is required,0,NULL,0,NULL,NULL,Renewal date,NULL,NULL,NULL
697,5234,10,wcActCostTB,Actual Cost,RadNumericTextBox,26,ActCost,Actual Cost,1,Actual Cost is required,0,NULL,0,NULL,NULL,Actual Cost,NULL,NULL,NULL
698,5234,10,wcStatusCombo,Status,RadComboBox,27,Status,Status,1,Status is required,0,NULL,0,NULL,NULL,StatusID,NULL,NULL,NULL
699,5234,10,wcCommTB,Details,RadTextBox,28,Comm,Details,1,Details is required,0,NULL,0,NULL,NULL,Details,NULL,NULL,NULL
700,5234,10,wcAttachRPI,Attachments,SECTION,29,Attach,Attachments,1,N/A,0,NULL,0,wcAttachRPI,NULL,Attachments,NULL,NULL,NULL
701,5234,10,wcAttchRptr,List of Attachments,Repeater,30,Attach2,List of Attachments,1,,0,NULL,1,wcAttachRPI,NULL,List of Attachments,NULL,NULL,NULL
702,5234,10,wcReqmtRPI,Requirements,SECTION,31,Reqmt,Requirements,1,N/A,0,NULL,0,wcReqmtRPI,NULL,Requirements,NULL,NULL,NULL
703,5234,10,wcReqPolRadLB,Relevant Policies,RadListBox,32,ReqPol,Relevant Policies,1,Relevant Policies is required,0,NULL,0,wcReqmtRPI,NULL,Relevant Policies,NULL,NULL,NULL
704,5234,10,wcReqLegsRadLB,Relevant Legislation,RadListBox,33,ReqLegs,Relevant Legislation,1,Relevant Legislation is required,0,NULL,0,wcReqmtRPI,NULL,Relevant Legislation,NULL,NULL,NULL
705,5234,10,wcDetRespApvRPI,Responsibilities and Approval,SECTION,34,DetRespApv,Responsibilities and Approval,1,N/A,0,NULL,0,wcDetRespApvRPI,NULL,Responsibilities and Approval,NULL,NULL,NULL
706,5234,10,wcRespCombo,Person Responsible,RadComboBox,36,PersonResp,Person Responsible,1,Person Responsible is required,0,NULL,0,wcDetRespApvRPI,NULL,Person Responsible,NULL,NULL,NULL
707,5234,10,wcCheckedByLbl,Checked By,Label,37,CheckedBy,Checked By,1,N/A,0,NULL,0,wcDetRespApvRPI,NULL,Checked By,NULL,NULL,NULL
708,5234,10,wcReviewedByLabel,Reviewed By,Label,38,ReviewedBy,Reviewed By,1,N/A,0,NULL,0,wcDetRespApvRPI,NULL,Reviewed By,NULL,NULL,NULL
709,5234,10,wcNextReviewPkr,Next Review Date,RadDatePicker,39,NextReview,Next Review Date,1,Next review date is required,0,NULL,0,wcDetRespApvRPI,NULL,Next Review Date,NULL,NULL,NULL
710,5234,10,wcAuthoriseLabel,Authorised By,Label,40,Authorise,Authorised By,1,N/A,0,NULL,0,wcDetRespApvRPI,NULL,Authorised By,NULL,NULL,NULL
711,5234,10,wcApproveLabel,Approved By,Label,41,Approve,Approved By,1,N/A,0,NULL,0,wcDetRespApvRPI,NULL,Approved By,NULL,NULL,NULL
712,5236,10,wcEmpListRadCombo,Select Attendee,RadComboBox,42,Attendee,Select Attendee,1,Attendee is required,0,NULL,0,wcDetRespApvRPI,NULL,Select Attendee,NULL,NULL,NULL
713,5236,10,wcPosL,Position/Job Title,Label,43,PosTitle,Position/Job Title,1,,0,NULL,0,wcDetRespApvRPI,NULL,Position/Job Title,NULL,NULL,NULL
714,5236,10,wcLocL,Employment Location,Label,44,EmpLoc,Employment Location,1,,0,NULL,0,wcDetRespApvRPI,NULL,Employment Location,NULL,NULL,NULL
715,5236,10,wcSuperL,Supervisor,Label,45,EmpSupvr,Supervisor,1,,0,NULL,0,wcDetRespApvRPI,NULL,Supervisor,NULL,NULL,NULL
716,5236,10,wcCompL,Company (if contractor),Label,46,EmpContr,Company (if contractor),1,,0,NULL,0,wcDetRespApvRPI,NULL,Company (if contractor),NULL,NULL,NULL
717,5236,10,wcEmpIDL,Employee Identification Number,Label,47,EmpIDNo,Employee Identification Number,1,,0,NULL,0,wcDetRespApvRPI,NULL,Employee Identification Number,NULL,NULL,NULL
718,5236,10,wcEmpUSIL,Unique Student Identifier  (USI),Label,48,EmpUSI,Unique Student Identifier  (USI),1,,0,NULL,0,wcDetRespApvRPI,NULL,Unique Student Identifier  (USI),NULL,NULL,NULL
719,5236,10,wcEmailL,Email Address,Label,49,EmpEmail,Email Address,1,,0,NULL,0,wcDetRespApvRPI,NULL,Email Address,NULL,NULL,NULL
720,5236,10,wcPhoneL,Phone Number,Label,50,EmpPhone,Phone Number,1,,0,NULL,0,wcDetRespApvRPI,NULL,Phone Number,NULL,NULL,NULL
721,5236,10,wcTrnProviderCmb,Training Provider,RadComboBox,66,TrnProvider,Training Provider,0,Training Provider is required,0,NULL,0,wcDetRespApvRPI,NULL,Training Provider,NULL,NULL,NULL
722,5236,10,wcTrngStatusCmb,Status,RadComboBox,51,TrngStatus,Status,1,Training Status is required,0,NULL,0,wcDetRespApvRPI,NULL,Status,NULL,NULL,NULL
723,5236,10,wcTrnRenewaDtPkr,Renewal Date,RadDatePicker,52,TrnRenewaDt,Renewal Date,1,Renewal Date is required,0,NULL,0,wcDetRespApvRPI,NULL,Renewal Date,NULL,NULL,NULL
724,5236,10,wcTrnWorkerCostTB,Cost,RadNumericTextBox,53,TrnWorkerCost,Cost,1,Cost is required,0,NULL,0,wcDetRespApvRPI,NULL,Cost,NULL,NULL,NULL
725,5236,10,wcAssessTypeCombo,Assessment Type,RadComboBox,54,AssmtType,Assessment Type,1,Assessment type is required,0,NULL,0,wcDetRespApvRPI,NULL,Assessment Type,NULL,NULL,NULL
726,5236,10,wcResulCombo,Result,RadComboBox,55,Result,Result,1,Result is required,0,NULL,0,wcDetRespApvRPI,NULL,Result,NULL,NULL,NULL
727,5236,10,wcScoreTB,Score,RadTextBox,56,Score,Score,1,Score is required,0,NULL,0,wcDetRespApvRPI,NULL,Score,NULL,NULL,NULL
728,5236,10,wcCompChkList,Competencies Attained,CheckBoxList,57,CompAttained,Competencies Attained,1,Competencies Attained is required,0,NULL,0,wcDetRespApvRPI,NULL,Competencies Attained,NULL,NULL,NULL
729,5236,10,wcCertChk,Certificate/licence/permit attained?,CheckBox,58,CertChk,Certificate/licence/permit attained?,1,,0,NULL,0,wcDetRespApvRPI,NULL,Certificate/licence/permit attained?,NULL,NULL,NULL
730,5236,10,wcDocRadUpload,Upload Certificate,RadAsyncUpload,59,UploadCert,Upload Certificate,1,Document is required,0,NULL,0,wcDetRespApvRPI,NULL,Upload Certificate,NULL,NULL,NULL
731,5236,10,wcLicPermTypeLbl,Licence/Permit Type,Label,60,LicPermType,Licence/Permit Type,1,,0,NULL,0,wcDetRespApvRPI,NULL,Licence/Permit Type,NULL,NULL,NULL
732,5236,10,wcCertNumTB,Certificate/licence/permit number,RadTextBox,61,CertPermNo,Certificate/licence/permit number,1,Certificate number is required,0,NULL,0,wcDetRespApvRPI,NULL,Certificate/licence/permit number,NULL,NULL,NULL
733,5236,10,wcIssuDtPkr,Issue Date,RadDatePicker,62,IssueDt,Issue Date,1,Issue Date is required,0,NULL,0,wcDetRespApvRPI,NULL,Issue Date,NULL,NULL,NULL
734,5236,10,wcExpDtPkr,Expiry Date,RadDatePicker,63,ExpiryDt,Expiry Date,1,Expiry date is required,0,NULL,0,wcDetRespApvRPI,NULL,Expiry Date,NULL,NULL,NULL
735,5236,10,wcCommentsTB,Comments,RadTextBox,64,AttdComments,Comments,1,Comments is required,0,NULL,0,wcDetRespApvRPI,NULL,Comments,NULL,NULL,NULL
736,5328,11,wcIDTB,ID,RadTextBox,2,ID,ID,1,ID is required,1,NULL,0,NULL,NULL,InternalNo,NULL,NULL,NULL
737,5328,11,wcInductionLnkLabel,Induction Link,Label,3,InductionLnk,Induction Link,1,Induction Link is required,0,NULL,0,NULL,NULL,Induction Link,NULL,NULL,NULL
738,5328,11,wcTitleTB,Name,RadTextBox,4,Title,Name,1,Name is required,1,NULL,0,NULL,NULL,TitleDesc,NULL,NULL,NULL
739,5328,11,wcDescTB,Description,RadTextBox,5,Desc,Description,1,Description is required,0,NULL,0,NULL,NULL,ExtDesc,NULL,NULL,NULL
740,5328,11,wcRegRecTypeCombo,Induction Type,RadComboBox,6,Type,Induction Type,1,Induction Type is required,1,NULL,0,NULL,NULL,OthTypeID,NULL,NULL,NULL
741,5328,11,wcRegRecSubTypeCombo,Induction Sub-Type,RadComboBox,7,SubType,Induction Sub-Type,1,Induction Sub-Type is required,0,NULL,0,NULL,NULL,OthSubTypeID,NULL,NULL,NULL
742,5328,11,wcCompRadLB,Competencies,RadListBox,8,Comp,Competencies,1,Competencies is required,0,NULL,0,NULL,NULL,Competencies,NULL,NULL,NULL
743,5328,11,wcLicTypeCMB,Licence/Permit Type,RadComboBox,9,LicType,Licence/Permit Type,1,Licence/Permit Type is required,0,NULL,0,NULL,NULL,Licence/Permit Type,NULL,NULL,NULL
744,5328,11,wcIntExtCombo,Internal/External,RadComboBox,10,IntExt,Internal/External,1,Internal/External is required,0,NULL,0,NULL,NULL,Internal/External,NULL,NULL,NULL
745,5328,11,wcDuratnTB,Duration,RadTextBox,12,Duratn,Duration,1,Duration is required,0,NULL,0,NULL,NULL,Duration,NULL,NULL,NULL
746,5328,11,wcIndExpTB,Expires In,RadNumericTextBox,13,IndExp,Expires In,1,Expires In is required,0,NULL,0,NULL,NULL,Expires In,NULL,NULL,NULL
747,5328,11,wcLocationIDRadCombo,Location,RadComboBox,15,LocType,Location,1,Location is required,0,NULL,0,NULL,NULL,LocationName,NULL,NULL,NULL
748,5328,11,wcLocationTB,Location Address,RadTextBox,16,LocAddr,Location Address,1,Location Address is required,0,NULL,0,NULL,NULL,LocationAddr,NULL,NULL,NULL
749,5328,11,wcSpecificLocTB,Specific Location Details,RadTextBox,17,LocDet,Specific Location Details,1,Specific location is required,0,NULL,0,NULL,NULL,LocationDet,NULL,NULL,NULL
750,5328,11,wcFacltdByTB,Facilitated By,RadTextBox,18,FacltdBy,Facilitated By,1,Facilitated By is required,0,NULL,0,NULL,NULL,Facilitated By,NULL,NULL,NULL
751,5328,11,wcExcInTrainingRptChk,Exclude in Training Report,CheckBox,19,ExcTr,Exclude in Training Report,1,,0,NULL,0,NULL,NULL,Exclude in Training Report,NULL,NULL,NULL
752,5328,11,wcPassMarkTB,Passing Mark,RadNumericTextBox,20,PassMark,Passing Mark,1,Passing Mark is required,0,NULL,0,NULL,NULL,Passing Mark,NULL,NULL,NULL
753,5328,11,wcILDocRadUpload,Custom Induction Logo,RadAsyncUpload,21,IndnLogo,Custom Induction Logo,1,Induction Logo is required,0,NULL,0,NULL,NULL,Custom Induction Logo,NULL,NULL,NULL
754,5328,11,wcLnkIdnCmb,Linked Induction,RadComboBox,22,IdnLnk,Linked Induction,1,Linked Induction is required,0,NULL,0,NULL,NULL,Linked Induction,NULL,NULL,NULL
755,5328,11,wcIdnMsgTB,Induction Completion Message,RadEditor,23,IdnMsg,Induction Completion Message,1,Induction Completion Message is required,0,NULL,0,NULL,NULL,Induction Completion Message,NULL,NULL,NULL
756,5328,11,wcStatusCombo,Status,RadComboBox,25,Status,Status,1,Status is required,0,NULL,0,NULL,NULL,StatusID,NULL,NULL,NULL
757,5328,11,wcCommTB,Details,RadTextBox,26,Comm,Details,1,Details is required,0,NULL,0,NULL,NULL,Details,NULL,NULL,NULL
758,5328,11,wcAttachRPI,Attachments,SECTION,27,Attach,Attachments,1,N/A,0,NULL,0,wcAttachRPI,NULL,Attachments,NULL,NULL,NULL
759,5328,11,wcAttchRptr,List of Attachments,Repeater,28,Attach2,List of Attachments,1,,0,NULL,1,wcAttachRPI,NULL,List of Attachments,NULL,NULL,NULL
760,5328,11,wcReqmtRPI,Requirements,SECTION,29,Reqmt,Requirements,1,N/A,0,NULL,0,wcReqmtRPI,NULL,Requirements,NULL,NULL,NULL
761,5328,11,wcReqPolRadLB,Relevant Policies,RadListBox,30,ReqPol,Relevant Policies,1,Relevant Policies is required,0,NULL,0,wcReqmtRPI,NULL,Relevant Policies,NULL,NULL,NULL
762,5328,11,wcReqLegsRadLB,Relevant Legislation,RadListBox,31,ReqLegs,Relevant Legislation,1,Relevant Legislation is required,0,NULL,0,wcReqmtRPI,NULL,Relevant Legislation,NULL,NULL,NULL
763,5328,11,btnReqAtd,Required Attendees,Button,32,ReqAttd,Required Attendees,1,,0,NULL,0,wcReqmtRPI,NULL,Required Attendees,NULL,NULL,NULL
764,5328,11,wcDetRespApvRPI,Responsibilities and Approval,SECTION,33,DetRespApv,Responsibilities and Approval,1,N/A,0,NULL,0,wcDetRespApvRPI,NULL,Responsibilities and Approval,NULL,NULL,NULL
765,5328,11,wcRespCombo,Person Responsible,RadComboBox,35,PersonResp,Person Responsible,1,Person Responsible is required,0,NULL,0,wcDetRespApvRPI,NULL,Person Responsible,NULL,NULL,NULL
766,5328,11,wcCheckedByLbl,Checked By,Label,36,CheckedBy,Checked By,1,N/A,0,NULL,0,wcDetRespApvRPI,NULL,Checked By,NULL,NULL,NULL
767,5328,11,wcReviewedByLabel,Reviewed By,Label,37,ReviewedBy,Reviewed By,1,N/A,0,NULL,0,wcDetRespApvRPI,NULL,Reviewed By,NULL,NULL,NULL
768,5328,11,wcNextReviewPkr,Next Review Date,RadDatePicker,38,NextReview,Next Review Date,1,Next review date is required,0,NULL,0,wcDetRespApvRPI,NULL,Next Review Date,NULL,NULL,NULL
769,5328,11,wcAuthoriseLabel,Authorised By,Label,39,Authorise,Authorised By,1,N/A,0,NULL,0,wcDetRespApvRPI,NULL,Authorised By,NULL,NULL,NULL
770,5328,11,wcApproveLabel,Approved By,Label,40,Approve,Approved By,1,N/A,0,NULL,0,wcDetRespApvRPI,NULL,Approved By,NULL,NULL,NULL
771,5330,11,wcEmpListRadCombo,Attendee,RadComboBox,41,Attendee,Attendee,1,Attendee is required,0,NULL,0,wcDetRespApvRPI,NULL,Attendee,NULL,NULL,NULL
772,5330,11,wcPosL,Position/Job Title,Label,42,PosTitle,Position/Job Title,1,,0,NULL,0,wcDetRespApvRPI,NULL,Position/Job Title,NULL,NULL,NULL
773,5330,11,wcLocL,Job Location,Label,43,EmpLoc,Job Location,1,,0,NULL,0,wcDetRespApvRPI,NULL,Job Location,NULL,NULL,NULL
774,5330,11,wcSuperL,Manager/Supervisor,Label,44,EmpSupvr,Manager/Supervisor,1,,0,NULL,0,wcDetRespApvRPI,NULL,Manager/Supervisor,NULL,NULL,NULL
775,5330,11,wcCompL,Company Name,Label,45,EmpContr,Company Name,1,,0,NULL,0,wcDetRespApvRPI,NULL,Company Name,NULL,NULL,NULL
776,5330,11,wcEmailL,Email Address,Label,46,EmpEmail,Email Address,1,,0,NULL,0,wcDetRespApvRPI,NULL,Email Address,NULL,NULL,NULL
777,5330,11,wcPhoneL,Phone Number,Label,47,EmpPhone,Phone Number,1,,0,NULL,0,wcDetRespApvRPI,NULL,Phone Number,NULL,NULL,NULL
778,5330,11,wcResulCombo,Result,RadComboBox,48,Result,Result,1,Result is required,0,NULL,0,wcDetRespApvRPI,NULL,Result,NULL,NULL,NULL
779,5330,11,wcScoreTB,Score,RadTextBox,49,Score,Score,1,Score is required,0,NULL,0,wcDetRespApvRPI,NULL,Score,NULL,NULL,NULL
780,5330,11,wcCompChkList,Competencies Attained,CheckBoxList,50,CompAttained,Competencies Attained,1,Competencies is required,0,NULL,0,wcDetRespApvRPI,NULL,Competencies Attained,NULL,NULL,NULL
781,5330,11,wcCertChk,Certificate/licence/permit attained?,CheckBox,51,CertChk,Certificate/licence/permit attained?,1,,0,NULL,0,wcDetRespApvRPI,NULL,Certificate/licence/permit attained?,NULL,NULL,NULL
782,5330,11,wcDocRadUpload,Upload Certificate,RadAsyncUpload,52,UploadCert,Upload Certificate,1,Document is required,0,NULL,0,wcDetRespApvRPI,NULL,Upload Certificate,NULL,NULL,NULL
783,5330,11,wcLicPermTypeLbl,Licence/Permit Type,Label,53,LicPermType,Licence/Permit Type,1,,0,NULL,0,wcDetRespApvRPI,NULL,Licence/Permit Type,NULL,NULL,NULL
784,5330,11,wcCertNumTB,Certificate/licence/permit number,RadTextBox,54,CertPermNo,Certificate/licence/permit number,1,Certificate number is required,0,NULL,0,wcDetRespApvRPI,NULL,Certificate/licence/permit number,NULL,NULL,NULL
785,5330,11,wcCommentsTB,Comments,RadTextBox,55,AttdComments,Comments,1,Comments is required,0,NULL,0,wcDetRespApvRPI,NULL,Comments,NULL,NULL,NULL
786,5330,11,wcInductionIDLabel,Induction ID,Label,56,InductionID,Induction ID,1,,0,NULL,0,wcDetRespApvRPI,NULL,Induction ID,NULL,NULL,NULL
787,5330,11,wcInductionDtLabel,Induction Date,Label,57,InductionDt,Induction Date,1,,0,NULL,0,wcDetRespApvRPI,NULL,Induction Date,NULL,NULL,NULL
788,5330,11,wcIdnExpiryDtLabel,Expiry Date,Label,58,IdnExpiryDt,Expiry Date,1,,0,NULL,0,wcDetRespApvRPI,NULL,Expiry Date,NULL,NULL,NULL
789,5330,11,wcInductionLabel,Induction Result,Label,59,Induction,Induction Result,1,,0,NULL,0,wcDetRespApvRPI,NULL,Induction Result,NULL,NULL,NULL
790,5234,12,wcIDTB,ID,RadTextBox,2,ID,ID,1,ID is required,1,NULL,0,NULL,NULL,InternalNo,NULL,NULL,NULL
791,5234,12,wcTitleTB,Document Title,RadTextBox,3,Title,Document Title,1,Document Title is required,1,NULL,0,NULL,NULL,TitleDesc,NULL,NULL,NULL
792,5234,12,wcDescTB,Description,RadTextBox,4,Desc,Description,1,Description is required,0,NULL,0,NULL,NULL,ExtDesc,NULL,NULL,NULL
793,5234,12,wcYearTB,Year,RadTextBox,5,Year,Year,1,Year is required,0,NULL,0,NULL,NULL,Year,NULL,NULL,NULL
794,5234,12,wcCodeTB,Code,RadTextBox,6,Code,Code,1,Code is required,0,NULL,0,NULL,NULL,Code,NULL,NULL,NULL
795,5234,12,wcVersionTB,Latest Version No,RadTextBox,7,Version,Latest Version No,1,Latest Version No is required,0,NULL,0,NULL,NULL,Latest Version No,NULL,NULL,NULL
796,5234,12,wcRegRecTypeCombo,Document Type,RadComboBox,8,Type,Document Type,1,Document Type is required,1,NULL,0,NULL,NULL,OthTypeID,NULL,NULL,NULL
797,5234,12,wcRegRecSubTypeCombo,Document Sub-Type,RadComboBox,9,SubType,Document Sub-Type,1,Document Sub-Type is required,0,NULL,0,NULL,NULL,OthSubTypeID,NULL,NULL,NULL
798,5234,12,wcIssuAuthCombo,Issue Authority,RadComboBox,10,IssuAuth,Issue Authority,1,Issue Authority is required,0,NULL,0,NULL,NULL,Issue Authority,NULL,NULL,NULL
799,5234,12,wcDocStateCombo,Issue State,RadComboBox,11,DocState,Issue State,1,Issue State is required,0,NULL,0,NULL,NULL,Issue State,NULL,NULL,NULL
800,5234,12,wcApplACTChk,Applicable in,CheckBox,13,Applicable,Applicable in,1,,0,NULL,0,NULL,NULL,Applicable in,NULL,NULL,NULL
801,5234,12,wcIssueDtPkr,Issue Date,RadDatePicker,14,IssueDt,Issue Date,1,Issue Date is required,0,NULL,0,NULL,NULL,Issue Date,NULL,NULL,NULL
802,5234,12,wcRevDtPkr,Revision Date,RadDatePicker,15,RevDt,Revision Date,1,Revision Date is required,0,NULL,0,NULL,NULL,Revision Date,NULL,NULL,NULL
803,5234,12,wcVersionRTB,Record Version No,RadNumericTextBox,16,VersionR,Record Version No,1,Version No is Required,0,NULL,0,NULL,NULL,Record Version No,NULL,NULL,NULL
804,5234,12,wcStatusCombo,Status,RadComboBox,17,Status,Status,1,Status is required,0,NULL,0,NULL,NULL,StatusID,NULL,NULL,NULL
805,5234,12,wcCommTB,Comments,RadTextBox,18,Comm,Comments,1,Details is required,0,NULL,0,NULL,NULL,Comments,NULL,NULL,NULL
806,5234,12,wcWebLinkTB,Web Link,RadTextBox,19,WebLink,Web Link,1,Web Link is required,0,NULL,0,NULL,NULL,Web Link,NULL,NULL,NULL
807,5234,12,wcAttachRPI,Attachments,SECTION,20,Attach,Attachments,1,N/A,0,NULL,0,wcAttachRPI,NULL,Attachments,NULL,NULL,NULL
808,5234,12,wcAttchRptr,List of Attachments,Repeater,21,Attach2,List of Attachments,1,,0,NULL,1,wcAttachRPI,NULL,List of Attachments,NULL,NULL,NULL
809,5234,12,wcDetRespApvRPI,Responsibilities and Approval,SECTION,22,DetRespApv,Responsibilities and Approval,1,N/A,0,NULL,0,wcDetRespApvRPI,NULL,Responsibilities and Approval,NULL,NULL,NULL
810,5234,12,wcRespCombo,Person Responsible,RadComboBox,24,PersonResp,Person Responsible,1,Person Responsible is required,0,NULL,0,wcDetRespApvRPI,NULL,Person Responsible,NULL,NULL,NULL
811,5234,12,wcCheckedByLbl,Checked By,Label,25,CheckedBy,Checked By,1,N/A,0,NULL,0,wcDetRespApvRPI,NULL,Checked By,NULL,NULL,NULL
812,5234,12,wcReviewedByLabel,Reviewed By,Label,26,ReviewedBy,Reviewed By,1,N/A,0,NULL,0,wcDetRespApvRPI,NULL,Reviewed By,NULL,NULL,NULL
813,5234,12,wcNextReviewPkr,Next Review Date,RadDatePicker,27,NextReview,Next Review Date,1,Next review date is required,0,NULL,0,wcDetRespApvRPI,NULL,Next Review Date,NULL,NULL,NULL
814,5234,12,wcAuthoriseLabel,Authorised By,Label,28,Authorise,Authorised By,1,N/A,0,NULL,0,wcDetRespApvRPI,NULL,Authorised By,NULL,NULL,NULL
815,5234,12,wcApproveLabel,Approved By,Label,29,Approve,Approved By,1,N/A,0,NULL,0,wcDetRespApvRPI,NULL,Approved By,NULL,NULL,NULL
816,5234,13,wcIDTB,ID,RadTextBox,2,ID,ID,1,ID is required,1,NULL,0,NULL,NULL,InternalNo,NULL,NULL,NULL
817,5234,13,wcTitleTB,Audit Title,RadTextBox,3,Title,Audit Title,1,Audit Title is required,1,NULL,0,NULL,NULL,TitleDesc,NULL,NULL,NULL
818,5234,13,wcDescTB,Description,RadTextBox,4,Desc,Description,1,Description is required,0,NULL,0,NULL,NULL,ExtDesc,NULL,NULL,NULL
819,5234,13,wcRegRecTypeCombo,Inspection Type,RadComboBox,5,Type,Inspection Type,1,Inspection Type is required,1,NULL,0,NULL,NULL,OthTypeID,NULL,NULL,NULL
820,5234,13,wcRegRecSubTypeCombo,Inspection Sub-Type,RadComboBox,6,SubType,Inspection Sub-Type,1,Inspection Sub-Type is required,0,NULL,0,NULL,NULL,OthSubTypeID,NULL,NULL,NULL
821,5234,13,wcStartDtPkr,Date,RadDateTimePicker,7,StartDt,Date,1,Date is required,0,NULL,0,NULL,NULL,StartDt,NULL,NULL,NULL
822,5234,13,wcContractorCompanyCMB,Contractor,RadComboBox,10,Contractor,Contractor,1,Contractor is required,0,NULL,0,NULL,NULL,Contractor,NULL,NULL,NULL
823,5234,13,wcLocationIDRadCombo,Location,RadComboBox,11,LocType,Location,1,Location is required,0,NULL,0,NULL,NULL,LocationName,NULL,NULL,NULL
824,5234,13,wcLocationTB,Location Address,RadTextBox,12,LocAddr,Location Address,1,Location Address is required,0,NULL,0,NULL,NULL,LocationAddr,NULL,NULL,NULL
825,5234,13,wcSpecificLocTB,Specific Location Details,RadTextBox,13,LocDet,Specific Location Details,1,Specific location is required,0,NULL,0,NULL,NULL,LocationDet,NULL,NULL,NULL
826,5234,13,wcStatusCombo,Status,RadComboBox,17,Status,Status,1,Status is required,0,NULL,0,NULL,NULL,StatusID,NULL,NULL,NULL
827,5234,13,wcCommTB,Details,RadTextBox,18,Comm,Details,1,Details is required,0,NULL,0,NULL,NULL,Details,NULL,NULL,NULL
828,5234,13,wcAttachRPI,Attachments,SECTION,19,Attach,Attachments,1,N/A,0,NULL,0,wcAttachRPI,NULL,Attachments,NULL,NULL,NULL
829,5234,13,wcAttchRptr,List of Attachments,Repeater,20,Attach2,List of Attachments,1,,0,NULL,1,wcAttachRPI,NULL,List of Attachments,NULL,NULL,NULL
830,5234,13,wcReqmtRPI,Requirements,SECTION,21,Reqmt,Requirements,1,N/A,0,NULL,0,wcReqmtRPI,NULL,Requirements,NULL,NULL,NULL
831,5234,13,wcReqPolRadLB,Relevant Policies,RadListBox,22,ReqPol,Relevant Policies,1,Relevant Policies is required,0,NULL,0,wcReqmtRPI,NULL,Relevant Policies,NULL,NULL,NULL
832,5234,13,wcReqLegsRadLB,Relevant Legislation,RadListBox,23,ReqLegs,Relevant Legislation,1,Relevant Legislation is required,0,NULL,0,wcReqmtRPI,NULL,Relevant Legislation,NULL,NULL,NULL
833,5234,13,wcDetRespApvRPI,Responsibilities and Approval,SECTION,24,DetRespApv,Responsibilities and Approval,1,N/A,0,NULL,0,wcDetRespApvRPI,NULL,Responsibilities and Approval,NULL,NULL,NULL
834,5234,13,wcRespCombo,Person Responsible,RadComboBox,26,PersonResp,Person Responsible,1,Person Responsible is required,0,NULL,0,wcDetRespApvRPI,NULL,Person Responsible,NULL,NULL,NULL
835,5234,13,wcCheckedByLbl,Checked By,Label,27,CheckedBy,Checked By,1,N/A,0,NULL,0,wcDetRespApvRPI,NULL,Checked By,NULL,NULL,NULL
836,5234,13,wcReviewedByLabel,Reviewed By,Label,28,ReviewedBy,Reviewed By,1,N/A,0,NULL,0,wcDetRespApvRPI,NULL,Reviewed By,NULL,NULL,NULL
837,5234,13,wcNextReviewPkr,Next Review Date,RadDatePicker,29,NextReview,Next Review Date,1,Next review date is required,0,NULL,0,wcDetRespApvRPI,NULL,Next Review Date,NULL,NULL,NULL
838,5234,13,wcAuthoriseLabel,Authorised By,Label,30,Authorise,Authorised By,1,N/A,0,NULL,0,wcDetRespApvRPI,NULL,Authorised By,NULL,NULL,NULL
839,5234,13,wcApproveLabel,Approved By,Label,31,Approve,Approved By,1,N/A,0,NULL,0,wcDetRespApvRPI,NULL,Approved By,NULL,NULL,NULL
840,5234,14,wcIDTB,ID,RadTextBox,2,ID,ID,1,ID is required,1,NULL,0,NULL,NULL,InternalNo,NULL,NULL,NULL
841,5234,14,wcTitleTB,Name,RadTextBox,3,Title,Name,1,Name is required,1,NULL,0,NULL,NULL,TitleDesc,NULL,NULL,NULL
842,5234,14,wcDescTB,Description,RadTextBox,4,Desc,Description,1,Description is required,0,NULL,0,NULL,NULL,ExtDesc,NULL,NULL,NULL
843,5234,14,wcRegRecTypeCombo,Meeting Type,RadComboBox,5,Type,Meeting Type,1,Meeting Type is required,1,NULL,0,NULL,NULL,OthTypeID,NULL,NULL,NULL
844,5234,14,wcRegRecSubTypeCombo,Meeting Sub-Type,RadComboBox,6,SubType,Meeting Sub-Type,1,Meeting Sub-Type is required,0,NULL,0,NULL,NULL,OthSubTypeID,NULL,NULL,NULL
845,5234,14,wcStartDtPkr,Meeting Date,RadDateTimePicker,7,StartDt,Meeting Date,1,Meeting Date is required,0,NULL,0,NULL,NULL,StartDt,NULL,NULL,NULL
846,5234,14,wcDuratnTB,Duration,RadTextBox,8,Duratn,Duration,1,Duration is required,0,NULL,0,NULL,NULL,Duration,NULL,NULL,NULL
847,5234,14,wcLocationIDRadCombo,Location,RadComboBox,10,LocType,Location,1,Location is required,0,NULL,0,NULL,NULL,LocationName,NULL,NULL,NULL
848,5234,14,wcLocationTB,Location Address,RadTextBox,11,LocAddr,Location Address,1,Location Address is required,0,NULL,0,NULL,NULL,LocationAddr,NULL,NULL,NULL
849,5234,14,wcSpecificLocTB,Specific Location Details,RadTextBox,12,LocDet,Specific Location Details,1,Specific location is required,0,NULL,0,NULL,NULL,LocationDet,NULL,NULL,NULL
850,5234,14,wcFacltdByTB,Chaired By,RadTextBox,16,FacltdBy,Chaired By,1,Chaired By is required,0,NULL,0,NULL,NULL,Chaired By,NULL,NULL,NULL
851,5234,14,wcMinByTB,Minutes Recorded By,RadTextBox,17,MinBy,Minutes Recorded By,1,Minutes Recorded By is required,0,NULL,0,NULL,NULL,Minutes Recorded By,NULL,NULL,NULL
852,5234,14,wcAttndRadListBox,Attendees,RadListBox,18,Attnd,Attendees,1,Attendees is required,0,NULL,0,NULL,NULL,Attendees,NULL,NULL,NULL
853,5234,14,wcApolgRadListBox,Apologies,RadListBox,19,Apolg,Apologies,1,Apologies is required,0,NULL,0,NULL,NULL,Apologies,NULL,NULL,NULL
854,5234,14,wcStatusCombo,Status,RadComboBox,20,Status,Status,1,Status is required,0,NULL,0,NULL,NULL,StatusID,NULL,NULL,NULL
855,5234,14,wcCommTB,Details,RadTextBox,21,Comm,Details,1,Details is required,0,NULL,0,NULL,NULL,Details,NULL,NULL,NULL
856,5234,14,wcAttachRPI,Attachments,SECTION,22,Attach,Attachments,1,N/A,0,NULL,0,wcAttachRPI,NULL,Attachments,NULL,NULL,NULL
857,5234,14,wcAttchRptr,List of Attachments,Repeater,23,Attach2,List of Attachments,1,,0,NULL,1,wcAttachRPI,NULL,List of Attachments,NULL,NULL,NULL
858,5234,14,wcReqmtRPI,Requirements,SECTION,24,Reqmt,Requirements,1,N/A,0,NULL,0,wcReqmtRPI,NULL,Requirements,NULL,NULL,NULL
859,5234,14,wcReqPolRadLB,Relevant Policies,RadListBox,25,ReqPol,Relevant Policies,1,Relevant Policies is required,0,NULL,0,wcReqmtRPI,NULL,Relevant Policies,NULL,NULL,NULL
860,5234,14,wcReqLegsRadLB,Relevant Legislation,RadListBox,26,ReqLegs,Relevant Legislation,1,Relevant Legislation is required,0,NULL,0,wcReqmtRPI,NULL,Relevant Legislation,NULL,NULL,NULL
861,5234,14,wcDetRespApvRPI,Responsibilities and Approval,SECTION,27,DetRespApv,Responsibilities and Approval,1,N/A,0,NULL,0,wcDetRespApvRPI,NULL,Responsibilities and Approval,NULL,NULL,NULL
862,5234,14,wcRespCombo,Person Responsible,RadComboBox,29,PersonResp,Person Responsible,1,Person Responsible is required,0,NULL,0,wcDetRespApvRPI,NULL,Person Responsible,NULL,NULL,NULL
863,5234,14,wcCheckedByLbl,Checked By,Label,30,CheckedBy,Checked By,1,N/A,0,NULL,0,wcDetRespApvRPI,NULL,Checked By,NULL,NULL,NULL
864,5234,14,wcReviewedByLabel,Reviewed By,Label,31,ReviewedBy,Reviewed By,1,N/A,0,NULL,0,wcDetRespApvRPI,NULL,Reviewed By,NULL,NULL,NULL
865,5234,14,wcNextReviewPkr,Next Review Date,RadDatePicker,32,NextReview,Next Review Date,1,Next review date is required,0,NULL,0,wcDetRespApvRPI,NULL,Next Review Date,NULL,NULL,NULL
866,5234,14,wcAuthoriseLabel,Authorised By,Label,33,Authorise,Authorised By,1,N/A,0,NULL,0,wcDetRespApvRPI,NULL,Authorised By,NULL,NULL,NULL
867,5234,14,wcApproveLabel,Approved By,Label,34,Approve,Approved By,1,N/A,0,NULL,0,wcDetRespApvRPI,NULL,Approved By,NULL,NULL,NULL
868,5234,15,wcIDTB,ID,RadTextBox,2,ID,ID,1,ID is required,1,NULL,0,NULL,NULL,InternalNo,NULL,NULL,NULL
869,5234,15,wcTitleTB,Name,RadTextBox,3,Title,Name,1,Name is required,1,NULL,0,NULL,NULL,TitleDesc,NULL,NULL,NULL
870,5234,15,wcDescTB,Description,RadTextBox,4,Desc,Description,1,Description is required,0,NULL,0,NULL,NULL,ExtDesc,NULL,NULL,NULL
871,5234,15,wcRegRecTypeCombo,Exercise Type,RadComboBox,5,Type,Exercise Type,1,Exercise Type is required,1,NULL,0,NULL,NULL,OthTypeID,NULL,NULL,NULL
872,5234,15,wcRegRecSubTypeCombo,Exercise Sub-Type,RadComboBox,6,SubType,Exercise Sub-Type,1,Exercise Sub-Type is required,0,NULL,0,NULL,NULL,OthSubTypeID,NULL,NULL,NULL
873,5234,15,wcStartDtPkr,Exercise Date,RadDateTimePicker,7,StartDt,Exercise Date,1,Exercise Date is required,0,NULL,0,NULL,NULL,StartDt,NULL,NULL,NULL
874,5234,15,wcDuratnTB,Duration,RadTextBox,8,Duratn,Duration,1,Duration is required,0,NULL,0,NULL,NULL,Duration,NULL,NULL,NULL
875,5234,15,wcLocationIDRadCombo,Location,RadComboBox,10,LocType,Location,1,Location is required,0,NULL,0,NULL,NULL,LocationName,NULL,NULL,NULL
876,5234,15,wcLocationTB,Location Address,RadTextBox,11,LocAddr,Location Address,1,Location Address is required,0,NULL,0,NULL,NULL,LocationAddr,NULL,NULL,NULL
877,5234,15,wcSpecificLocTB,Specific Location Details,RadTextBox,12,LocDet,Specific Location Details,1,Specific location is required,0,NULL,0,NULL,NULL,LocationDet,NULL,NULL,NULL
878,5234,15,wcFacltdByTB,Facilitated By,RadTextBox,15,FacltdBy,Facilitated By,1,Facilitated By is required,0,NULL,0,NULL,NULL,Facilitated By,NULL,NULL,NULL
879,5234,15,wcStatusCombo,Status,RadComboBox,16,Status,Status,1,Status is required,0,NULL,0,NULL,NULL,StatusID,NULL,NULL,NULL
880,5234,15,wcCommTB,Details,RadTextBox,17,Comm,Details,1,Details is required,0,NULL,0,NULL,NULL,Details,NULL,NULL,NULL
881,5234,15,wcAttachRPI,Attachments,SECTION,18,Attach,Attachments,1,N/A,0,NULL,0,wcAttachRPI,NULL,Attachments,NULL,NULL,NULL
882,5234,15,wcAttchRptr,List of Attachments,Repeater,19,Attach2,List of Attachments,1,,0,NULL,1,wcAttachRPI,NULL,List of Attachments,NULL,NULL,NULL
883,5234,15,wcReqmtRPI,Requirements,SECTION,20,Reqmt,Requirements,1,N/A,0,NULL,0,wcReqmtRPI,NULL,Requirements,NULL,NULL,NULL
884,5234,15,wcReqPolRadLB,Relevant Policies,RadListBox,21,ReqPol,Relevant Policies,1,Relevant Policies is required,0,NULL,0,wcReqmtRPI,NULL,Relevant Policies,NULL,NULL,NULL
885,5234,15,wcReqLegsRadLB,Relevant Legislation,RadListBox,22,ReqLegs,Relevant Legislation,1,Relevant Legislation is required,0,NULL,0,wcReqmtRPI,NULL,Relevant Legislation,NULL,NULL,NULL
886,5234,15,wcReqTrngRadLB,Relevant Training,RadListBox,23,ReqTrng,Relevant Training,1,Relevant Training is required,0,NULL,0,wcReqmtRPI,NULL,Relevant Training,NULL,NULL,NULL
887,5234,15,wcDetRespApvRPI,Responsibilities and Approval,SECTION,24,DetRespApv,Responsibilities and Approval,1,N/A,0,NULL,0,wcDetRespApvRPI,NULL,Responsibilities and Approval,NULL,NULL,NULL
888,5234,15,wcRespCombo,Person Responsible,RadComboBox,26,PersonResp,Person Responsible,1,Person Responsible is required,0,NULL,0,wcDetRespApvRPI,NULL,Person Responsible,NULL,NULL,NULL
889,5234,15,wcCheckedByLbl,Checked By,Label,27,CheckedBy,Checked By,1,N/A,0,NULL,0,wcDetRespApvRPI,NULL,Checked By,NULL,NULL,NULL
890,5234,15,wcReviewedByLabel,Reviewed By,Label,28,ReviewedBy,Reviewed By,1,N/A,0,NULL,0,wcDetRespApvRPI,NULL,Reviewed By,NULL,NULL,NULL
891,5234,15,wcNextReviewPkr,Next Review Date,RadDatePicker,29,NextReview,Next Review Date,1,Next review date is required,0,NULL,0,wcDetRespApvRPI,NULL,Next Review Date,NULL,NULL,NULL
892,5234,15,wcAuthoriseLabel,Authorised By,Label,30,Authorise,Authorised By,1,N/A,0,NULL,0,wcDetRespApvRPI,NULL,Authorised By,NULL,NULL,NULL
893,5234,15,wcApproveLabel,Approved By,Label,31,Approve,Approved By,1,N/A,0,NULL,0,wcDetRespApvRPI,NULL,Approved By,NULL,NULL,NULL
894,5234,16,wcIDTB,ID,RadTextBox,2,ID,ID,1,ID is required,1,NULL,0,NULL,NULL,InternalNo,NULL,NULL,NULL
895,5234,16,wcTitleTB,Document Title,RadTextBox,3,Title,Document Title,1,Document Title is required,1,NULL,0,NULL,NULL,TitleDesc,NULL,NULL,NULL
896,5234,16,wcDescTB,Description,RadTextBox,4,Desc,Description,1,Description is required,0,NULL,0,NULL,NULL,ExtDesc,NULL,NULL,NULL
897,5234,16,wcRegRecTypeCombo,Type,RadComboBox,6,Type,Type,1,Type is required,1,NULL,0,NULL,NULL,OthTypeID,NULL,NULL,NULL
898,5234,16,wcRegRecSubTypeCombo,Sub-Type,RadComboBox,7,SubType,Sub-Type,1,Sub-Type is required,0,NULL,0,NULL,NULL,OthSubTypeID,NULL,NULL,NULL
899,5234,16,wcDocStateCombo,State,RadComboBox,8,DocState,State,1,State is required,0,NULL,0,NULL,NULL,State,NULL,NULL,NULL
900,5234,16,wcComposeChk,Enable SWP builder form?,CheckBox,9,Compose,Enable SWP builder form?,1,,0,NULL,0,NULL,NULL,Enable SWP builder form?,NULL,NULL,NULL
901,5234,16,wcWHSRecCombo,Link RA/JSA/SWMS,RadComboBox,10,LinkWHS,Link RA/JSA/SWMS,1,Linked record is required,0,NULL,0,NULL,NULL,Link RA/JSA/SWMS,NULL,NULL,NULL
902,5234,16,wcDocRadUpload,Upload Document,RadAsyncUpload,11,Upload,Upload Document,1,,0,NULL,0,NULL,NULL,Upload Document,NULL,NULL,NULL
903,5234,16,wcLocationIDRadCombo,Location,RadComboBox,13,LocType,Location,1,Location is required,0,NULL,0,NULL,NULL,LocationName,NULL,NULL,NULL
904,5234,16,wcLocationTB,Location Address,RadTextBox,14,LocAddr,Location Address,1,Location Address is required,0,NULL,0,NULL,NULL,LocationAddr,NULL,NULL,NULL
905,5234,16,wcSpecificLocTB,Specific Location Details,RadTextBox,15,LocDet,Specific Location Details,1,Specific location is required,0,NULL,0,NULL,NULL,LocationDet,NULL,NULL,NULL
906,5234,16,wcIssueDtPkr,Issue Date,RadDatePicker,16,IssueDt,Issue Date,1,Issue Date is required,0,NULL,0,NULL,NULL,Issue Date,NULL,NULL,NULL
907,5234,16,wcRevDtPkr,Revision Date,RadDatePicker,17,RevDt,Revision Date,1,Revision Date is required,0,NULL,0,NULL,NULL,Revision Date,NULL,NULL,NULL
908,5234,16,wcVersionRTB,Record Version No,RadNumericTextBox,18,VersionR,Record Version No,1,Version No is Required,0,NULL,0,NULL,NULL,Record Version No,NULL,NULL,NULL
909,5234,16,wcStatusCombo,Status,RadComboBox,19,Status,Status,1,Status is required,0,NULL,0,NULL,NULL,StatusID,NULL,NULL,NULL
910,5234,16,wcCommTB,Details,RadTextBox,20,Comm,Details,1,Details is required,0,NULL,0,NULL,NULL,Details,NULL,NULL,NULL
911,5234,16,wcAttachRPI,Attachments,SECTION,22,Attach,Attachments,1,N/A,0,NULL,0,wcAttachRPI,NULL,Attachments,NULL,NULL,NULL
912,5234,16,wcAttchRptr,List of Attachments,Repeater,23,Attach2,List of Attachments,1,,0,NULL,1,wcAttachRPI,NULL,List of Attachments,NULL,NULL,NULL
913,5234,16,wcReqmtRPI,Requirements,SECTION,24,Reqmt,Requirements,1,N/A,0,NULL,0,wcReqmtRPI,NULL,Requirements,NULL,NULL,NULL
914,5234,16,wcReqPolRadLB,Relevant Policies,RadListBox,25,ReqPol,Relevant Policies,1,Relevant Policies is required,0,NULL,0,wcReqmtRPI,NULL,Relevant Policies,NULL,NULL,NULL
915,5234,16,wcReqLegsRadLB,Relevant Legislation,RadListBox,26,ReqLegs,Relevant Legislation,1,Relevant Legislation is required,0,NULL,0,wcReqmtRPI,NULL,Relevant Legislation,NULL,NULL,NULL
916,5234,16,wcReqTrngRadLB,Relevant Training,RadListBox,27,ReqTrng,Relevant Training,1,Relevant Training is required,0,NULL,0,wcReqmtRPI,NULL,Relevant Training,NULL,NULL,NULL
917,5234,16,wcDetRespApvRPI,Responsibilities and Approval,SECTION,28,DetRespApv,Responsibilities and Approval,1,N/A,0,NULL,0,wcDetRespApvRPI,NULL,Responsibilities and Approval,NULL,NULL,NULL
918,5234,16,wcRespCombo,Person Responsible,RadComboBox,30,PersonResp,Person Responsible,1,Person Responsible is required,0,NULL,0,wcDetRespApvRPI,NULL,Person Responsible,NULL,NULL,NULL
919,5234,16,wcCheckedByLbl,Checked By,Label,31,CheckedBy,Checked By,1,N/A,0,NULL,0,wcDetRespApvRPI,NULL,Checked By,NULL,NULL,NULL
920,5234,16,wcReviewedByLabel,Reviewed By,Label,32,ReviewedBy,Reviewed By,1,N/A,0,NULL,0,wcDetRespApvRPI,NULL,Reviewed By,NULL,NULL,NULL
921,5234,16,wcNextReviewPkr,Next Review Date,RadDatePicker,33,NextReview,Next Review Date,1,Next review date is required,0,NULL,0,wcDetRespApvRPI,NULL,Next Review Date,NULL,NULL,NULL
922,5234,16,wcAuthoriseLabel,Authorised By,Label,34,Authorise,Authorised By,1,N/A,0,NULL,0,wcDetRespApvRPI,NULL,Authorised By,NULL,NULL,NULL
923,5234,16,wcApproveLabel,Approved By,Label,35,Approve,Approved By,1,N/A,0,NULL,0,wcDetRespApvRPI,NULL,Approved By,NULL,NULL,NULL
924,5234,17,wcIDTB,ID,RadTextBox,2,ID,ID,1,ID is required,1,NULL,0,NULL,NULL,InternalNo,NULL,NULL,NULL
925,5234,17,wcTitleTB,Policy Title,RadTextBox,3,Title,Policy Title,1,Policy Title is required,1,NULL,0,NULL,NULL,TitleDesc,NULL,NULL,NULL
926,5234,17,wcDescTB,Description,RadTextBox,4,Desc,Description,1,Description is required,0,NULL,0,NULL,NULL,ExtDesc,NULL,NULL,NULL
927,5234,17,wcRegRecTypeCombo,Policy Type,RadComboBox,6,Type,Policy Type,1,Policy Type is required,1,NULL,0,NULL,NULL,OthTypeID,NULL,NULL,NULL
928,5234,17,wcRegRecSubTypeCombo,Policy Sub-Type,RadComboBox,7,SubType,Policy Sub-Type,1,Policy Sub-Type is required,0,NULL,0,NULL,NULL,OthSubTypeID,NULL,NULL,NULL
929,5234,17,wcDocStateCombo,State,RadComboBox,8,DocState,State,1,State is required,0,NULL,0,NULL,NULL,State,NULL,NULL,NULL
930,5234,17,wcIssueDtPkr,Issue Date,RadDatePicker,10,IssueDt,Issue Date,1,Issue Date is required,0,NULL,0,NULL,NULL,Issue Date,NULL,NULL,NULL
931,5234,17,wcRevDtPkr,Revision Date,RadDatePicker,11,RevDt,Revision Date,1,Revision Date is required,0,NULL,0,NULL,NULL,Revision Date,NULL,NULL,NULL
932,5234,17,wcVersionRTB,Record Version No,RadNumericTextBox,12,VersionR,Record Version No,1,Version No is Required,0,NULL,0,NULL,NULL,Record Version No,NULL,NULL,NULL
933,5234,17,wcStatusCombo,Status,RadComboBox,13,Status,Status,1,Status is required,0,NULL,0,NULL,NULL,StatusID,NULL,NULL,NULL
934,5234,17,wcCommTB,Details,RadTextBox,14,Comm,Details,1,Details is required,0,NULL,0,NULL,NULL,Details,NULL,NULL,NULL
935,5234,17,wcPolLabel,Policy,Label,15,Pol,Policy,1,,0,NULL,0,NULL,NULL,Policy,NULL,NULL,NULL
936,5234,17,wcPolTextTB,Policy Text,RadEditor,16,PolTxt,Policy Text,1,,0,NULL,0,NULL,NULL,Policy Text,NULL,NULL,NULL
937,5234,17,wcAttachRPI,Attachments,SECTION,18,Attach,Attachments,1,N/A,0,NULL,0,wcAttachRPI,NULL,Attachments,NULL,NULL,NULL
938,5234,17,wcAttchRptr,List of Attachments,Repeater,19,Attach2,List of Attachments,1,,0,NULL,1,wcAttachRPI,NULL,List of Attachments,NULL,NULL,NULL
939,5234,17,wcReqmtRPI,Requirements,SECTION,20,Reqmt,Requirements,1,N/A,0,NULL,0,wcReqmtRPI,NULL,Requirements,NULL,NULL,NULL
940,5234,17,wcReqLegsRadLB,Relevant Legislation,RadListBox,21,ReqLegs,Relevant Legislation,1,Relevant Legislation is required,0,NULL,0,wcReqmtRPI,NULL,Relevant Legislation,NULL,NULL,NULL
941,5234,17,wcReqTrngRadLB,Relevant Training,RadListBox,22,ReqTrng,Relevant Training,1,Relevant Training is required,0,NULL,0,wcReqmtRPI,NULL,Relevant Training,NULL,NULL,NULL
942,5234,17,wcDetRespApvRPI,Responsibilities and Approval,SECTION,23,DetRespApv,Responsibilities and Approval,1,N/A,0,NULL,0,wcDetRespApvRPI,NULL,Responsibilities and Approval,NULL,NULL,NULL
943,5234,17,wcRespCombo,Person Responsible,RadComboBox,25,PersonResp,Person Responsible,1,Person Responsible is required,0,NULL,0,wcDetRespApvRPI,NULL,Person Responsible,NULL,NULL,NULL
944,5234,17,wcCheckedByLbl,Checked By,Label,26,CheckedBy,Checked By,1,N/A,0,NULL,0,wcDetRespApvRPI,NULL,Checked By,NULL,NULL,NULL
945,5234,17,wcReviewedByLabel,Reviewed By,Label,27,ReviewedBy,Reviewed By,1,N/A,0,NULL,0,wcDetRespApvRPI,NULL,Reviewed By,NULL,NULL,NULL
946,5234,17,wcNextReviewPkr,Next Review Date,RadDatePicker,28,NextReview,Next Review Date,1,Next review date is required,0,NULL,0,wcDetRespApvRPI,NULL,Next Review Date,NULL,NULL,NULL
947,5234,17,wcAuthoriseLabel,Authorised By,Label,29,Authorise,Authorised By,1,N/A,0,NULL,0,wcDetRespApvRPI,NULL,Authorised By,NULL,NULL,NULL
948,5234,17,wcApproveLabel,Approved By,Label,30,Approve,Approved By,1,N/A,0,NULL,0,wcDetRespApvRPI,NULL,Approved By,NULL,NULL,NULL
949,5245,18,wcPhoUpload,Photo,RadAsyncUpload,2,PhotName,Photo,1,Photo is required,0,NULL,0,NULL,NULL,Photo,NULL,NULL,NULL
950,5245,18,wcTitleTB,Title,RadTextBox,3,Title,Title,1,Title is required,0,NULL,0,NULL,NULL,TitleDesc,NULL,NULL,NULL
951,5245,18,wcFirstNameTB,First Name,RadTextBox,4,FirstName,First Name,1,First Name is required,1,NULL,0,NULL,NULL,First Name,NULL,NULL,NULL
952,5245,18,wcLastNameTB,Last Name,RadTextBox,5,LastName,Last Name,1,Last Name is required,1,NULL,0,NULL,NULL,Last Name,NULL,NULL,NULL
953,5245,18,wcOtherNameTB,Other Known Names,RadTextBox,6,OtherName,Other Known Names,1,Other Known Names is required,0,NULL,0,NULL,NULL,Other Known Names,NULL,NULL,NULL
954,5245,18,wcSexRdoList,Sex,RadioButtonList,7,Sex,Sex,1,Sex is required,0,NULL,0,NULL,NULL,Sex,NULL,NULL,NULL
955,5245,18,wcDOBPkr,Date of Birth,RadDatePicker,8,DOB,Date of Birth,1,Date of Birth is required,0,NULL,0,NULL,NULL,Date of Birth,NULL,NULL,NULL
956,5245,18,wcPhoneNoTB,Home Phone Number,RadTextBox,9,PhoneNo,Home Phone Number,1,Home Phone Number is required,0,NULL,0,NULL,NULL,Home Phone Number,NULL,NULL,NULL
957,5245,18,wcMobileTB,Mobile Number,RadTextBox,10,Mobile,Mobile Number,1,Mobile Number is required,0,NULL,0,NULL,NULL,Mobile Number,NULL,NULL,NULL
958,5245,18,wcEmpAddress,Home Address,RadTextBox,11,EmpAddress,Home Address,1,Home Address is required,0,NULL,0,NULL,NULL,Home Address,NULL,NULL,NULL
959,5245,18,wcPostAddrTB,Postal Address,RadTextBox,12,PostAddr,Postal Address,1,Postal Address is required,0,NULL,0,NULL,NULL,Postal Address,NULL,NULL,NULL
960,5245,18,wcPerEmailAddrTB,Personal Email Address,RadTextBox,13,PerEmailAddr,Personal Email Address,1,Personal Email Address is required,0,NULL,0,NULL,NULL,Personal Email Address,NULL,NULL,NULL
961,5245,18,wcUSITB,Unique Student Identifier  (USI),RadTextBox,14,USI,Unique Student Identifier  (USI),1,USI is required,0,NULL,0,NULL,NULL,Unique Student Identifier  (USI),NULL,NULL,NULL
962,5245,18,wcMedicareTB,Medicare Number,RadTextBox,15,Medicare,Medicare Number,1,Medicare Number is required,0,NULL,0,NULL,NULL,Medicare Number,NULL,NULL,NULL
963,5245,18,wcAmbNameTB,Ambulance Insurance Name,RadTextBox,16,AmbName,Ambulance Insurance Name,1,Ambulance Insurance Name is required,0,NULL,0,NULL,NULL,Ambulance Insurance Name,NULL,NULL,NULL
964,5245,18,wcAmbNoTB,Policy Number,RadTextBox,17,AmbPolNo,Policy Number,1,Policy Number is required,0,NULL,0,NULL,NULL,Policy Number,NULL,NULL,NULL
965,5245,18,wcAmbExpDt,Expiry Date,RadDatePicker,18,AmbExpDt,Expiry Date,1,Expiry Date is required,0,NULL,0,NULL,NULL,Expiry Date,NULL,NULL,NULL
966,5245,18,wcEmergFNameTB,Emergency Contact Name,RadTextBox,19,EmergName,Emergency Contact Name,1,Emergency Contact Name is required,0,NULL,0,NULL,NULL,Emergency Contact Name,NULL,NULL,NULL
967,5245,18,wcEmergRelTB,Relationship,RadTextBox,20,EmergRel,Relationship,1,Relationship is required,0,NULL,0,NULL,NULL,Relationship,NULL,NULL,NULL
968,5245,18,wcEmergAddrTB,Address,RadTextBox,21,EmergAddr,Address,1,Address is required,0,NULL,0,NULL,NULL,Address,NULL,NULL,NULL
969,5245,18,wcEmergPhoneTB,Phone Number,RadTextBox,22,EmergPhNo,Phone Number,1,Phone Number is required,0,NULL,0,NULL,NULL,Phone Number,NULL,NULL,NULL
970,5245,18,wcEmergEmailTB,Email Address,RadTextBox,23,EmergEmail,Email Address,1,Email Address is required,0,NULL,0,NULL,NULL,Email Address,NULL,NULL,NULL
971,5245,18,wcCurrEmpDetRPI,Current Employment Details,SECTION,24,CurrEmpDet,Current Employment Details,1,N/A,0,NULL,0,wcCurrEmpDetRPI,NULL,Current Employment Details,NULL,NULL,NULL
972,5245,18,wcEmpIDTB,Employee ID,RadTextBox,25,EmpID,Employee ID,1,Employee ID is required,0,NULL,0,wcCurrEmpDetRPI,NULL,Employee ID,NULL,NULL,NULL
973,5245,18,wcEmpDateEmployedPkr,Date Employed,RadDatePicker,26,EmpDateEmployed,Date Employed,1,Date Employed is required,0,NULL,0,wcCurrEmpDetRPI,NULL,Date Employed,NULL,NULL,NULL
974,5245,18,wcUserTypeRadCombo,Employee Type/Role,RadComboBox,28,UserType,Employee Type/Role,1,Employee Type/Role is required,1,NULL,0,wcCurrEmpDetRPI,NULL,Employee Type/Role,NULL,NULL,NULL
975,5245,18,wcEmploymentCatCombo,Employee Category,RadComboBox,29,EmploymentCat,Employee Category,1,Employee Category is required,0,NULL,0,wcCurrEmpDetRPI,NULL,Employee Category,NULL,NULL,NULL
976,5245,18,wcEmpTitleCmb,Job Title,RadComboBox,30,EmpTitle,Job Title,1,Job Title is required,0,NULL,0,wcCurrEmpDetRPI,NULL,Job Title,NULL,NULL,NULL
977,5245,18,wcOCcupationCombo,Occupation,RadComboBox,31,Occupation,Occupation,1,Occupation is required,0,NULL,0,wcCurrEmpDetRPI,NULL,Occupation,NULL,NULL,NULL
978,5245,18,wcJobDescTB,Job Description/Duties,RadTextBox,32,JobDesc,Job Description/Duties,1,Occupation is required,0,NULL,0,wcCurrEmpDetRPI,NULL,Job Description/Duties,NULL,NULL,NULL
979,5245,18,wcReportsToCombo,Reports To,RadComboBox,33,ReportsTo,Reports To,1,Occupation is required,0,NULL,0,wcCurrEmpDetRPI,NULL,Reports To,NULL,NULL,NULL
980,5245,18,wcAddTrngCmb,Additional Training Requirements,RadComboBox,34,AddTrng,Additional Training Requirements,1,Additional Training Requirements is required,0,NULL,0,wcCurrEmpDetRPI,NULL,Additional Training Requirements,NULL,NULL,NULL
981,5245,18,wcWorkContactHdrLabel,Work Contact Details,Label,35,WorkContactHdr,Work Contact Details,1,,0,NULL,0,wcCurrEmpDetRPI,NULL,Work Contact Details,NULL,NULL,NULL
982,5245,18,wcEmailAddrTB,Work  Email,RadTextBox,36,EmailAddr,Work  Email,1,Work  Email is required,0,NULL,0,wcCurrEmpDetRPI,NULL,Work  Email,NULL,NULL,NULL
983,5245,18,wcWorkPhoneTB,Phone/Extension,RadTextBox,37,WorkPhone,Phone/Extension,1,Phone/Extension is required,0,NULL,0,wcCurrEmpDetRPI,NULL,Phone/Extension,NULL,NULL,NULL
984,5245,18,wcWorkPhAHTB,Phone - after hours,RadTextBox,38,WorkPhAH,Phone - after hours,1,Phone is required,0,NULL,0,wcCurrEmpDetRPI,NULL,Phone - after hours,NULL,NULL,NULL
985,5245,18,wcWorkMobTB,Work Mobile Number,RadTextBox,39,WorkMob,Work Mobile Number,1,Work Mobile Number is required,0,NULL,0,wcCurrEmpDetRPI,NULL,Work Mobile Number,NULL,NULL,NULL
986,5245,18,wcPagerTB,Pager,RadTextBox,40,Pager,Pager,1,Pager is required,0,NULL,0,wcCurrEmpDetRPI,NULL,Pager,NULL,NULL,NULL
987,5245,18,wcFaxTB,Fax Number,RadTextBox,41,Fax,Fax Number,1,Fax Number is required,0,NULL,0,wcCurrEmpDetRPI,NULL,Fax Number,NULL,NULL,NULL
988,5245,18,wcAdditDetHdrLabel,Additional Details,Label,42,AdditDetHdr,Additional Details,1,,0,NULL,0,wcCurrEmpDetRPI,NULL,Additional Details,NULL,NULL,NULL
989,5245,18,wcContractorCompanyCmb,Contractor Name,RadComboBox,43,ContractorCompany,Contractor Name,1,Contractor Name is required,0,NULL,0,wcCurrEmpDetRPI,NULL,Contractor Name,NULL,NULL,NULL
990,5245,18,wcClientCmb,Client Name,RadComboBox,44,Client,Client Name,1,Client Name is required,0,NULL,0,wcCurrEmpDetRPI,NULL,Client Name,NULL,NULL,NULL
991,5245,18,wcEmpDivisionCmb,Employment Division,RadComboBox,45,EmpDivision,Employment Division,1,Employment Division is required,0,NULL,0,wcCurrEmpDetRPI,NULL,Employment Division,NULL,NULL,NULL
992,5245,18,wcEmpDeptCmb,Employment Department,RadComboBox,46,EmpDept,Employment Department,1,Employment Department is required,0,NULL,0,wcCurrEmpDetRPI,NULL,Employment Department,NULL,NULL,NULL
993,5245,18,wcLocationIDRadCombo,Employment Location,RadComboBox,48,Location,Employment Location,1,Employment Location is required,0,NULL,0,wcCurrEmpDetRPI,NULL,LocationName,NULL,NULL,NULL
994,5245,18,wcEmpLocationTB,Location Address,RadTextBox,49,EmpLocation,Location Address,1,Location Address is required,0,NULL,0,wcCurrEmpDetRPI,NULL,Location Address,NULL,NULL,NULL
995,5245,18,wcTermDtPkr,Terminated ? / Date,RadDatePicker,52,TermDt,Terminated ? / Date,1,Terminated Date is required,0,NULL,0,wcCurrEmpDetRPI,NULL,Terminated ? / Date,NULL,NULL,NULL
996,5245,18,wcEmpFinRPI,Employment Financials,SECTION,53,EmpFin,Employment Financials,1,N/A,0,NULL,0,wcEmpFinRPI,NULL,Employment Financials,NULL,NULL,NULL
997,5245,18,wcEmpAwardCombo,Employment Award/Agreement,RadComboBox,54,EmpAward,Employment Award/Agreement,1,Employment Award/Agreement is required,0,NULL,0,wcEmpFinRPI,NULL,Employment Award/Agreement,NULL,NULL,NULL
998,5245,18,wcEmpAwardTitTB,Title of Award/Agreement,RadTextBox,55,EmpAwardTit,Title of Award/Agreement,1,Title of Award/Agreement is required,0,NULL,0,wcEmpFinRPI,NULL,Title of Award/Agreement,NULL,NULL,NULL
999,5245,18,wcEmpHrsWorkTB,Ordinary hours worked per week,RadTextBox,56,EmpHrsWork,Ordinary hours worked per week,1,Ordinary hours worked per week is required,0,NULL,0,wcEmpFinRPI,NULL,Ordinary hours worked per week,NULL,NULL,NULL
1000,5245,18,wcEmpHrRateTB,Ordinary gross hourly rate,RadTextBox,57,EmpHrRate,Ordinary gross hourly rate,1,Ordinary gross hourly rate is required,0,NULL,0,wcEmpFinRPI,NULL,Ordinary gross hourly rate,NULL,NULL,NULL
1001,5245,18,wcPersonalReqRPI,Personal Requirements,SECTION,58,PersonalReq,Personal Requirements,1,N/A,0,NULL,0,wcPersonalReqRPI,NULL,Personal Requirements,NULL,NULL,NULL
1002,5245,18,wcReqInterpChk,Requires interpreter,CheckBox,59,ReqInterp,Requires interpreter,1,Answer is required,0,NULL,0,wcPersonalReqRPI,NULL,Requires interpreter,NULL,NULL,NULL
1003,5245,18,wcPrefLanguageTB,Preferred Language,RadTextBox,60,PrefLanguage,Preferred Language,1,Preferred Language is required,0,NULL,0,wcPersonalReqRPI,NULL,Preferred Language,NULL,NULL,NULL
1004,5245,18,wcCommDisabTB,Communication needs because of disability,RadTextBox,61,CommDisab,Communication needs because of disability,1,Communication needs because of disability is required,0,NULL,0,wcPersonalReqRPI,NULL,Communication needs because of disability,NULL,NULL,NULL
1005,5245,18,wcRespRPI,Responsibilities and Approval,SECTION,62,Resp,Responsibilities and Approval,1,N/A,0,NULL,0,wcRespRPI,NULL,Responsibilities and Approval,NULL,NULL,NULL
1006,5245,18,wcWHSRespCmb,WHS Responsibilities,RadComboBox,63,WHSResp,WHS Responsibilities,1,WHS Responsibilities is required,0,NULL,0,wcRespRPI,NULL,WHS Responsibilities,NULL,NULL,NULL
1007,5245,18,wcApprovalRespCombo,Approval Responsibility,RadComboBox,64,ApprovalResp,Approval Responsibility,1,Approval Responsibility is required,0,NULL,0,wcRespRPI,NULL,Approval Responsibility,NULL,NULL,NULL
1008,5245,18,wcActiveChk,Person is Active ?,CheckBox,65,Active,Person is Active ?,1,Answer is required,0,NULL,0,wcRespRPI,NULL,Person is Active ?,NULL,NULL,NULL
1009,5245,18,wcCommentsTB,Comments,CheckBox,66,Comments,Comments,1,Comments is required,0,NULL,0,wcRespRPI,NULL,Comments,NULL,NULL,NULL
1010,5245,18,wcAttachRPI,Attachments,SECTION,67,Attach,Attachments,1,N/A,0,NULL,0,wcAttachRPI,NULL,Attachments,NULL,NULL,NULL
1011,5245,18,wcAttchRptr,List of Attachments,Repeater,68,AttchRptr,List of Attachments,1,,0,NULL,1,wcAttachRPI,NULL,List of Attachments,NULL,NULL,NULL
1012,5236,10,wcTrainingDetHdrLabel,Training Details,Label,65,TrainingDetHdr,Training Details,0,N/A,0,NULL,0,wcDetRespApvRPI,NULL,Training Details,NULL,NULL,NULL
1013,5236,10,wcTrStartDtPkr,Training Date,RadDatePicker,67,TrStartDt,Training Date,0,Training Date is required,0,NULL,0,wcDetRespApvRPI,NULL,Training Date,NULL,NULL,NULL
1014,5236,10,wcTrDuratnTB,Duration,RadTextBox,68,TrDuratn,Duration,0,Duration is required,0,NULL,0,wcDetRespApvRPI,NULL,Duration,NULL,NULL,NULL
1015,5236,10,wcTrLocTypeCmb,Location,RadComboBox,69,TrLocType,Location,0,Location is required,0,NULL,0,wcDetRespApvRPI,NULL,Location,NULL,NULL,NULL
1016,5236,10,wcTrLocationAddrTB,Location Address,RadTextBox,70,TrLocationAddr,Location Address,0,Location Address is required,0,NULL,0,wcDetRespApvRPI,NULL,Location Address,NULL,NULL,NULL
1017,5236,10,wcTrLocationDetTB,Specific Location Details,RadTextBox,71,TrLocationDet,Specific Location Details,0,Specific Location Details is required,0,NULL,0,wcDetRespApvRPI,NULL,Specific Location Details,NULL,NULL,NULL
1018,5245,18,wcContractExpDtPkr,Contract Expiry Date,RadDatePicker,27,ContractExpiryDt,Contract Expiry Date,1,Contract Expiry Date is required,0,NULL,0,wcCurrEmpDetRPI,NULL,Contract Expiry Date,NULL,NULL,NULL
1019,5234,13,wcEmpDivisionCmb,Division,RadComboBox,14,Division,Division,1,Division is required,0,NULL,0,NULL,NULL,Division,NULL,NULL,NULL
1020,5234,13,wcEmpDeptCmb,Department,RadComboBox,15,Department,Department,1,Department is required,0,NULL,0,NULL,NULL,Department,NULL,NULL,NULL
1021,5234,15,wcEmpDivisionCmb,Division,RadComboBox,13,Division,Division,1,Division is required,0,NULL,0,NULL,NULL,Division,NULL,NULL,NULL
1022,5234,15,wcEmpDeptCmb,Department,RadComboBox,14,Department,Department,1,Department is required,0,NULL,0,NULL,NULL,Department,NULL,NULL,NULL
1023,5234,14,wcEmpDivisionCmb,Division,RadComboBox,14,Division,Division,1,Division is required,0,NULL,0,NULL,NULL,Division,NULL,NULL,NULL
1024,5234,14,wcEmpDeptCmb,Department,RadComboBox,15,Department,Department,1,Department is required,0,NULL,0,NULL,NULL,Department,NULL,NULL,NULL
1025,5365,19,wcCaseNoTB,Case Number,RadTextBox,2,CaseNo,Case Number,1,Case Number is required,1,NULL,NULL,NULL,NULL,Case Number,NULL,NULL,NULL
1026,5365,19,wcTitleNameTB,Title/Name,RadTextBox,3,TitleName,Title/Name,1,Title is required,0,NULL,NULL,NULL,NULL,Title/Name,NULL,NULL,NULL
1027,5365,19,wcIncidentTypeCombo,Incident Type,RadComboBox,4,IncidentType,Incident Type,1,Incident Type is required,1,NULL,NULL,NULL,NULL,Incident Type,NULL,NULL,NULL
1028,5365,19,wcDateofIncidentPkr,Date/Time of Incident,RadDateTimePicker,5,DateofIncident,Date/Time of Incident,1,Date of Incident is required,1,NULL,NULL,NULL,NULL,Date/Time of Incident,NULL,NULL,NULL
1029,5365,19,wcIncLocationIDCmb,Incident Location,RadComboBox,6,IncLocationID,Incident Location,1,Incident Location is required,0,NULL,NULL,NULL,NULL,Incident Location,NULL,NULL,NULL
1030,5365,19,wcLocationTB,Location Address,RadTextBox,7,IncLocation,Location Address,1,Location Address is required,0,NULL,NULL,NULL,NULL,LocationAddr,NULL,NULL,NULL
1031,5365,19,wcSpecificLocTB,Specific Location Details,RadTextBox,8,SpecificLoc,Specific Location Details,1,Specific Location Details is required,0,NULL,NULL,NULL,NULL,LocationDet,NULL,NULL,NULL
1032,5365,19,wcPersonSource1,Person Involved,RadButton,14,PersonSource,Person Involved,1,NULL,0,NULL,0,NULL,NULL,Person Involved,NULL,NULL,NULL
1033,5365,19,wcEmployeeListingCmb,Select Worker,RadComboBox,15,QEmployeeListing,Select Worker,1,Worker is required,0,NULL,NULL,NULL,NULL,Select Worker,NULL,NULL,NULL
1034,5365,19,wcEventDescTB,Description of Events,RadTextBox,18,EventDesc,Description of Events,1,Description of Events is required,0,NULL,NULL,NULL,NULL,Description of Events,NULL,NULL,NULL
1035,5365,19,wcConfiDtnChk,Confidential ?,CheckBox,20,ConfiDtn,Confidential ?,1,Answer is required,0,NULL,NULL,NULL,NULL,Confidential ?,NULL,NULL,NULL
1036,5365,19,wcConsRankCmb,Consequence Ranking,RadComboBox,23,ConsRank,Consequence Ranking,1,Consequence Ranking is required,0,NULL,NULL,NULL,NULL,Consequence Ranking,NULL,NULL,NULL
1037,5365,19,wcConsPotOutCmb,Potential Outcome,RadComboBox,24,ConsPotOut,Potential Outcome,1,Potential Outcome is required,0,NULL,NULL,NULL,NULL,Potential Outcome,NULL,NULL,NULL
1038,5365,19,wcNotSevereCmb,Initial Notification Severity,RadComboBox,25,NotSevere,Initial Notification Severity,1,Initial Notification Severity is required,0,NULL,NULL,NULL,NULL,Initial Notification Severity,NULL,NULL,NULL
1039,5365,19,wcIncidentDetHdrLabel,ADDITIONAL INCIDENT DETAILS,Label,27,IncidentDetHdr,INCIDENT DETAILS,1,NULL,0,1,NULL,NULL,NULL,ADDITIONAL INCIDENT DETAILS,NULL,NULL,NULL
1040,5365,19,wcInjuryDetTB,Injury Details,RadTextBox,29,InjuryDet,Injury Details,1,Injury Details is required,0,NULL,NULL,NULL,NULL,Injury Details,NULL,NULL,NULL
1041,5365,19,wcIJTypeRLB,Nature of Injury/Illness,RadListBox,30,IJType,Nature of Injury/Illness,1,Nature of Injury/Illness is required,0,NULL,NULL,NULL,NULL,Nature of Injury/Illness,NULL,NULL,NULL
1042,5365,19,wcBodyPartRLB,Body Parts Harmed,RadListBox,32,BodyPart,Body Parts Harmed,1,Body Parts Harmed is required,0,NULL,NULL,NULL,NULL,Body Parts Harmed,NULL,NULL,NULL
1043,5365,19,wcImTrmtRdoList,Immediate Treatment Obtained,RadioButtonList,33,ImTrmt,Immediate Treatment Obtained,1,Immediate Treatment Obtained is required,0,NULL,NULL,NULL,NULL,Immediate Treatment Obtained,NULL,NULL,NULL
1044,5365,19,wcHazCausedRLB,Hazard(s) that caused incident,RadListBox,35,HazCaused,Hazard(s) that caused incident,1,Hazard(s) that caused incident is required,0,NULL,NULL,NULL,NULL,Hazard(s) that caused incident,NULL,NULL,NULL
1045,5365,19,wcFirstRptHdrLabel,First Report,Label,36,FirstRptHdr,First Report,1,NULL,0,1,NULL,NULL,NULL,First Report,NULL,NULL,NULL
1046,5365,19,wcReportedByCombo,First Reported By,RadComboBox,37,ReportedBy,First Reported By,1,First Reported By is required,0,NULL,NULL,NULL,NULL,First Reported By,NULL,NULL,NULL
1047,5365,19,wcReportDatePkr,First Reported Date,RadDateTimePicker,38,ReportDate,First Reported Date,1,First Reported Date is required,0,NULL,NULL,NULL,NULL,First Reported Date,NULL,NULL,NULL
1048,5365,19,wcReporterContactTB,First Reported Contact Phone,TextBox,39,ReporterContact,First Reported Contact Phone,1,First Reported Contact Phone is required,0,NULL,NULL,NULL,NULL,First Reported Contact Phone,NULL,NULL,NULL
1049,5365,19,wcFirstRepToCombo,First Reported To,RadComboBox,41,FirstRepTo,First Reported To,1,First Reported To is required,0,NULL,NULL,NULL,NULL,First Reported To,NULL,NULL,NULL
1050,5365,19,wcAttachHdrLabel,Attachments,Label,46,AttachHdr,Attachments,1,NULL,0,1,NULL,NULL,NULL,Attachments,NULL,NULL,NULL
1051,5365,19,wcAttachUpld,Attachments,RadAsyncUpload,47,AttachUpld,Attachments,1,Attachments is required,0,NULL,NULL,NULL,NULL,Attachments,NULL,NULL,NULL
1052,922,20,wcIDTB,ID,RadTextBox,1,ID,ID,1,ID is required,1,NULL,0,NULL,NULL,InternalNo,NULL,NULL,NULL
1053,922,20,wcTitleTB,Audit Title,RadTextBox,2,Title,Audit Title,1,Audit Title is required,1,NULL,0,NULL,NULL,TitleDesc,NULL,NULL,NULL
1054,922,20,wcStartDtPkr,Date,RadDateTimePicker,3,StartDt,Date,1,Date is required,0,NULL,0,NULL,NULL,StartDt,NULL,NULL,NULL
1055,922,20,wcLocationIDRadCombo,Location,RadComboBox,4,LocType,Location,1,Location is required,0,NULL,0,NULL,NULL,LocationName,NULL,NULL,NULL
1056,922,20,wcLocationTB,Address,RadTextBox,5,LocAddr,Address,1,Location Address is required,0,NULL,0,NULL,NULL,LocationAddr,NULL,NULL,NULL
1057,922,20,wcSpecificLocTB,Specific Location Details,RadTextBox,6,LocDet,Specific Location Details,1,Specific location is required,0,NULL,0,NULL,NULL,LocationDet,NULL,NULL,NULL
1058,922,20,wcPersonRespCmb,Audited By,RadComboBox,7,PersonResp,Audited By,1,Audited By is required,0,NULL,0,NULL,NULL,ReportedByID,NULL,NULL,NULL
1059,922,20,wcAttachUpld,Attachments,RadAsyncUpload,9,AttachUpld,Attachments,1,Attachments is required,0,NULL,0,NULL,NULL,Attachments,NULL,NULL,NULL
1060,922,20,wcDescTB,Description,RadTextBox,10,Desc,Description,1,Description is required,0,NULL,0,wcOtherDetRPI,NULL,ExtDesc,NULL,NULL,NULL
1061,922,20,wcRegRecTypeCombo,Type,RadComboBox,11,Type,Type,1,Type is required,0,NULL,0,wcOtherDetRPI,NULL,OthTypeID,NULL,NULL,NULL
1062,922,20,wcRegRecSubTypeCombo,Sub-Type,RadComboBox,12,SubType,Sub-Type,1,Sub-Type is required,0,NULL,0,wcOtherDetRPI,NULL,OthSubTypeID,NULL,NULL,NULL
1063,922,20,wcCommTB,Other Details,RadTextBox,13,Comm,Other Details,1,Details is required,0,NULL,0,wcOtherDetRPI,NULL,Comments,NULL,NULL,NULL
1064,922,20,wcContractorCompanyCMB,Contractor,RadComboBox,14,Contractor,Contractor,0,Contractor is required,0,NULL,0,wcOtherDetRPI,NULL,StoreContractorID,NULL,NULL,NULL
1065,922,20,wcDivisionCmb,Division,RadComboBox,15,Division,Division,0,Division is required,0,NULL,0,wcOtherDetRPI,NULL,DivisionID,NULL,NULL,NULL
1066,922,20,wcDepartmentCmb,Department,RadComboBox,16,Department,Department,0,Department is required,0,NULL,0,wcOtherDetRPI,NULL,DepartmentID,NULL,NULL,NULL
1067,922,20,wcStatusCombo,Status,RadComboBox,18,Status,Status,0,Status is required,0,NULL,0,wcOtherDetRPI,NULL,StatusID,NULL,NULL,NULL
1068,5234,21,wcIDTB,ID,RadTextBox,2,ID,ID,1,ID is required,1,NULL,0,NULL,NULL,InternalNo,NULL,NULL,NULL
1069,5234,21,wcTitleTB,Hazard Title,RadTextBox,3,Title,Hazard Title,1,Hazard Title is required,1,NULL,0,NULL,NULL,TitleDesc,NULL,NULL,NULL
1070,5234,21,wcDescTB,Description,RadTextBox,4,Desc,Description,1,Description is required,0,NULL,0,NULL,NULL,ExtDesc,NULL,NULL,NULL
1071,5234,21,wcRegRecTypeCombo,Hazard Report Type,RadComboBox,5,Type,Hazard Report Type,1,Hazard Report Type is required,0,NULL,0,NULL,NULL,OthTypeID,NULL,NULL,NULL
1072,5234,21,wcRegRecSubTypeCombo,Hazard Report Sub-Type,RadComboBox,6,SubType,Hazard Report Sub-Type,1,Hazard Report Sub-Type is required,0,NULL,0,NULL,NULL,OthSubTypeID,NULL,NULL,NULL
1073,5234,21,wcStartDtPkr,Date,RadDateTimePicker,7,StartDt,Date,1,Date is required,0,NULL,0,NULL,NULL,StartDt,NULL,NULL,NULL
1074,5234,21,wcContractorCompanyCMB,Contractor,RadComboBox,9,Contractor,Contractor,0,Contractor is required,0,NULL,0,NULL,NULL,Contractor,NULL,NULL,NULL
1075,5234,21,wcLocationIDRadCombo,Location,RadComboBox,11,LocType,Location,1,Location is required,0,NULL,0,NULL,NULL,LocationName,NULL,NULL,NULL
1076,5234,21,wcLocationTB,Location Address,RadTextBox,12,LocAddr,Location Address,1,Location Address is required,0,NULL,0,NULL,NULL,LocationAddr,NULL,NULL,NULL
1077,5234,21,wcSpecificLocTB,Specific Location Details,RadTextBox,13,LocDet,Specific Location Details,1,Specific location is required,0,NULL,0,NULL,NULL,LocationDet,NULL,NULL,NULL
1078,5234,21,wcEmpDivisionCmb,Division,RadComboBox,14,Division,Division,1,Division is required,0,NULL,0,NULL,NULL,Division,NULL,NULL,NULL
1079,5234,21,wcEmpDeptCmb,Department,RadComboBox,15,Department,Department,1,Department is required,0,NULL,0,NULL,NULL,Department,NULL,NULL,NULL
1080,5234,21,wcStatusCombo,Status,RadComboBox,17,Status,Status,1,Status is required,0,NULL,0,NULL,NULL,StatusID,NULL,NULL,NULL
1081,5234,21,wcCommTB,Details,RadTextBox,18,Comm,Details,1,Details is required,0,NULL,0,NULL,NULL,Details,NULL,NULL,NULL
1082,5234,21,wcAttachRPI,Attachments,SECTION,19,Attach,Attachments,1,N/A,0,NULL,0,wcAttachRPI,NULL,Attachments,NULL,NULL,NULL
1083,5234,21,wcAttchRptr,List of Attachments,Repeater,20,Attach2,List of Attachments,1,,0,NULL,1,wcAttachRPI,NULL,List of Attachments,NULL,NULL,NULL
1084,5234,21,wcReqmtRPI,Requirements,SECTION,21,Reqmt,Requirements,1,N/A,0,NULL,0,wcReqmtRPI,NULL,Requirements,NULL,NULL,NULL
1085,5234,21,wcReqPolRadLB,Relevant Policies,RadListBox,22,ReqPol,Relevant Policies,1,Relevant Policies is required,0,NULL,0,wcReqmtRPI,NULL,Relevant Policies,NULL,NULL,NULL
1086,5234,21,wcReqLegsRadLB,Relevant Legislation,RadListBox,23,ReqLegs,Relevant Legislation,1,Relevant Legislation is required,0,NULL,0,wcReqmtRPI,NULL,Relevant Legislation,NULL,NULL,NULL
1087,5234,21,wcDetRespApvRPI,Responsibilities and Approval,SECTION,24,DetRespApv,Responsibilities and Approval,1,N/A,0,NULL,0,wcDetRespApvRPI,NULL,Responsibilities and Approval,NULL,NULL,NULL
1088,5234,21,wcRespCombo,Person Responsible,RadComboBox,26,PersonResp,Person Responsible,1,Person Responsible is required,0,NULL,0,wcDetRespApvRPI,NULL,Person Responsible,NULL,NULL,NULL
1089,5234,21,wcCheckedByLbl,Checked By,Label,27,CheckedBy,Checked By,1,N/A,0,NULL,0,wcDetRespApvRPI,NULL,Checked By,NULL,NULL,NULL
1090,5234,21,wcReviewedByLabel,Reviewed By,Label,28,ReviewedBy,Reviewed By,1,N/A,0,NULL,0,wcDetRespApvRPI,NULL,Reviewed By,NULL,NULL,NULL
1091,5234,21,wcNextReviewPkr,Next Review Date,RadDatePicker,29,NextReview,Next Review Date,1,Next review date is required,0,NULL,0,wcDetRespApvRPI,NULL,Next Review Date,NULL,NULL,NULL
1092,5234,21,wcAuthoriseLabel,Authorised By,Label,30,Authorise,Authorised By,1,N/A,0,NULL,0,wcDetRespApvRPI,NULL,Authorised By,NULL,NULL,NULL
1093,5234,21,wcApproveLabel,Approved By,Label,31,Approve,Approved By,1,N/A,0,NULL,0,wcDetRespApvRPI,NULL,Approved By,NULL,NULL,NULL
1094,924,22,wcIDTB,ID,RadTextBox,1,ID,ID,1,ID is required,1,NULL,0,NULL,NULL,InternalNo,NULL,NULL,NULL
1095,924,22,wcTitleTB,Title,RadTextBox,2,Title,Title,1,Title is required,1,NULL,0,NULL,NULL,TitleDesc,NULL,NULL,NULL
1096,924,22,wcStartDtPkr,Date,RadDateTimePicker,3,StartDt,Date,1,Date is required,0,NULL,0,NULL,NULL,StartDt,NULL,NULL,NULL
1097,924,22,wcLocationIDRadCombo,Location,RadComboBox,4,LocType,Location,1,Location is required,0,NULL,0,NULL,NULL,LocationName,NULL,NULL,NULL
1098,924,22,wcLocationTB,Address,RadTextBox,5,LocAddr,Address,1,Location Address is required,0,NULL,0,NULL,NULL,LocationAddr,NULL,NULL,NULL
1099,924,22,wcSpecificLocTB,Specific Location Details,RadTextBox,6,LocDet,Specific Location Details,1,Specific location is required,0,NULL,0,NULL,NULL,LocationDet,NULL,NULL,NULL
1100,924,22,wcPersonRespCmb,Reported By,RadComboBox,7,PersonResp,Reported By,1,Audited By is required,0,NULL,0,NULL,NULL,ReportedByID,NULL,NULL,NULL
1101,924,22,wcAttachUpld,Attachments,RadAsyncUpload,9,AttachUpld,Attachments,1,Attachments is required,0,NULL,0,NULL,NULL,Attachments,NULL,NULL,NULL
1102,924,22,wcDescTB,Description,RadTextBox,10,Desc,Description,1,Description is required,0,NULL,0,wcOtherDetRPI,NULL,ExtDesc,NULL,NULL,NULL
1103,924,22,wcRegRecTypeCombo,Type,RadComboBox,11,Type,Type,1,Type is required,0,NULL,0,wcOtherDetRPI,NULL,OthTypeID,NULL,NULL,NULL
1104,924,22,wcRegRecSubTypeCombo,Sub-Type,RadComboBox,12,SubType,Sub-Type,1,Sub-Type is required,0,NULL,0,wcOtherDetRPI,NULL,OthSubTypeID,NULL,NULL,NULL
1105,924,22,wcCommTB,Other Details,RadTextBox,13,Comm,Other Details,1,Details is required,0,NULL,0,wcOtherDetRPI,NULL,Comments,NULL,NULL,NULL
1106,924,22,wcContractorCompanyCMB,Contractor,RadComboBox,14,Contractor,Contractor,0,Contractor is required,0,NULL,0,wcOtherDetRPI,NULL,StoreContractorID,NULL,NULL,NULL
1107,924,22,wcDivisionCmb,Division,RadComboBox,15,Division,Division,0,Division is required,0,NULL,0,wcOtherDetRPI,NULL,DivisionID,NULL,NULL,NULL
1108,924,22,wcDepartmentCmb,Department,RadComboBox,16,Department,Department,0,Department is required,0,NULL,0,wcOtherDetRPI,NULL,DepartmentID,NULL,NULL,NULL
1109,924,22,wcStatusCombo,Status,RadComboBox,18,Status,Status,0,Status is required,0,NULL,0,wcOtherDetRPI,NULL,StatusID,NULL,NULL,NULL
1110,5234,13,wcProjectCmb,Project,RadComboBox,9,Project,Project,1,Project is required,0,NULL,0,NULL,NULL,Project,NULL,NULL,NULL
1111,5234,15,wcProjectCmb,Project,RadComboBox,9,Project,Project,1,Project is required,0,NULL,0,NULL,NULL,Project,NULL,NULL,NULL
1112,5234,21,wcProjectCmb,Project,RadComboBox,10,Project,Project,1,Project is required,0,NULL,0,NULL,NULL,Project,NULL,NULL,NULL
1113,5328,11,wcProjectCmb,Project,RadComboBox,14,Project,Project,1,Project is required,0,NULL,0,NULL,NULL,Project,NULL,NULL,NULL
1114,5234,12,wcProjectCmb,Project,RadComboBox,12,Project,Project,1,Project is required,0,NULL,0,NULL,NULL,Project,NULL,NULL,NULL
1115,5234,14,wcProjectCmb,Project,RadComboBox,9,Project,Project,1,Project is required,0,NULL,0,NULL,NULL,Project,NULL,NULL,NULL
1116,5234,16,wcProjectCmb,Project,RadComboBox,12,Project,Project,1,Project is required,0,NULL,0,NULL,NULL,Project,NULL,NULL,NULL
1117,5234,17,wcProjectCmb,Project,RadComboBox,9,Project,Project,1,Project is required,0,NULL,0,NULL,NULL,Project,NULL,NULL,NULL
1118,5348,9,wcProjectCmb,Project,RadComboBox,NULL,Project,Project,1,Project is required,0,NULL,0,NULL,NULL,Project,NULL,NULL,NULL
1119,5234,10,wcProjectCmb,Project,RadComboBox,15,Project,Project,1,Project is required,0,NULL,0,NULL,NULL,Project,NULL,NULL,NULL
1120,5333,5,wcConsRatIncTLabel,CONSEQUENCE RATING TABLE,Table,29,ConsRatIncT,CONSEQUENCE RATING TABLE,1,,0,NULL,1,NULL,NULL,CONSEQUENCE RATING TABLE,NULL,NULL,NULL
1121,5333,5,wcRespApprovalHdrLabel,Responsibilities and Approval,Label,53,RespApprovalHdr,Responsibilities and Approval,1,,0,1,0,NULL,NULL,Responsibilities and Approval,NULL,NULL,NULL
1122,5333,5,wcRespCombo,Person Responsible,RadComboBox,54,PersonResp,Person Responsible,1,Person Responsible is required,0,NULL,0,NULL,NULL,ResponsibleName,NULL,NULL,NULL
1123,5333,5,wcCheckedByLabel,Checked By,Label,55,CheckedBy,Checked By,1,,0,NULL,0,NULL,NULL,CheckedBy,NULL,NULL,NULL
1124,5333,5,wcAuthByLabel,Authorised By,Label,56,AuthBy,Authorised By,1,,0,NULL,0,NULL,NULL,AuthorizedBy,NULL,NULL,NULL
1125,5333,5,wcApprvByLabel,Approved By,Label,57,ApprvBy,Approved By,1,,0,NULL,0,NULL,NULL,ApprovedBy,NULL,NULL,NULL
1126,860,8,wcNotfyHdrLabel,Email Notification,Label,NULL,NotfyHdr,Email Notification,1,,0,1,0,NULL,NULL,Incident Location,NULL,NULL,NULL
1127,860,8,wcNotifyCombo,Notify,RadComboBox,NULL,Notfy,Notify,1,Notify setting is required,0,NULL,0,NULL,NULL,LocationAddr,NULL,NULL,NULL
1128,860,8,wcNotifyListCombo,Notification List,RadComboBox,NULL,NotifyList,Notification List,1,Person(s) to notify is required,0,NULL,0,NULL,NULL,LocationDet,NULL,NULL,NULL
1129,5100,2,wcDefaultDataSetRadCombo,Default Data Set,RadComboBox,2,DefaultDataSet,Default Data Set,1,Default Data Set is required,0,NULL,0,NULL,NULL,Management System,NULL,NULL,NULL
1130,5100,2,wcProcedureTypeRadComboBox,Procedure Type,RadComboBox,3,ProcedureType,Procedure Type,1,Procedure Type is required,1,NULL,0,NULL,NULL,Management Representative,NULL,NULL,NULL
1131,5100,2,wcDescriptionTextBox,Description,RadTextBox,4,Description,Description,1,Description is required,1,NULL,0,NULL,NULL,Description of Events,NULL,NULL,NULL
1132,5100,2,wcOperatorRadComboBox,Operator(s),RadComboBox,5,Operator,Operator(s),1,Operator is required,1,NULL,0,NULL,NULL,Injury Details,NULL,NULL,NULL
1133,5100,2,wcOperationFromRadDateTimePicker,Treatment Date,RadDateTimePicker,6,OperationDate,Treatment Date,1,Treatment Date is required,1,NULL,0,NULL,NULL,"Outside agencies contacted/assitance required (e.g. Fire brigade, EPA, Workcover)",NULL,NULL,NULL
1134,5100,2,wcLivestockFromListBox,Animal Group(s),RadListBox,7,AnimalGroup,Animal Group(s),1,Animal Group(s) is required,0,NULL,0,NULL,NULL,Immediate Treatment Obtained,NULL,NULL,NULL
1135,5100,2,wcDurationTB,Duration of Treatment(days),RadNumericTextBox,8,DurationTrmt,Duration of Treatment(days),1,Duration of Treatment  is required,0,NULL,0,NULL,NULL,StatusID,NULL,NULL,NULL
1136,5100,2,wcDateMeatSuitableRadDatePicker,Date Meat Suitable for Human Consumption,RadDatePicker,9,DateMeatSuitable,Date Meat Suitable for Human Consumption,1,Answer  is required,0,NULL,0,NULL,NULL,Requires Return to Work Plan?,NULL,NULL,NULL
1137,5100,2,wcWeightTB,Weight of Heaviest Animal,RadTextBox,10,HeavyWeight,Weight of Heaviest Animal,1,Answer  is required,0,NULL,0,NULL,NULL,Requires Injury Management Plan?,NULL,NULL,NULL
1138,5100,2,wcTotalAreaTextBox,Total No of Animals,RadNumericTextBox,11,TotalArea,Total No of Animals,1,Total No of Animals  is required,0,NULL,0,NULL,NULL,Require Workers Compensation Forms?,NULL,NULL,NULL
1139,5100,2,wcEventCB,Event Type,RadComboBox,12,EventType,Event Type,1,Event Type  is required,0,NULL,0,NULL,NULL,Confidential ?,NULL,NULL,NULL
1140,5100,2,wcSubEventCB,Event Sub-Type,RadComboBox,13,EventSubType,Event Sub-Type,1,Event Sub-Type  is required,0,NULL,0,NULL,NULL,Estimated Cost ($),NULL,NULL,NULL
1141,5100,2,wcSubsubEventCB,Event Sub-Sub-Type,RadComboBox,14,EventSub2Type,Event Sub-Sub-Type,1,Event Sub-Sub-Type  is required,0,NULL,0,NULL,NULL,Actual Cost ($),NULL,NULL,NULL
1142,5100,2,wcTotalCostTextBox,Total Cost,RadNumericTextBox,15,TotalCost,Total Cost,1,Total Cost is required,0,NULL,0,NULL,NULL,CONSEQUENCE RATING,NULL,NULL,NULL
1143,5100,2,wcCheckedByRadCombo,Checked By,RadComboBox,16,CheckedBy,Checked By,1,Checked By is required,0,NULL,0,NULL,NULL,CONSEQUENCE RATING TABLE,NULL,NULL,NULL
1144,5100,2,wcAuthorisedByRadCombo,Authorised By,RadComboBox,17,AuthorisedBy,Authorised By,1,Authorised By is required,0,NULL,0,NULL,NULL,Consequence Ranking,NULL,NULL,NULL
1145,5100,2,wcApprovedChk,Approved?,CheckBox,18,Approved,Approved?,1,Answer is required,0,NULL,0,NULL,NULL,Potential Outcome,NULL,NULL,NULL
1146,5100,2,wcApprovedByRadCombo,Approved By,RadComboBox,19,ApprovedBy,Approved By,1,Approved By is required,0,NULL,0,NULL,NULL,Initial Notification Severity,NULL,NULL,NULL
1147,5100,2,wcApprovalDatePicker,Approval Date,RadDatePicker,20,ApprovalDate,Approval Date,1,Approval Date is required,0,NULL,0,NULL,NULL,Actual Severity,NULL,NULL,NULL
1148,5100,2,wcCommentsTB,Comments,RadTextBox,21,Comments,Comments,1,Comments is required,0,NULL,0,NULL,NULL,First Report,NULL,NULL,NULL
1149,5101,2,wcProductUsedRadComboBox,Product Used,RadComboBox,22,ProductUsed,Product Used,1,Product Used is required,1,NULL,0,NULL,NULL,First Reported By,NULL,NULL,NULL
1150,5101,2,wcManufacturerTextBox,Manufacturer,TextBox,23,Manufacturer,Manufacturer,1,Manufacturer is required,0,NULL,0,NULL,NULL,First Reported Date,NULL,NULL,NULL
1151,5101,2,wcLabelRadUpload,Label,RadAsyncUpload,24,Label,Label,1,Label is required,0,NULL,0,NULL,NULL,First Reported Contact Phone,NULL,NULL,NULL
1152,5101,2,wcMSDSRadUpload,SDS,RadAsyncUpload,25,MSDS,SDS,1,SDS is required,0,NULL,0,NULL,NULL,First Reported To,NULL,NULL,NULL
1153,5101,2,wcCropSituationAnimalRadComboBox,Animal/Situation,RadComboBox,26,CropSituationAnimal,Animal/Situation,1,Crop/Situation/Animal is required,0,NULL,0,NULL,NULL,Self Report,NULL,NULL,NULL
1154,5101,2,wcPestRadComboBox,Pest,RadComboBox,27,Pest,Pest,1,Pest is required,0,NULL,0,NULL,NULL,Date First Self-Reported,NULL,NULL,NULL
1155,5101,2,wcPestGrowthStageTextBox,Pest Growth Stage,TextBox,28,PestGrowthStage,Pest Growth Stage,1,Pest Growth Stage is required,0,NULL,0,NULL,NULL,Self-Reported To,NULL,NULL,NULL
1156,5101,2,wcPestDensityTextBox,Pest Density,TextBox,29,PestDensity,Pest Density,1,Pest Density is required,0,NULL,0,NULL,NULL,Notifications,NULL,NULL,NULL
1157,5101,2,wcWithholdingPeriodATextBox,Withholding Period Before Consumption of Meat,TextBox,30,WithholdingPeriodA,Withholding Period Before Consumption of Meat,1,Withholding Period Before Consumption of Meat is required,0,NULL,0,NULL,NULL,Notify Work Health and Safety Officer(s)?,NULL,NULL,NULL
1158,5101,2,wcWithholdingPeriodBTextBox,Withholding Period Before Collecting Milk or Eggs,TextBox,31,WithholdingPeriodB,Withholding Period Before Collecting Milk or Eggs,1,Withholding Period Before Collecting Milk or Eggs is required,0,NULL,0,NULL,NULL,Notify Relevant Authority?,NULL,NULL,NULL
1159,5101,2,wcESITB,Export Slaughter Interval(days)/Comment,RadNumericTextBox,32,ESI,Export Slaughter Interval(days)/Comment,1,ESI is required,0,NULL,0,NULL,NULL,Notify Insurer?,NULL,NULL,NULL
1160,5101,2,wcNoofAnimalsLabel,Total Number of Animals,Label,33,TotalNoAnimals,Total Number of Animals,1,NA,0,NULL,0,NULL,NULL,Notify other persons,NULL,NULL,NULL
1161,5101,2,wcLabelRatesTextBox,Label Rates,TextBox,34,LabelRates,Label Rates,1,Label Rates is required,0,NULL,0,NULL,NULL,Witnesses,NULL,NULL,NULL
1162,5101,2,wcRateUsedTextBox,Rate Used,RadNumericTextBox,35,RateUsed,Rate Used,1,Rate Used is required,0,NULL,0,NULL,NULL,Responsibilities and Approval,NULL,NULL,NULL
1163,5101,2,wcTotalAmountUsedTextBox,Total Amount Used,RadNumericTextBox,36,TotalAmountUsed,Total Amount Used,1,Total Amount Used is required,0,NULL,0,NULL,NULL,Person Responsible,NULL,NULL,NULL
1164,5101,2,wcTotalCostTB,Total Product Cost,RadNumericTextBox,37,TotalProdCost,Total Product Cost,1,Total Product Cost is required,0,NULL,0,NULL,NULL,Checked By,NULL,NULL,NULL
1165,5101,2,wcRestraintsTextBox,Restraints,TextBox,38,Restraints,Restraints,1,Restraints is required,0,NULL,0,NULL,NULL,Authorised By,NULL,NULL,NULL
1166,5101,2,wcCriticalCommentTextBox,Critical Comment,TextBox,39,PestCriticalComment,Critical Comment,1,Critical Comment is required,0,NULL,0,NULL,NULL,Approved By,NULL,NULL,NULL
1167,5101,2,wcCommentsTB,Comments,TextBox,40,ProdComments,Comments,1,NA,0,NULL,0,NULL,NULL,Email Notification,NULL,NULL,NULL
1168,5101,2,wcSafetyDirectionTextBox,Safety Direction,TextBox,41,SafetyDirection,Safety Direction,1,Safety Direction is required,0,NULL,0,wcPageViewSafety,NULL,Notify,NULL,NULL,NULL
1169,5101,2,wcFirstAidTextBox,First Aid,TextBox,42,FirstAid,First Aid,1,First Aid is required,0,NULL,0,wcPageViewSafety,NULL,Notification List,NULL,NULL,NULL
1170,5101,2,wcRiskManagementStorageTextBox,Storage,TextBox,43,RiskManagementStorage,Storage,1,Storage is required,0,NULL,0,wcPageViewSafety,NULL,NULL,NULL,NULL,NULL
1171,5101,2,wcDisposalTextBox,Disposal,TextBox,44,Disposal,Disposal,1,Disposal is required,0,NULL,0,wcPageViewSafety,NULL,NULL,NULL,NULL,NULL
1172,5103,3,wcDefaultDataSetRadCombo,Default Data Set,RadComboBox,2,DefaultDataSet,Default Data Set,1,Default Data Set is required,0,NULL,0,NULL,NULL,NULL,NULL,NULL,NULL
1173,5103,3,wcProcedureTypeRadComboBox,Procedure Type,RadComboBox,3,ProcedureType,Procedure Type,1,Procedure Type is required,1,NULL,0,NULL,NULL,NULL,NULL,NULL,NULL
1174,5103,3,wcDescriptionTextBox,Description,RadTextBox,4,Description,Description,1,Description is required,1,NULL,0,NULL,NULL,NULL,NULL,NULL,NULL
1175,5103,3,wcOperatorRadComboBox,Operator(s),RadComboBox,5,Operator,Operator(s),1,Operator is required,1,NULL,0,NULL,NULL,NULL,NULL,NULL,NULL
1176,5103,3,wcOperationFromRadDateTimePicker,Application Date,RadDateTimePicker,6,OperationDate,Application Date,1,Application Date is required,1,NULL,0,NULL,NULL,NULL,NULL,NULL,NULL
1177,5103,3,wcProdTreatmentAreaRadListBox,Operational Area(s),RadListBox,7,ProdTreatmentArea,Operational Area(s),1,Answer  is required,0,NULL,0,NULL,NULL,NULL,NULL,NULL,NULL
1178,5103,3,wcTotalAreaTextBox,Total Area,RadNumericTextBox,8,TotalArea,Total Area,1,Total Area  is required,0,NULL,0,NULL,NULL,NULL,NULL,NULL,NULL
1179,5103,3,wcTotalCostTextBox,Total Cost,RadNumericTextBox,9,TotalCost,Total Cost,1,Total Cost is required,0,NULL,0,NULL,NULL,NULL,NULL,NULL,NULL
1180,5103,3,wcCheckedByRadCombo,Checked By,RadComboBox,10,CheckedBy,Checked By,1,Checked By is required,0,NULL,0,NULL,NULL,NULL,NULL,NULL,NULL
1181,5103,3,wcAuthorisedByRadCombo,Authorised By,RadComboBox,11,AuthorisedBy,Authorised By,1,Authorised By is required,0,NULL,0,NULL,NULL,NULL,NULL,NULL,NULL
1182,5103,3,wcApprovedChk,Approved?,CheckBox,12,Approved,Approved?,1,Answer is required,0,NULL,0,NULL,NULL,NULL,NULL,NULL,NULL
1183,5103,3,wcApprovedByRadCombo,Approved By,RadComboBox,13,ApprovedBy,Approved By,1,Approved By is required,0,NULL,0,NULL,NULL,NULL,NULL,NULL,NULL
1184,5103,3,wcApprovalDatePicker,Approval Date,RadDatePicker,14,ApprovalDate,Approval Date,1,Approval Date is required,0,NULL,0,NULL,NULL,NULL,NULL,NULL,NULL
1185,5103,3,wcCommentsTB,Comments,RadTextBox,15,Comments,Comments,1,Comments is required,0,NULL,0,NULL,NULL,NULL,NULL,NULL,NULL
1186,5104,3,wcProductUsedRadComboBox,Product Used,RadComboBox,16,ProductUsed,Product Used,1,Product Used is required,1,NULL,0,NULL,NULL,NULL,NULL,NULL,NULL
1187,5104,3,wcManufacturerTextBox,Manufacturer,TextBox,17,Manufacturer,Manufacturer,1,Manufacturer is required,0,NULL,0,NULL,NULL,NULL,NULL,NULL,NULL
1188,5104,3,wcLabelRadUpload,Label,RadAsyncUpload,18,Label,Label,1,Label is required,0,NULL,0,NULL,NULL,NULL,NULL,NULL,NULL
1189,5104,3,wcMSDSRadUpload,SDS,RadAsyncUpload,19,MSDS,SDS,1,SDS is required,0,NULL,0,NULL,NULL,NULL,NULL,NULL,NULL
1190,5104,3,wcCropSituationAnimalRadComboBox,Plant/Situation,RadComboBox,20,CropSituationAnimal,Plant/Situation,1,Plant/Situation is required,0,NULL,0,NULL,NULL,NULL,NULL,NULL,NULL
1191,5104,3,wcGrowthStageCB,Growth Stage,RadComboBox,21,GrowthStage,Growth Stage,1,Growth Stage is required,0,NULL,0,NULL,NULL,NULL,NULL,NULL,NULL
1192,5104,3,wcTimingCB,Timing,RadComboBox,22,Timing,Timing,1,Timing is required,0,NULL,0,NULL,NULL,NULL,NULL,NULL,NULL
1193,5104,3,wcRateUsedTextBox,Rate Used,RadNumericTextBox,23,RateUsed,Rate Used,1,Rate Used is required,0,NULL,0,NULL,NULL,NULL,NULL,NULL,NULL
1194,5104,3,wcTotalAreaProdTextBox,Total Area Applied,TextBox,24,TotalArea,Total Area Applied,1,Total Treatment Area is required,0,NULL,0,NULL,NULL,NULL,NULL,NULL,NULL
1195,5104,3,wcTotalAmountUsedTextBox,Total Amount Used,RadNumericTextBox,25,TotalAmountUsed,Total Amount Used,1,Total Amount Used is required,0,NULL,0,NULL,NULL,NULL,NULL,NULL,NULL
1196,5104,3,wcTotalCostTB,Total Product Cost,RadNumericTextBox,26,TotalProdCost,Total Product Cost,1,Total Product Cost is required,0,NULL,0,NULL,NULL,NULL,NULL,NULL,NULL
1197,5104,3,wcFertiliserType,Fertiliser Type,RadComboBox,27,FertType,Fertiliser Type,1,Fertiliser Type is required,0,NULL,0,NULL,NULL,NULL,NULL,NULL,NULL
1198,5104,3,wcCommentsTB,Comments,TextBox,28,ProdComments,Comments,1,NA,0,NULL,0,NULL,NULL,NULL,NULL,NULL,NULL
1199,5104,3,wcSafetyDirectionTextBox,Safety Direction,TextBox,29,SafetyDirection,Safety Direction,1,Safety Direction is required,0,NULL,0,wcPageViewSafety,NULL,NULL,NULL,NULL,NULL
1200,5104,3,wcFirstAidTextBox,First Aid,TextBox,30,FirstAid,First Aid,1,First Aid is required,0,NULL,0,wcPageViewSafety,NULL,NULL,NULL,NULL,NULL
1201,5104,3,wcRiskManagementStorageTextBox,Storage,TextBox,31,RiskManagementStorage,Storage,1,Storage is required,0,NULL,0,wcPageViewSafety,NULL,NULL,NULL,NULL,NULL
1202,5104,3,wcDisposalTextBox,Disposal,TextBox,32,Disposal,Disposal,1,Disposal is required,0,NULL,0,wcPageViewSafety,NULL,NULL,NULL,NULL,NULL
1203,5105,3,wcSoilPhTB,Soil pH,RadTextBox,33,SoilPH,Soil pH,1,Soil pH is required,0,NULL,0,NULL,NULL,NULL,NULL,NULL,NULL
1204,5105,3,wcSalinityTB,Salinity,RadTextBox,34,Salinity,Salinity,1,Salinity is required,0,NULL,0,NULL,NULL,NULL,NULL,NULL,NULL
1205,5105,3,wcOrganicMatterTB,Organic Matter,RadTextBox,35,OrganicMatter,Organic Matter,1,Organic Matter is required,0,NULL,0,NULL,NULL,NULL,NULL,NULL,NULL
1206,5105,3,wcSoilConditionCB,Soil Condition,RadComboBox,36,SoilCondition,Soil Condition,1,Soil Condition is required,0,NULL,0,NULL,NULL,NULL,NULL,NULL,NULL
1207,5105,3,wcMoistureLevelCB,Moisture Level,RadComboBox,37,MoistureLevel,Moisture Level,1,Moisture Level is required,0,NULL,0,NULL,NULL,NULL,NULL,NULL,NULL
1208,5105,3,wcCommentsTB,Comments,RadTextBox,38,Comments,Comments,1,Comments is required,0,NULL,0,NULL,NULL,NULL,NULL,NULL,NULL
1209,5106,3,wcWeatherCondCB,Atmospheric Condition,RadComboBox,39,ATMCond,Atmospheric Condition,1,Atmospheric Condition is required,0,NULL,0,NULL,NULL,NULL,NULL,NULL,NULL
1210,5106,3,wcTempTB,Temperature,RadTextBox,40,Temperature,Temperature,1,Temperature is required,0,NULL,0,NULL,NULL,NULL,NULL,NULL,NULL
1211,5106,3,wcHumidityTB,Humidity,RadTextBox,41,Humidity,Humidity,1,Humidity is required,0,NULL,0,NULL,NULL,NULL,NULL,NULL,NULL
1212,5106,3,wcWindSpeedCB,Wind Speed (km/h),RadComboBox,42,WindSpeed,Wind Speed (km/h),1,Wind Speed (km/h) is required,0,NULL,0,NULL,NULL,NULL,NULL,NULL,NULL
1213,5106,3,wcDirectionCB,Wind Direction,RadComboBox,43,WindDirection,Wind Direction,1,Wind Direction is required,0,NULL,0,NULL,NULL,NULL,NULL,NULL,NULL
1214,5106,3,wcVariabilityTB,Variability,RadTextBox,44,Variability,Variability,1,Variability is required,0,NULL,0,NULL,NULL,NULL,NULL,NULL,NULL
1215,5106,3,wcCommentsTB,Comments,RadTextBox,45,Comments,Comments,1,Comments is required,0,NULL,0,NULL,NULL,NULL,NULL,NULL,NULL
1216,5106,3,wcSensitiveAreasTable,Sensitive Areas,Table,46,SensitiveAreas,Sensitive Areas,1,NA,0,NULL,1,NULL,NULL,NULL,NULL,NULL,NULL
1217,5107,3,wcEquipmentTypeCB,Equipment Type,RadComboBox,47,EquipmentType,Equipment Type,1,Equipment Type is required,0,NULL,0,NULL,NULL,NULL,NULL,NULL,NULL
1218,5107,3,wcEquipModelCombo,Model,RadComboBox,48,Model,Model,1,Model is required,0,NULL,0,NULL,NULL,NULL,NULL,NULL,NULL
1219,5107,3,wcSpeedTB,Speed,RadTextBox,49,Speed,Speed,1,Speed is required,0,NULL,0,NULL,NULL,NULL,NULL,NULL,NULL
1220,5107,3,wcGearCombo,Gear,RadComboBox,50,Gear,Gear,1,Gear is required,0,NULL,0,NULL,NULL,NULL,NULL,NULL,NULL
1221,5107,3,wcNozzleCB,Nozzles,RadComboBox,51,Nozzles,Nozzles,1,Nozzles is required,0,NULL,0,NULL,NULL,NULL,NULL,NULL,NULL
1222,5107,3,wcNozzleTypeCB,Nozzle Type,RadComboBox,52,NozzleType,Nozzle Type,1,Nozzle Type is required,0,NULL,0,NULL,NULL,NULL,NULL,NULL,NULL
1223,5107,3,wcPressureSetTB,Pressure Setting,RadTextBox,53,PressureSetting,Pressure Setting,1,Pressure Setting is required,0,NULL,0,NULL,NULL,NULL,NULL,NULL,NULL
1224,5107,3,wcWaterTextBox,Water Required / ha,RadTextBox,54,WaterRequired,Water Required / ha,1,Answer is required,0,NULL,0,NULL,NULL,NULL,NULL,NULL,NULL
1225,5107,3,wcCommentsTB,Comments,RadTextBox,55,Comments,Comments,1,Comments is required,0,NULL,0,NULL,NULL,NULL,NULL,NULL,NULL
1226,5107,3,wcControlsUsedRow,Controls Used,Table,56,ControlsUsed,Controls Used,1,NA,0,NULL,0,NULL,NULL,NULL,NULL,NULL,NULL
1227,5032,1,wcDefaultDataSetRadCombo,Default Data Set,RadComboBox,2,DefaultDataSet,Default Data Set,1,Default Data Set is required,0,NULL,0,NULL,NULL,NULL,NULL,NULL,NULL
1228,5032,1,wcProcedureTypeRadComboBox,Procedure Type,RadComboBox,3,ProcedureType,Procedure Type,1,Procedure Type is required,1,NULL,0,NULL,NULL,NULL,NULL,NULL,NULL
1229,5032,1,wcIrrigationCB,Irrigation,RadComboBox,4,Irrigation,Irrigation,1,Irrigation is required,0,NULL,0,NULL,NULL,NULL,NULL,NULL,NULL
1230,5032,1,wcDescriptionTextBox,Description,RadTextBox,5,Description,Description,1,Description is required,1,NULL,0,NULL,NULL,NULL,NULL,NULL,NULL
1231,5032,1,wcOperatorRadComboBox,Operator(s),RadComboBox,6,Operator,Operator(s),1,Operator is required,1,NULL,0,NULL,NULL,NULL,NULL,NULL,NULL
1232,5032,1,wcOperationFromRadDateTimePicker,Treatment Date,RadDateTimePicker,7,OperationDate,Treatment Date,1,Treatment Date is required,1,NULL,0,NULL,NULL,NULL,NULL,NULL,NULL
1233,5032,1,wcReentryDateRadDatePicker,Reentry Date,RadDatePicker,8,ReentryDate,Reentry Date,1,Reentry Date is required,0,NULL,0,NULL,NULL,NULL,NULL,NULL,NULL
1234,5032,1,wcProdTreatmentAreaRadListBox,Operational Area(s),RadListBox,9,ProdTreatmentArea,Operational Area(s),1,Answer  is required,0,NULL,0,NULL,NULL,NULL,NULL,NULL,NULL
1235,5032,1,wcTotalAreaTextBox,Total Area,RadNumericTextBox,10,TotalArea,Total Area,1,Total Area  is required,0,NULL,0,NULL,NULL,NULL,NULL,NULL,NULL
1236,5032,1,wcTotalCostTextBox,Total Cost,RadNumericTextBox,12,TotalCost,Total Cost,1,Total Cost is required,0,NULL,0,NULL,NULL,NULL,NULL,NULL,NULL
1237,5032,1,wcCheckedByRadCombo,Checked By,RadComboBox,13,CheckedBy,Checked By,1,Checked By is required,0,NULL,0,NULL,NULL,NULL,NULL,NULL,NULL
1238,5032,1,wcAuthorisedByRadCombo,Authorised By,RadComboBox,14,AuthorisedBy,Authorised By,1,Authorised By is required,0,NULL,0,NULL,NULL,NULL,NULL,NULL,NULL
1239,5032,1,wcApprovedChk,Approved?,CheckBox,15,Approved,Approved?,1,Answer is required,0,NULL,0,NULL,NULL,NULL,NULL,NULL,NULL
1240,5032,1,wcApprovedByRadCombo,Approved By,RadComboBox,16,ApprovedBy,Approved By,1,Approved By is required,0,NULL,0,NULL,NULL,NULL,NULL,NULL,NULL
1241,5032,1,wcApprovalDatePicker,Approval Date,RadDatePicker,17,ApprovalDate,Approval Date,1,Approval Date is required,0,NULL,0,NULL,NULL,NULL,NULL,NULL,NULL
1242,5032,1,wcCommentsTB,Comments,RadTextBox,18,Comments,Comments,1,Comments is required,0,NULL,0,NULL,NULL,NULL,NULL,NULL,NULL
1243,5034,1,wcProductUsedRadComboBox,Product Used,RadComboBox,19,ProductUsed,Product Used,1,Product Used is required,1,NULL,0,NULL,NULL,NULL,NULL,NULL,NULL
1244,5034,1,wcManufacturerTextBox,Manufacturer,TextBox,20,Manufacturer,Manufacturer,1,Manufacturer is required,0,NULL,0,NULL,NULL,NULL,NULL,NULL,NULL
1245,5034,1,wcLabelRadUpload,Label,RadAsyncUpload,22,Label,Label,1,Label is required,0,NULL,0,NULL,NULL,NULL,NULL,NULL,NULL
1246,5034,1,wcMSDSRadUpload,SDS,RadAsyncUpload,23,MSDS,SDS,1,SDS is required,0,NULL,0,NULL,NULL,NULL,NULL,NULL,NULL
1247,5034,1,wcCropSituationAnimalRadComboBox,Crop/Situation/Animal,RadComboBox,24,CropSituationAnimal,Crop/Situation/Animal,1,Crop/Situation/Animal is required,0,NULL,0,NULL,NULL,NULL,NULL,NULL,NULL
1248,5034,1,wcGrowthStageCB,Growth Stage,RadComboBox,25,GrowthStage,Growth Stage,1,Growth Stage is required,0,NULL,0,NULL,NULL,NULL,NULL,NULL,NULL
1249,5034,1,wcTimingCB,Timing,RadComboBox,26,Timing,Timing,1,Timing is required,0,NULL,0,NULL,NULL,NULL,NULL,NULL,NULL
1250,5034,1,wcPestRadComboBox,Pest,RadComboBox,27,Pest,Pest,1,Pest is required,0,NULL,0,NULL,NULL,NULL,NULL,NULL,NULL
1251,5034,1,wcPestGrowthStageTextBox,Pest Growth Stage,TextBox,28,PestGrowthStage,Pest Growth Stage,1,Pest Growth Stage is required,0,NULL,0,NULL,NULL,NULL,NULL,NULL,NULL
1252,5034,1,wcPestDensityTextBox,Pest Density,TextBox,29,PestDensity,Pest Density,1,Pest Density is required,0,NULL,0,NULL,NULL,NULL,NULL,NULL,NULL
1253,5034,1,wcWithholdingPeriodATextBox,Withholding Period Before Harvest,TextBox,30,WithholdingPeriodA,Withholding Period Before Harvest,1,Withholding Period Before Harvest is required,0,NULL,0,NULL,NULL,NULL,NULL,NULL,NULL
1254,5034,1,wcWithholdingPeriodBTextBox,Withholding Period Before grazing or use as stock food,TextBox,31,WithholdingPeriodB,Withholding Period Before grazing or use as stock food,1,Withholding Period Before grazing or use as stock food is required,0,NULL,0,NULL,NULL,NULL,NULL,NULL,NULL
1255,5034,1,wcLabelRatesTextBox,Label Rates,TextBox,32,LabelRates,Label Rates,1,Label Rates is required,0,NULL,0,NULL,NULL,NULL,NULL,NULL,NULL
1256,5034,1,wcRateUsedTextBox,Rate Used,RadNumericTextBox,34,RateUsed,Rate Used,1,Rate Used is required,0,NULL,0,NULL,NULL,NULL,NULL,NULL,NULL
1257,5034,1,wcTotalAreaProdTextBox,Total Treatment Areas,TextBox,35,TotalArea,Total Treatment Areas,1,Total Treatment Area is required,0,NULL,0,NULL,NULL,NULL,NULL,NULL,NULL
1258,5034,1,wcTotalWaterReqRow,Total Water Required (L),RadNumericTextBox,36,TotalWaterReq,Total Water Required (L),1,Total Water Required (L) is required,0,NULL,0,NULL,NULL,NULL,NULL,NULL,NULL
1259,5034,1,wcTotalAmountUsedTextBox,Total Amount Used,RadNumericTextBox,37,TotalAmountUsed,Total Amount Used,1,Total Amount Used is required,0,NULL,0,NULL,NULL,NULL,NULL,NULL,NULL
1260,5034,1,wcTotalCostTB,Total Product Cost,RadNumericTextBox,38,TotalProdCost,Total Product Cost,1,Total Product Cost is required,0,NULL,0,NULL,NULL,NULL,NULL,NULL,NULL
1261,5034,1,wcCarrierCB,Carrier,RadComboBox,39,Carrier,Carrier,1,Carrier is required,0,NULL,0,NULL,NULL,NULL,NULL,NULL,NULL
1262,5034,1,wcRestraintsTextBox,Restraints,TextBox,40,Restraints,Restraints,1,Restraints is required,0,NULL,0,NULL,NULL,NULL,NULL,NULL,NULL
1263,5034,1,wcCriticalCommentTextBox,Critical Comment,TextBox,41,PestCriticalComment,Critical Comment,1,Critical Comment is required,0,NULL,0,NULL,NULL,NULL,NULL,NULL,NULL
1264,5034,1,wcResistanceTextBox,Resistance,TextBox,42,Resistance,Resistance,1,Resistance is required,0,NULL,0,NULL,NULL,NULL,NULL,NULL,NULL
1265,5034,1,wcMixingTextBox,Mixing,TextBox,43,Mixing,Mixing,1,Mixing is required,0,NULL,0,NULL,NULL,NULL,NULL,NULL,NULL
1266,5034,1,wcCommentsTB,Comments,TextBox,45,ProdComments,Comments,1,NA,0,NULL,0,NULL,NULL,NULL,NULL,NULL,NULL
1267,5034,1,wcSafetyDirectionTextBox,Safety Direction,TextBox,46,SafetyDirection,Safety Direction,1,Safety Direction is required,0,NULL,0,wcPageViewSafety,NULL,NULL,NULL,NULL,NULL
1268,5034,1,wcFirstAidTextBox,First Aid,TextBox,47,FirstAid,First Aid,1,First Aid is required,0,NULL,0,wcPageViewSafety,NULL,NULL,NULL,NULL,NULL
1269,5034,1,wcRiskManagementStorageTextBox,Storage,TextBox,48,RiskManagementStorage,Storage,1,Storage is required,0,NULL,0,wcPageViewSafety,NULL,NULL,NULL,NULL,NULL
1270,5034,1,wcDisposalTextBox,Disposal,TextBox,49,Disposal,Disposal,1,Disposal is required,0,NULL,0,wcPageViewSafety,NULL,NULL,NULL,NULL,NULL
1271,5038,1,wcSoilPhTB,Soil pH,RadTextBox,50,SoilPH,Soil pH,1,Soil pH is required,0,NULL,0,NULL,NULL,NULL,NULL,NULL,NULL
1272,5038,1,wcSalinityTB,Salinity,RadTextBox,51,Salinity,Salinity,1,Salinity is required,0,NULL,0,NULL,NULL,NULL,NULL,NULL,NULL
1273,5038,1,wcOrganicMatterTB,Organic Matter,RadTextBox,52,OrganicMatter,Organic Matter,1,Organic Matter is required,0,NULL,0,NULL,NULL,NULL,NULL,NULL,NULL
1274,5038,1,wcSoilConditionCB,Soil Condition,RadComboBox,53,SoilCondition,Soil Condition,1,Soil Condition is required,0,NULL,0,NULL,NULL,NULL,NULL,NULL,NULL
1275,5038,1,wcMoistureLevelCB,Moisture Level,RadComboBox,54,MoistureLevel,Moisture Level,1,Moisture Level is required,0,NULL,0,NULL,NULL,NULL,NULL,NULL,NULL
1276,5038,1,wcCommentsTB,Comments,RadTextBox,55,Comments,Comments,1,Comments is required,0,NULL,0,NULL,NULL,NULL,NULL,NULL,NULL
1277,5039,1,wcWeatherCondCB,Atmospheric Condition,RadComboBox,56,ATMCond,Atmospheric Condition,1,Atmospheric Condition is required,0,NULL,0,NULL,NULL,NULL,NULL,NULL,NULL
1278,5039,1,wcTempTB,Temperature,RadTextBox,57,Temperature,Temperature,1,Temperature is required,0,NULL,0,NULL,NULL,NULL,NULL,NULL,NULL
1279,5039,1,wcHumidityTB,Humidity,RadTextBox,58,Humidity,Humidity,1,Humidity is required,0,NULL,0,NULL,NULL,NULL,NULL,NULL,NULL
1280,5039,1,wcWindSpeedCB,Wind Speed (km/h),RadComboBox,59,WindSpeed,Wind Speed (km/h),1,Wind Speed (km/h) is required,0,NULL,0,NULL,NULL,NULL,NULL,NULL,NULL
1281,5039,1,wcDirectionCB,Wind Direction,RadComboBox,60,WindDirection,Wind Direction,1,Wind Direction is required,0,NULL,0,NULL,NULL,NULL,NULL,NULL,NULL
1282,5039,1,wcVariabilityTB,Variability,RadTextBox,61,Variability,Variability,1,Variability is required,0,NULL,0,NULL,NULL,NULL,NULL,NULL,NULL
1283,5039,1,wcCommentsTB,Comments,RadTextBox,62,Comments,Comments,1,Comments is required,0,NULL,0,NULL,NULL,NULL,NULL,NULL,NULL
1284,5039,1,wcSensitiveAreasTable,Sensitive Areas,Table,63,SensitiveAreas,Sensitive Areas,1,NA,0,NULL,1,NULL,NULL,NULL,NULL,NULL,NULL
1285,5040,1,wcEquipmentTypeCB,Equipment Type,RadComboBox,64,EquipmentType,Equipment Type,1,Equipment Type is required,0,NULL,0,NULL,NULL,NULL,NULL,NULL,NULL
1286,5040,1,wcEquipModelCombo,Model,RadComboBox,65,Model,Model,1,Model is required,0,NULL,0,NULL,NULL,NULL,NULL,NULL,NULL
1287,5040,1,wcSpeedTB,Speed,RadTextBox,66,Speed,Speed,1,Speed is required,0,NULL,0,NULL,NULL,NULL,NULL,NULL,NULL
1288,5040,1,wcGearCombo,Gear,RadComboBox,67,Gear,Gear,1,Gear is required,0,NULL,0,NULL,NULL,NULL,NULL,NULL,NULL
1289,5040,1,wcNozzleCB,Nozzles,RadComboBox,68,Nozzles,Nozzles,1,Nozzles is required,0,NULL,0,NULL,NULL,NULL,NULL,NULL,NULL
1290,5040,1,wcNozzleTypeCB,Nozzle Type,RadComboBox,69,NozzleType,Nozzle Type,1,Nozzle Type is required,0,NULL,0,NULL,NULL,NULL,NULL,NULL,NULL
1291,5040,1,wcPressureSetTB,Pressure Setting,RadTextBox,70,PressureSetting,Pressure Setting,1,Pressure Setting is required,0,NULL,0,NULL,NULL,NULL,NULL,NULL,NULL
1292,5040,1,wcWaterTextBox,Water Required / ha,RadTextBox,71,WaterRequired,Water Required / ha,1,Answer is required,0,NULL,0,NULL,NULL,NULL,NULL,NULL,NULL
1293,5040,1,wcCommentsTB,Comments,RadTextBox,72,Comments,Comments,1,Comments is required,0,NULL,0,NULL,NULL,NULL,NULL,NULL,NULL
1294,5040,1,wcControlsUsedRow,Controls Used,Table,73,ControlsUsed,Controls Used,1,NA,0,NULL,0,NULL,NULL,NULL,NULL,NULL,NULL
1295,5109,4,wcDefaultDataSetRadCombo,Default Data Set,RadComboBox,2,DefaultDataSet,Default Data Set,1,Default Data Set is required,0,NULL,0,NULL,NULL,NULL,NULL,NULL,NULL
1296,5109,4,wcOperationTypeRadComboBox,Operation Type,RadComboBox,3,OperationType,Operation Type,1,Operation Type is required,1,NULL,0,NULL,NULL,NULL,NULL,NULL,NULL
1297,5109,4,wcProcedureTypeRadComboBox,Procedure Type,RadComboBox,4,ProcedureType,Procedure Type,1,Procedure Type is required,1,NULL,0,NULL,NULL,NULL,NULL,NULL,NULL
1298,5109,4,wcDescriptionTextBox,Description,RadTextBox,5,Description,Description,1,Description is required,1,NULL,0,NULL,NULL,NULL,NULL,NULL,NULL
1299,5109,4,wcOperatorRadComboBox,Operator(s),RadComboBox,6,Operator,Operator(s),1,Operator is required,1,NULL,0,NULL,NULL,NULL,NULL,NULL,NULL
1300,5109,4,wcOperationFromRadDateTimePicker,Operation Date,RadDateTimePicker,7,OperationDate,Operation Date,1,Operation Date is required,1,NULL,0,NULL,NULL,NULL,NULL,NULL,NULL
1301,5109,4,wcProdTreatmentAreaRadListBox,Operational Area(s),RadListBox,8,ProdTreatmentArea,Operational Area(s),1,Answer  is required,0,NULL,0,NULL,NULL,NULL,NULL,NULL,NULL
1302,5109,4,wcTotalAreaTextBox,Total Area,RadNumericTextBox,9,TotalArea,Total Area,1,Total Area  is required,0,NULL,0,NULL,NULL,NULL,NULL,NULL,NULL
1303,5109,4,wcTotalCostTextBox,Total Cost,RadNumericTextBox,10,TotalCost,Total Cost,1,Total Cost is required,0,NULL,0,NULL,NULL,NULL,NULL,NULL,NULL
1304,5109,4,wcCheckedByRadCombo,Checked By,RadComboBox,11,CheckedBy,Checked By,1,Checked By is required,0,NULL,0,NULL,NULL,NULL,NULL,NULL,NULL
1305,5109,4,wcAuthorisedByRadCombo,Authorised By,RadComboBox,12,AuthorisedBy,Authorised By,1,Authorised By is required,0,NULL,0,NULL,NULL,NULL,NULL,NULL,NULL
1306,5109,4,wcApprovedChk,Approved?,CheckBox,13,Approved,Approved?,1,Answer is required,0,NULL,0,NULL,NULL,NULL,NULL,NULL,NULL
1307,5109,4,wcApprovedByRadCombo,Approved By,RadComboBox,14,ApprovedBy,Approved By,1,Approved By is required,0,NULL,0,NULL,NULL,NULL,NULL,NULL,NULL
1308,5109,4,wcApprovalDatePicker,Approval Date,RadDatePicker,15,ApprovalDate,Approval Date,1,Approval Date is required,0,NULL,0,NULL,NULL,NULL,NULL,NULL,NULL
1309,5109,4,wcCommentsTB,Comments,RadTextBox,16,Comments,Comments,1,Comments is required,0,NULL,0,NULL,NULL,NULL,NULL,NULL,NULL
1310,5110,4,wcProductUsedRadComboBox,Product Used,RadComboBox,17,ProductUsed,Product Used,1,Product Used is required,1,NULL,0,NULL,NULL,NULL,NULL,NULL,NULL
1311,5110,4,wcManufacturerTextBox,Manufacturer,TextBox,18,Manufacturer,Manufacturer,1,Manufacturer is required,0,NULL,0,NULL,NULL,NULL,NULL,NULL,NULL
1312,5110,4,wcCropSituationAnimalRadComboBox,Plant/Situation/Animal,RadComboBox,19,CropSituationAnimal,Plant/Situation/Animal,1,Crop/Situation/Animal is required,0,NULL,0,NULL,NULL,NULL,NULL,NULL,NULL
1313,5110,4,wcGrowthStageCB,Growth Stage,RadComboBox,20,GrowthStage,Growth Stage,1,Growth Stage is required,0,NULL,0,NULL,NULL,NULL,NULL,NULL,NULL
1314,5110,4,wcTimingCB,Timing,RadComboBox,21,Timing,Timing,1,Timing is required,0,NULL,0,NULL,NULL,NULL,NULL,NULL,NULL
1315,5110,4,wcPestRadComboBox,Pest,RadComboBox,22,Pest,Pest,1,Pest is required,0,NULL,0,NULL,NULL,NULL,NULL,NULL,NULL
1316,5110,4,wcPestGrowthStageTextBox,Pest Growth Stage,TextBox,23,PestGrowthStage,Pest Growth Stage,1,Pest Growth Stage is required,0,NULL,0,NULL,NULL,NULL,NULL,NULL,NULL
1317,5110,4,wcPestDensityTextBox,Pest Density,TextBox,24,PestDensity,Pest Density,1,Pest Density is required,0,NULL,0,NULL,NULL,NULL,NULL,NULL,NULL
1318,5110,4,wcRateUsedTextBox,Rate Used,RadNumericTextBox,25,RateUsed,Rate Used,1,Rate Used is required,0,NULL,0,NULL,NULL,NULL,NULL,NULL,NULL
1319,5110,4,wcTotalAmountUsedTextBox,Total Amount Used,RadNumericTextBox,26,TotalAmountUsed,Total Amount Used,1,Total Amount Used is required,0,NULL,0,NULL,NULL,NULL,NULL,NULL,NULL
1320,5111,4,wcSoilPhTB,Soil pH,RadTextBox,27,SoilPH,Soil pH,1,Soil pH is required,0,NULL,0,NULL,NULL,NULL,NULL,NULL,NULL
1321,5111,4,wcSalinityTB,Salinity,RadTextBox,28,Salinity,Salinity,1,Salinity is required,0,NULL,0,NULL,NULL,NULL,NULL,NULL,NULL
1322,5111,4,wcOrganicMatterTB,Organic Matter,RadTextBox,29,OrganicMatter,Organic Matter,1,Organic Matter is required,0,NULL,0,NULL,NULL,NULL,NULL,NULL,NULL
1323,5111,4,wcSoilConditionCB,Soil Condition,RadComboBox,30,SoilCondition,Soil Condition,1,Soil Condition is required,0,NULL,0,NULL,NULL,NULL,NULL,NULL,NULL
1324,5111,4,wcMoistureLevelCB,Moisture Level,RadComboBox,31,MoistureLevel,Moisture Level,1,Moisture Level is required,0,NULL,0,NULL,NULL,NULL,NULL,NULL,NULL
1325,5111,4,wcCommentsTB,Comments,RadTextBox,32,Comments,Comments,1,Comments is required,0,NULL,0,NULL,NULL,NULL,NULL,NULL,NULL
1326,5112,4,wcWeatherCondCB,Atmospheric Condition,RadComboBox,33,ATMCond,Atmospheric Condition,1,Atmospheric Condition is required,0,NULL,0,NULL,NULL,NULL,NULL,NULL,NULL
1327,5112,4,wcTempTB,Temperature,RadTextBox,34,Temperature,Temperature,1,Temperature is required,0,NULL,0,NULL,NULL,NULL,NULL,NULL,NULL
1328,5112,4,wcHumidityTB,Humidity,RadTextBox,35,Humidity,Humidity,1,Humidity is required,0,NULL,0,NULL,NULL,NULL,NULL,NULL,NULL
1329,5112,4,wcWindSpeedCB,Wind Speed (km/h),RadComboBox,36,WindSpeed,Wind Speed (km/h),1,Wind Speed (km/h) is required,0,NULL,0,NULL,NULL,NULL,NULL,NULL,NULL
1330,5112,4,wcDirectionCB,Wind Direction,RadComboBox,37,WindDirection,Wind Direction,1,Wind Direction is required,0,NULL,0,NULL,NULL,NULL,NULL,NULL,NULL
1331,5112,4,wcVariabilityTB,Variability,RadTextBox,38,Variability,Variability,1,Variability is required,0,NULL,0,NULL,NULL,NULL,NULL,NULL,NULL
1332,5112,4,wcCommentsTB,Comments,RadTextBox,39,Comments,Comments,1,Comments is required,0,NULL,0,NULL,NULL,NULL,NULL,NULL,NULL
1333,5112,4,wcSensitiveAreasTable,Sensitive Areas,Table,40,SensitiveAreas,Sensitive Areas,1,NA,0,NULL,1,NULL,NULL,NULL,NULL,NULL,NULL
1334,5113,4,wcEquipmentTypeCB,Equipment Type,RadComboBox,41,EquipmentType,Equipment Type,1,Equipment Type is required,0,NULL,0,NULL,NULL,NULL,NULL,NULL,NULL
1335,5113,4,wcEquipModelCombo,Model,RadComboBox,42,Model,Model,1,Model is required,0,NULL,0,NULL,NULL,NULL,NULL,NULL,NULL
1336,5113,4,wcSpeedTB,Speed,RadTextBox,43,Speed,Speed,1,Speed is required,0,NULL,0,NULL,NULL,NULL,NULL,NULL,NULL
1337,5113,4,wcGearCombo,Gear,RadComboBox,44,Gear,Gear,1,Gear is required,0,NULL,0,NULL,NULL,NULL,NULL,NULL,NULL
1338,5113,4,wcNozzleCB,Nozzles,RadComboBox,45,Nozzles,Nozzles,1,Nozzles is required,0,NULL,0,NULL,NULL,NULL,NULL,NULL,NULL
1339,5113,4,wcNozzleTypeCB,Nozzle Type,RadComboBox,46,NozzleType,Nozzle Type,1,Nozzle Type is required,0,NULL,0,NULL,NULL,NULL,NULL,NULL,NULL
1340,5113,4,wcPressureSetTB,Pressure Setting,RadTextBox,47,PressureSetting,Pressure Setting,1,Pressure Setting is required,0,NULL,0,NULL,NULL,NULL,NULL,NULL,NULL
1341,5113,4,wcWaterTextBox,Water Required / ha,RadTextBox,48,WaterRequired,Water Required / ha,1,Answer is required,0,NULL,0,NULL,NULL,NULL,NULL,NULL,NULL
1342,5113,4,wcCommentsTB,Comments,RadTextBox,49,Comments,Comments,1,Comments is required,0,NULL,0,NULL,NULL,NULL,NULL,NULL,NULL
1343,5113,4,wcControlsUsedRow,Controls Used,Table,50,ControlsUsed,Controls Used,1,NA,0,NULL,0,NULL,NULL,NULL,NULL,NULL,NULL
1344,5333,5,wcLinkedIncRLB,Linked Incident(s),RadListBox,13,LinkedIncidentHdr,Linked Incident(s),1,Linked Incident(s) is required,0,NULL,NULL,NULL,NULL,LinkedIncidents,NULL,NULL,NULL
1345,5234,10,wcIndExpTB,Expires In,RadNumericTextBox,20,IndExp,Expires In,1,Expires In is required,0,NULL,0,NULL,NULL,NULL,NULL,NULL,NULL
1346,5234,10,wcExcInTrainingRptChk,Exclude in Training Report,CheckBox,21,ExcTr,Exclude in Training Report,1,,0,NULL,0,NULL,NULL,NULL,NULL,NULL,NULL
1347,5234,10,wcWorkerAssmtRdoList,Worker Assessment ?,RadioButtonList,22,WorkerAssmt,Worker Assessment ?,1,,0,NULL,0,NULL,NULL,NULL,NULL,NULL,NULL
1348,5234,10,wcPassMarkTB,Passing Mark,RadNumericTextBox,23,PassMark,Passing Mark,1,Passing Mark is required,0,NULL,0,NULL,NULL,NULL,NULL,NULL,NULL
1349,5234,13,wcWHSRespCmb,WHS Role Responsible,RadComboBox,25,WHSResp,WHS Role Responsible,1,WHS Role Responsible is required,0,NULL,0,wcDetRespApvRPI,NULL,NULL,NULL,NULL,NULL
1350,5234,15,wcWHSRespCmb,WHS Role Responsible,RadComboBox,25,WHSResp,WHS Role Responsible,1,WHS Role Responsible is required,0,NULL,0,wcDetRespApvRPI,NULL,NULL,NULL,NULL,NULL
1351,5234,21,wcWHSRespCmb,WHS Role Responsible,RadComboBox,25,WHSResp,WHS Role Responsible,1,WHS Role Responsible is required,0,NULL,0,wcDetRespApvRPI,NULL,NULL,NULL,NULL,NULL
1352,5328,11,wcWHSRespCmb,WHS Role Responsible,RadComboBox,34,WHSResp,WHS Role Responsible,1,WHS Role Responsible is required,0,NULL,0,wcDetRespApvRPI,NULL,NULL,NULL,NULL,NULL
1353,5234,12,wcWHSRespCmb,WHS Role Responsible,RadComboBox,23,WHSResp,WHS Role Responsible,1,WHS Role Responsible is required,0,NULL,0,wcDetRespApvRPI,NULL,NULL,NULL,NULL,NULL
1354,5234,14,wcWHSRespCmb,WHS Role Responsible,RadComboBox,28,WHSResp,WHS Role Responsible,1,WHS Role Responsible is required,0,NULL,0,wcDetRespApvRPI,NULL,NULL,NULL,NULL,NULL
1355,5234,16,wcWHSRespCmb,WHS Role Responsible,RadComboBox,29,WHSResp,WHS Role Responsible,1,WHS Role Responsible is required,0,NULL,0,wcDetRespApvRPI,NULL,NULL,NULL,NULL,NULL
1356,5234,17,wcWHSRespCmb,WHS Role Responsible,RadComboBox,24,WHSResp,WHS Role Responsible,1,WHS Role Responsible is required,0,NULL,0,wcDetRespApvRPI,NULL,NULL,NULL,NULL,NULL
1357,5348,9,wcWHSRespCmb,WHS Role Responsible,RadComboBox,NULL,WHSResp,WHS Role Responsible,1,WHS Role Responsible is required,0,NULL,0,wcDetRespApvRPI,NULL,NULL,NULL,NULL,NULL
1358,5234,10,wcWHSRespCmb,WHS Role Responsible,RadComboBox,35,WHSResp,WHS Role Responsible,1,WHS Role Responsible is required,0,NULL,0,wcDetRespApvRPI,NULL,NULL,NULL,NULL,NULL
1359,5234,14,wcWorkerAssmtRdoList,Checklist by Attendee ?,RadioButtonList,13,WorkerAssmt,Checklist by Attendee ?,1,,0,NULL,0,NULL,NULL,NULL,NULL,NULL,NULL
1360,5328,11,wcIdnEmailTB,Email Induction Template,RadEditor,24,IdnEmail,Email Induction Template,1,Email Induction Template is required,0,NULL,0,NULL,NULL,NULL,NULL,NULL,NULL
1361,5234,10,wcTREventCourseRDOL,Training Category,RadioButtonList,12,TREventCourse,Training Category,1,Training Category is required,0,NULL,0,NULL,NULL,NULL,NULL,NULL,NULL
1362,5034,1,wcModeOfActionImage,Mode Of Action,Image,21,MRLRowcModeOfAction,Mode Of Action,1,NA,0,NULL,0,NULL,NULL,NULL,NULL,NULL,NULL
1363,5034,1,wcUseRateRepeater,Rate Summary,Repeater,33,RateSummary,Rate Summary,1,NA,0,NULL,1,NULL,NULL,NULL,NULL,NULL,NULL
1364,5034,1,wcMRLLinkButton,MRL,LinkButton,44,MRL,MRL,1,NA,0,NULL,0,NULL,NULL,NULL,NULL,NULL,NULL
1365,5328,11,wcShowInActiveRBL,Show inactive workers in register,RadioButtonList,11,ShowInActive,Show inactive workers in register,1,Selection  is required,0,NULL,0,NULL,NULL,NULL,NULL,NULL,NULL
1366,5234,10,wcShowInActiveRBL,Show inactive workers in register,RadioButtonList,11,ShowInActive,Show inactive workers in register,1,Selection  is required,0,NULL,0,NULL,NULL,NULL,NULL,NULL,NULL
1367,5231,23,wcEmpNameCombo,Employee Name,RadComboBox,2,EmpName,Employee Name,1,Employee is required,1,NULL,0,NULL,NULL,NULL,NULL,NULL,NULL
1368,5231,23,wcSexDataLabel,Sex,Label,3,Sex,Sex,1,N/A,0,NULL,0,NULL,NULL,NULL,NULL,NULL,NULL
1369,5231,23,wcDOBDataLabel,Date of Birth,Label,4,DOB,Date of Birth,1,N/A,0,NULL,0,NULL,NULL,NULL,NULL,NULL,NULL
1370,5231,23,wcHAddrDataLabel,Home Address,Label,5,HAddr,Home Address,1,N/A,0,NULL,0,NULL,NULL,NULL,NULL,NULL,NULL
1371,5231,23,wcPosDataLabel,Job Title,Label,6,Pos,Job Title,1,N/A,0,NULL,0,NULL,NULL,NULL,NULL,NULL,NULL
1372,5231,23,wcIDNoTB,ID,RadTextBox,7,EQID,ID,1,ID is required,1,NULL,0,NULL,NULL,NULL,NULL,NULL,NULL
1373,5231,23,wcProjNameCmb,Project,RadComboBox,8,Project,Project,1,Project is required,0,NULL,0,NULL,NULL,NULL,NULL,NULL,NULL
1374,5231,23,wcWorkDetRPI,Work Process and Surveillance Details,SECTION,9,WorkDet,Work Process and Surveillance Details,1,N/A,0,NULL,0,wcWorkDetRPI,NULL,NULL,NULL,NULL,NULL
1375,5231,23,wcSurvTypeCombo,Surveillance Type,RadComboBox,10,SurvType,Surveillance Type,1,N/A,0,NULL,0,wcWorkDetRPI,NULL,NULL,NULL,NULL,NULL
1376,5231,23,wcNCAsstCmb,Surveillance required due to Noise Assessment?,RadComboBox,11,NCAsst,Surveillance required due to Noise Assessment?,1,Linked noise assessment record is required,0,NULL,0,wcWorkDetRPI,NULL,NULL,NULL,NULL,NULL
1377,5231,23,wcMontrTB,Monitoring required for,RadTextBox,12,Montr,Monitoring required for,1,Monitoring required for is required,0,NULL,0,wcWorkDetRPI,NULL,NULL,NULL,NULL,NULL
1378,5231,23,wcProductListRadLB,Associated product(s),RadListBox,13,Products,Associated product(s),1,Associated product(s) is required,0,NULL,0,wcWorkDetRPI,NULL,NULL,NULL,NULL,NULL
1379,5231,23,wcExpLimitsListBox,Monitoring required for/Exposure Limits,RadListBox,14,MontrEL,Monitoring required for/Exposure Limits,1,Monitoring required for/Exposure Limits is required,0,NULL,0,wcWorkDetRPI,NULL,NULL,NULL,NULL,NULL
1380,5231,23,wcKitRadListBox,Associated equipment/kit(s),RadListBox,15,Kit,Associated equipment/kit(s),1,Associated equipment/kit(s) is required,0,NULL,0,wcWorkDetRPI,NULL,NULL,NULL,NULL,NULL
1381,5231,23,wcProcRadLB,Associated procedure(s),RadListBox,16,Proc,Associated procedure(s),1,N/A,0,NULL,0,wcWorkDetRPI,NULL,NULL,NULL,NULL,NULL
1382,5231,23,wcWorkProcTB,Work process details,RadTextBox,17,WorkProc,Work process details,1,Work process details is required,0,NULL,0,wcWorkDetRPI,NULL,NULL,NULL,NULL,NULL
1383,5231,23,wcWorkSDtPkr,Date of starting work with products or process,RadDatePicker,18,WorkSDt,Date of starting work with products or process,1,Date of starting work is required,0,NULL,0,wcWorkDetRPI,NULL,NULL,NULL,NULL,NULL
1384,5231,23,wcWorkEDtPkr,Date of ending work with products or process,RadDatePicker,19,WorkEDt,Date of ending work with products or process,1,Date of ending work is required,0,NULL,0,wcWorkDetRPI,NULL,NULL,NULL,NULL,NULL
1385,5231,23,wcPrMeasTB,Protective measures used,RadTextBox,20,PrMeas,Protective measures used,1,Protective measures used is required,0,NULL,0,wcWorkDetRPI,NULL,NULL,NULL,NULL,NULL
1386,5231,23,wcExpTB,Exposure above exposure standard?,RadTextBox,21,Exp,Exposure above exposure standard?,1,Exposure above exposure standard is required,0,NULL,0,wcWorkDetRPI,NULL,NULL,NULL,NULL,NULL
1387,5231,23,wcNotReqChk,Notification of authorisation required?,CheckBox,22,NotReq,Notification of authorisation required?,1,Answer is required,0,NULL,0,wcWorkDetRPI,NULL,NULL,NULL,NULL,NULL
1388,5231,23,wcacheTB,Possible acute/chronic health effects,RadTextBox,23,cache,Possible acute/chronic health effects,1,Possible acute/chronic health effects is required,0,NULL,0,wcWorkDetRPI,NULL,NULL,NULL,NULL,NULL
1389,5231,23,wcStatusCombo,Status,RadComboBox,24,Status,Status,1,Status is required,0,NULL,0,wcWorkDetRPI,NULL,NULL,NULL,NULL,NULL
1390,5231,23,wcReqmtRPI,Requirements,SECTION,25,Reqmt,Requirements,1,N/A,0,NULL,0,wcReqmtRPI,NULL,NULL,NULL,NULL,NULL
1391,5231,23,wcRegTstChk,Requires regular testing?,CheckBox,26,RegTst,Requires regular testing?,1,Answer is required,0,NULL,0,wcReqmtRPI,NULL,NULL,NULL,NULL,NULL
1392,5231,23,wcFreqCombo,Testing frequency,RadComboBox,27,Freq,Testing frequency,1,Testing frequency is required,0,NULL,0,wcReqmtRPI,NULL,NULL,NULL,NULL,NULL
1393,5231,23,wcFreqByCombo,Person responsible for testing,RadComboBox,28,FreqBy,Person responsible for testing,1,Person responsible for testing is required,0,NULL,0,wcReqmtRPI,NULL,NULL,NULL,NULL,NULL
1394,5231,23,wcReqPolRadLB,Relevant Policies,RadListBox,29,ReqPol,Relevant Policies,1,Relevant Policies is required,0,NULL,0,wcReqmtRPI,NULL,NULL,NULL,NULL,NULL
1395,5231,23,wcReqLegsRadLB,Relevant Legislation,RadListBox,30,ReqLegs,Relevant Legislation,1,Relevant Legislation is required,0,NULL,0,wcReqmtRPI,NULL,NULL,NULL,NULL,NULL
1396,5231,23,wcAttachRPI,Attachments,SECTION,31,Attach,Attachments,1,N/A,0,NULL,0,wcAttachRPI,NULL,NULL,NULL,NULL,NULL
1397,5231,23,wcAttchRptr,List of Attachments,Repeater,32,Attach2,List of Attachments,1,,0,NULL,1,wcAttachRPI,NULL,NULL,NULL,NULL,NULL
1398,5231,23,wcDetRespApvRPI,Responsibilities and Approval,SECTION,33,DetRespApv,Responsibilities and Approval,1,N/A,0,NULL,0,wcDetRespApvRPI,NULL,NULL,NULL,NULL,NULL
1399,5231,23,wcRespCombo,Person Responsible,RadComboBox,34,PersonResp,Person Responsible,1,Person Responsible is required,0,NULL,0,wcDetRespApvRPI,NULL,NULL,NULL,NULL,NULL
1400,5231,23,wcCheckedByLbl,Checked By,Label,35,CheckedBy,Checked By,1,N/A,0,NULL,0,wcDetRespApvRPI,NULL,NULL,NULL,NULL,NULL
1401,5231,23,wcReviewedByLabel,Reviewed By,Label,36,ReviewedBy,Reviewed By,1,N/A,0,NULL,0,wcDetRespApvRPI,NULL,NULL,NULL,NULL,NULL
1402,5231,23,wcNextReviewPkr,Next Review Date,RadDatePicker,37,NextReview,Next Review Date,1,Next review date is required,0,NULL,0,wcDetRespApvRPI,NULL,NULL,NULL,NULL,NULL
1403,5231,23,wcAuthoriseLabel,Authorised By,Label,38,Authorise,Authorised By,1,N/A,0,NULL,0,wcDetRespApvRPI,NULL,NULL,NULL,NULL,NULL
1404,5231,23,wcApproveLabel,Approved By,Label,39,Approve,Approved By,1,N/A,0,NULL,0,wcDetRespApvRPI,NULL,NULL,NULL,NULL,NULL
1405,5333,5,wcIncNotifiableChk,Is Incident Notifiable?,CheckBox,47,IncNotifiable,Is Incident Notifiable?,1,Answer is required,0,NULL,NULL,NULL,NULL,IsIncidentNotifiable,NULL,NULL,NULL
1406,5032,1,wcOtherOptAreaDetTB,Details of operational area,RadTextBox,11,OtherOptAreaDet,Details of operational area,1,Details of operational area  is required,0,NULL,0,NULL,NULL,NULL,NULL,NULL,NULL
1407,5234,16,wcUseCustomReportChk,Use uploaded report?,RadCheckBox,5,UseCustomReport,Use uploaded report?,1,Answer is required,0,NULL,0,NULL,NULL,NULL,NULL,NULL,NULL
1408,5234,17,wcUseCustomReportChk,Use uploaded report?,RadCheckBox,5,UseCustomReport,Use uploaded report?,1,Answer is required,0,NULL,0,NULL,NULL,NULL,NULL,NULL,NULL
1409,5234,16,wcWebLinkTB,Web Link,RadTextBox,21,WebLink,Web Link,1,Web Link is required,0,NULL,0,NULL,NULL,NULL,NULL,NULL,NULL
1410,5234,17,wcWebLinkTB,Web Link,RadTextBox,17,WebLink,Web Link,1,Web Link is required,0,NULL,0,NULL,NULL,NULL,NULL,NULL,NULL
1411,5236,15,wcEmpListRadCombo,Select Attendee,RadComboBox,32,Attendee,Select Attendee,1,Attendee is required,0,NULL,0,wcDetRespApvRPI,NULL,NULL,NULL,NULL,NULL
1412,5236,15,wcPosL,Position/Job Title,Label,33,PosTitle,Position/Job Title,1,,0,NULL,0,wcDetRespApvRPI,NULL,NULL,NULL,NULL,NULL
1413,5236,15,wcLocL,Employment Location,Label,34,EmpLoc,Employment Location,1,,0,NULL,0,wcDetRespApvRPI,NULL,NULL,NULL,NULL,NULL
1414,5236,15,wcSuperL,Supervisor,Label,35,EmpSupvr,Supervisor,1,,0,NULL,0,wcDetRespApvRPI,NULL,NULL,NULL,NULL,NULL
1415,5236,15,wcCompL,Company (if contractor),Label,36,EmpContr,Company (if contractor),1,,0,NULL,0,wcDetRespApvRPI,NULL,NULL,NULL,NULL,NULL
1416,5236,15,wcEmpIDL,Employee Identification Number,Label,37,EmpIDNo,Employee Identification Number,1,,0,NULL,0,wcDetRespApvRPI,NULL,NULL,NULL,NULL,NULL
1417,5236,15,wcEmpUSIL,Unique Student Identifier  (USI),Label,38,EmpUSI,Unique Student Identifier  (USI),1,,0,NULL,0,wcDetRespApvRPI,NULL,NULL,NULL,NULL,NULL
1418,5236,15,wcEmailL,Email Address,Label,39,EmpEmail,Email Address,1,,0,NULL,0,wcDetRespApvRPI,NULL,NULL,NULL,NULL,NULL
1419,5236,15,wcPhoneL,Phone Number,Label,40,EmpPhone,Phone Number,1,,0,NULL,0,wcDetRespApvRPI,NULL,NULL,NULL,NULL,NULL
1420,5236,14,wcEmpListRadCombo,Select Attendee,RadComboBox,35,Attendee,Select Attendee,1,Attendee is required,0,NULL,0,wcDetRespApvRPI,NULL,NULL,NULL,NULL,NULL
1421,5236,14,wcPosL,Position/Job Title,Label,36,PosTitle,Position/Job Title,1,,0,NULL,0,wcDetRespApvRPI,NULL,NULL,NULL,NULL,NULL
1422,5236,14,wcLocL,Employment Location,Label,37,EmpLoc,Employment Location,1,,0,NULL,0,wcDetRespApvRPI,NULL,NULL,NULL,NULL,NULL
1423,5236,14,wcSuperL,Supervisor,Label,38,EmpSupvr,Supervisor,1,,0,NULL,0,wcDetRespApvRPI,NULL,NULL,NULL,NULL,NULL
1424,5236,14,wcCompL,Company (if contractor),Label,39,EmpContr,Company (if contractor),1,,0,NULL,0,wcDetRespApvRPI,NULL,NULL,NULL,NULL,NULL
1425,5236,14,wcEmpIDL,Employee Identification Number,Label,40,EmpIDNo,Employee Identification Number,1,,0,NULL,0,wcDetRespApvRPI,NULL,NULL,NULL,NULL,NULL
1426,5236,14,wcEmpUSIL,Unique Student Identifier  (USI),Label,41,EmpUSI,Unique Student Identifier  (USI),1,,0,NULL,0,wcDetRespApvRPI,NULL,NULL,NULL,NULL,NULL
1427,5236,14,wcEmailL,Email Address,Label,42,EmpEmail,Email Address,1,,0,NULL,0,wcDetRespApvRPI,NULL,NULL,NULL,NULL,NULL
1428,5236,14,wcPhoneL,Phone Number,Label,43,EmpPhone,Phone Number,1,,0,NULL,0,wcDetRespApvRPI,NULL,NULL,NULL,NULL,NULL
1429,5234,24,wcIDTB,ID,RadTextBox,2,ID,ID,1,ID is required,1,NULL,0,NULL,NULL,NULL,NULL,NULL,NULL
1430,5234,24,wcTitleTB,Title,RadTextBox,3,Title,Title,1,Title is required,1,NULL,0,NULL,NULL,NULL,NULL,NULL,NULL
1431,5234,24,wcDescTB,Description,RadTextBox,4,Desc,Description,1,Description is required,0,NULL,0,NULL,NULL,NULL,NULL,NULL,NULL
1432,5234,24,wcRegRecTypeCombo,Type,RadComboBox,5,Type,Type,1,Type is required,0,NULL,0,NULL,NULL,NULL,NULL,NULL,NULL
1433,5234,24,wcRegRecSubTypeCombo,Sub-Type,RadComboBox,6,SubType,Sub-Type,1,Sub-Type is required,0,NULL,0,NULL,NULL,NULL,NULL,NULL,NULL
1434,5234,24,wcStartDtPkr,Date,RadDateTimePicker,7,StartDt,Date,1,Date is required,0,NULL,0,NULL,NULL,NULL,NULL,NULL,NULL
1435,5234,24,wcProjectCmb,Project,RadComboBox,9,Project,Project,1,Project is required,0,NULL,0,NULL,NULL,NULL,NULL,NULL,NULL
1436,5234,24,wcLocationIDRadCombo,Location,RadComboBox,10,LocType,Location,1,Location is required,0,NULL,0,NULL,NULL,NULL,NULL,NULL,NULL
1437,5234,24,wcLocationTB,Location Address,RadTextBox,11,LocAddr,Location Address,1,Location Address is required,0,NULL,0,NULL,NULL,NULL,NULL,NULL,NULL
1438,5234,24,wcSpecificLocTB,Specific Location Details,RadTextBox,12,LocDet,Specific Location Details,1,Specific location is required,0,NULL,0,NULL,NULL,NULL,NULL,NULL,NULL
1439,5234,24,wcEmpDivisionCmb,Division,RadComboBox,13,Division,Division,1,Division is required,0,NULL,0,NULL,NULL,NULL,NULL,NULL,NULL
1440,5234,24,wcEmpDeptCmb,Department,RadComboBox,14,Department,Department,1,Department is required,0,NULL,0,NULL,NULL,NULL,NULL,NULL,NULL
1441,5234,24,wcStatusCombo,Status,RadComboBox,15,Status,Status,1,Status is required,0,NULL,0,NULL,NULL,NULL,NULL,NULL,NULL
1442,5234,24,wcCommTB,Details,RadTextBox,16,Comm,Details,1,Details is required,0,NULL,0,NULL,NULL,NULL,NULL,NULL,NULL
1443,5234,24,wcAttachRPI,Attachments,SECTION,17,Attach,Attachments,1,N/A,0,NULL,0,wcAttachRPI,NULL,NULL,NULL,NULL,NULL
1444,5234,24,wcAttchRptr,List of Attachments,Repeater,18,Attach2,List of Attachments,1,,0,NULL,1,wcAttachRPI,NULL,NULL,NULL,NULL,NULL
1445,5234,24,wcReqmtRPI,Requirements,SECTION,19,Reqmt,Requirements,1,N/A,0,NULL,0,wcReqmtRPI,NULL,NULL,NULL,NULL,NULL
1446,5234,24,wcReqPolRadLB,Relevant Policies,RadListBox,20,ReqPol,Relevant Policies,1,Relevant Policies is required,0,NULL,0,wcReqmtRPI,NULL,NULL,NULL,NULL,NULL
1447,5234,24,wcReqLegsRadLB,Relevant Legislation,RadListBox,21,ReqLegs,Relevant Legislation,1,Relevant Legislation is required,0,NULL,0,wcReqmtRPI,NULL,NULL,NULL,NULL,NULL
1448,5234,24,wcDetRespApvRPI,Responsibilities and Approval,SECTION,22,DetRespApv,Responsibilities and Approval,1,N/A,0,NULL,0,wcDetRespApvRPI,NULL,NULL,NULL,NULL,NULL
1449,5234,24,wcWHSRespCmb,WHS Role Responsible,RadComboBox,23,WHSResp,WHS Role Responsible,1,WHS Role Responsible is required,0,NULL,0,wcDetRespApvRPI,NULL,NULL,NULL,NULL,NULL
1450,5234,24,wcRespCombo,Person Responsible,RadComboBox,24,PersonResp,Person Responsible,1,Person Responsible is required,0,NULL,0,wcDetRespApvRPI,NULL,NULL,NULL,NULL,NULL
1451,5234,24,wcCheckedByLbl,Checked By,Label,25,CheckedBy,Checked By,1,N/A,0,NULL,0,wcDetRespApvRPI,NULL,NULL,NULL,NULL,NULL
1452,5234,24,wcReviewedByLabel,Reviewed By,Label,26,ReviewedBy,Reviewed By,1,N/A,0,NULL,0,wcDetRespApvRPI,NULL,NULL,NULL,NULL,NULL
1453,5234,24,wcNextReviewPkr,Next Review Date,RadDatePicker,27,NextReview,Next Review Date,1,Next review date is required,0,NULL,0,wcDetRespApvRPI,NULL,NULL,NULL,NULL,NULL
1454,5234,24,wcAuthoriseLabel,Authorised By,Label,28,Authorise,Authorised By,1,N/A,0,NULL,0,wcDetRespApvRPI,NULL,NULL,NULL,NULL,NULL
1455,5234,24,wcApproveLabel,Approved By,Label,29,Approve,Approved By,1,N/A,0,NULL,0,wcDetRespApvRPI,NULL,NULL,NULL,NULL,NULL
1456,5245,18,wcOthLocRadLB,Other Location(s),RadListBox,50,OtherLocation,Other Location(s),1,Other location(s) is required,0,NULL,0,wcCurrEmpDetRPI,NULL,NULL,NULL,NULL,NULL
1457,951,25,wcIDTB,ID,RadTextBox,1,ID,ID,1,ID is required,1,NULL,0,NULL,NULL,InternalNo,NULL,NULL,NULL
1458,951,25,wcTitleTB,Title,RadTextBox,2,Title,Title,1,Title is required,1,NULL,0,NULL,NULL,TitleDesc,NULL,NULL,NULL
1459,951,25,wcStartDtPkr,Date,RadDateTimePicker,3,StartDt,Date,1,Date is required,0,NULL,0,NULL,NULL,StartDt,NULL,NULL,NULL
1460,951,25,wcLocationIDRadCombo,Location,RadComboBox,4,LocType,Location,1,Location is required,0,NULL,0,NULL,NULL,LocationName,NULL,NULL,NULL
1461,951,25,wcLocationTB,Address,RadTextBox,5,LocAddr,Address,1,Location Address is required,0,NULL,0,NULL,NULL,LocationAddr,NULL,NULL,NULL
1462,951,25,wcSpecificLocTB,Specific Location Details,RadTextBox,6,LocDet,Specific Location Details,1,Specific location is required,0,NULL,0,NULL,NULL,LocationDet,NULL,NULL,NULL
1463,951,25,wcPersonRespCmb,Assessed By,RadComboBox,7,PersonResp,Assessed By,1,Assessed By is required,0,NULL,0,NULL,NULL,ReportedByID,NULL,NULL,NULL
1464,951,25,wcAttachUpld,Attachments,RadAsyncUpload,8,AttachUpld,Attachments,1,Attachments is required,0,NULL,0,NULL,NULL,Attachments,NULL,NULL,NULL
1465,951,25,wcDescTB,Description,RadTextBox,9,Desc,Description,1,Description is required,0,NULL,0,wcOtherDetRPI,NULL,ExtDesc,NULL,NULL,NULL
1466,951,25,wcRegRecTypeCombo,Type,RadComboBox,10,Type,Type,1,Type is required,0,NULL,0,wcOtherDetRPI,NULL,OthTypeID,NULL,NULL,NULL
1467,951,25,wcRegRecSubTypeCombo,Sub-Type,RadComboBox,11,SubType,Sub-Type,1,Sub-Type is required,0,NULL,0,wcOtherDetRPI,NULL,OthSubTypeID,NULL,NULL,NULL
1468,951,25,wcCommTB,Other Details,RadTextBox,12,Comm,Other Details,1,Details is required,0,NULL,0,wcOtherDetRPI,NULL,Comments,NULL,NULL,NULL
1469,951,25,wcContractorCompanyCMB,Contractor,RadComboBox,13,Contractor,Contractor,0,Contractor is required,0,NULL,0,wcOtherDetRPI,NULL,StoreContractorID,NULL,NULL,NULL
1470,951,25,wcDivisionCmb,Division,RadComboBox,14,Division,Division,0,Division is required,0,NULL,0,wcOtherDetRPI,NULL,DivisionID,NULL,NULL,NULL
1471,951,25,wcDepartmentCmb,Department,RadComboBox,15,Department,Department,0,Department is required,0,NULL,0,wcOtherDetRPI,NULL,DepartmentID,NULL,NULL,NULL
1472,951,25,wcStatusCombo,Status,RadComboBox,16,Status,Status,0,Status is required,0,NULL,0,wcOtherDetRPI,NULL,StatusID,NULL,NULL,NULL
1473,5333,5,wcReporterContactEmailTB,First Reported By Email,RadTextBox,39,ReporterContactEmail,First Reported By Email,1,First Reported By Email is required,0,NULL,NULL,NULL,NULL,ReporterEmail,NULL,NULL,NULL
1474,5333,5,wcFirstRepToPhoneTB,First Reported To Phone,RadTextBox,41,FirstRepToPhone,First Reported To Phone,1,First Reported To Phone is required,0,NULL,NULL,NULL,NULL,ReportedToPhone,NULL,NULL,NULL
1475,5333,5,wcFirstRepToEmailTB,First Reported To Email,RadTextBox,42,FirstRepToEmail,First Reported To Email,1,First Reported To Email is required,0,NULL,NULL,NULL,NULL,ReportedToEmail,NULL,NULL,NULL
1476,5365,19,wcReporterContactEmailTB,First Reported By Email,RadTextBox,40,ReporterContactEmail,First Reported By Email,1,First Reported By Email is required,0,NULL,NULL,NULL,NULL,NULL,NULL,NULL,NULL
1477,5365,19,wcFirstRepToPhoneTB,First Reported To Phone,RadTextBox,42,FirstRepToPhone,First Reported To Phone,1,First Reported To Phone is required,0,NULL,NULL,NULL,NULL,NULL,NULL,NULL,NULL
1478,5365,19,wcFirstRepToEmailTB,First Reported To Email,RadTextBox,43,FirstRepToEmail,First Reported To Email,1,First Reported To Email is required,0,NULL,NULL,NULL,NULL,NULL,NULL,NULL,NULL
1479,5365,19,wcWitnessRptr,Witnesses,Table,45,WitnessTable,Witnesses,1,NULL,0,NULL,1,NULL,NULL,NULL,NULL,NULL,NULL
1480,5334,5,wcEmpEmailTB,Email Address,TextBox,5,EmpEmail,Email Address,1,Email Address is required,1,NULL,NULL,wcPersonInvRPI,NULL,PersonInvolveEmail,NULL,NULL,NULL
1481,5365,19,wcTaskPerfTB,Activity that caused incident/tasks performed when incident occurred,RadTextBox,19,TaskPerf,Activity that caused incident/tasks performed when incident occurred,0,Description of Events is required,0,NULL,NULL,NULL,NULL,NULL,NULL,NULL,NULL
1482,5333,5,wcLatitute,Latitude/Longitude,TextBox,8,LatLong,Latitude/Longitude,1,Latitude/Longitude is required,0,NULL,NULL,NULL,NULL,LatitudeLongitude,NULL,NULL,NULL
1483,5333,5,wcGeoLocAddressTB,Geo Location Address,TextBox,9,GeoLocAddress,Geo Location Address,1,Geo Location Address is required,0,NULL,NULL,NULL,NULL,GeoLocationAddress,NULL,NULL,NULL
1484,5333,5,wcTreatmentProvidedByCmb,Treatment Provided By,RadComboBox,20,TreatmentProvidedBy,Treatment Provided By,1,Treatment Provided By is required,0,NULL,NULL,NULL,NULL,TreatmentProvidedBy,NULL,NULL,NULL
1485,5365,19,wcTreatmentProvidedByCmb,Treatment Provided By,RadComboBox,34,TreatmentProvidedBy,Treatment Provided By,1,Treatment Provided By is required,0,NULL,NULL,NULL,NULL,NULL,NULL,NULL,NULL
1486,973,26,wcIDTB,ID,RadTextBox,1,ID,ID,1,ID is required,1,NULL,0,NULL,NULL,NULL,NULL,NULL,NULL
1487,973,26,wcTitleTB,Title,RadTextBox,2,Title,Title,1,Title is required,1,NULL,0,NULL,NULL,NULL,NULL,NULL,NULL
1488,973,26,wcStartDtPkr,Date,RadDateTimePicker,3,StartDt,Date,1,Date is required,0,NULL,0,NULL,NULL,NULL,NULL,NULL,NULL
1489,973,26,wcLocationIDRadCombo,Location,RadComboBox,4,LocType,Location,1,Location is required,0,NULL,0,NULL,NULL,NULL,NULL,NULL,NULL
1490,973,26,wcLocationTB,Address,RadTextBox,5,LocAddr,Address,1,Location Address is required,0,NULL,0,NULL,NULL,NULL,NULL,NULL,NULL
1491,973,26,wcSpecificLocTB,Specific Location Details,RadTextBox,6,LocDet,Specific Location Details,1,Specific location is required,0,NULL,0,NULL,NULL,NULL,NULL,NULL,NULL
1492,973,26,wcPersonRespCmb,Assessed By,RadComboBox,7,PersonResp,Assessed By,1,Assessed By is required,0,NULL,0,NULL,NULL,NULL,NULL,NULL,NULL
1493,973,26,wcAttachUpld,Attachments,RadAsyncUpload,8,AttachUpld,Attachments,1,Attachments is required,0,NULL,0,NULL,NULL,NULL,NULL,NULL,NULL
1494,973,26,wcDescTB,Description,RadTextBox,9,Desc,Description,1,Description is required,0,NULL,0,wcOtherDetRPI,NULL,NULL,NULL,NULL,NULL
1495,973,26,wcRegRecTypeCombo,Type,RadComboBox,10,Type,Type,1,Type is required,0,NULL,0,wcOtherDetRPI,NULL,NULL,NULL,NULL,NULL
1496,973,26,wcRegRecSubTypeCombo,Sub-Type,RadComboBox,11,SubType,Sub-Type,1,Sub-Type is required,0,NULL,0,wcOtherDetRPI,NULL,NULL,NULL,NULL,NULL
1497,973,26,wcCommTB,Other Details,RadTextBox,12,Comm,Other Details,1,Details is required,0,NULL,0,wcOtherDetRPI,NULL,NULL,NULL,NULL,NULL
1498,973,26,wcContractorCompanyCMB,Contractor,RadComboBox,13,Contractor,Contractor,0,Contractor is required,0,NULL,0,wcOtherDetRPI,NULL,NULL,NULL,NULL,NULL
1499,973,26,wcDivisionCmb,Division,RadComboBox,14,Division,Division,0,Division is required,0,NULL,0,wcOtherDetRPI,NULL,NULL,NULL,NULL,NULL
1500,973,26,wcDepartmentCmb,Department,RadComboBox,15,Department,Department,0,Department is required,0,NULL,0,wcOtherDetRPI,NULL,NULL,NULL,NULL,NULL
1501,973,26,wcStatusCombo,Status,RadComboBox,16,Status,Status,0,Status is required,0,NULL,0,wcOtherDetRPI,NULL,NULL,NULL,NULL,NULL
1502,951,25,wcProjectCombo,Project,RadComboBox,17,Project,Project,0,Project is required,0,NULL,0,wcOtherDetRPI,NULL,NULL,NULL,NULL,NULL
1503,975,27,wcIDTB,ID,RadTextBox,1,ID,ID,1,ID is required,1,NULL,0,NULL,NULL,InternalNo,NULL,NULL,NULL
1504,975,27,wcTitleTB,Title,RadTextBox,2,Title,Title,1,Title is required,1,NULL,0,NULL,NULL,TitleDesc,NULL,NULL,NULL
1505,975,27,wcStartDtPkr,Date,RadDateTimePicker,3,StartDt,Date,1,Date is required,0,NULL,0,NULL,NULL,StartDt,NULL,NULL,NULL
1506,975,27,wcLocationIDRadCombo,Location,RadComboBox,4,LocType,Location,1,Location is required,0,NULL,0,NULL,NULL,LocationName,NULL,NULL,NULL
1507,975,27,wcLocationTB,Address,RadTextBox,5,LocAddr,Address,1,Location Address is required,0,NULL,0,NULL,NULL,LocationAddr,NULL,NULL,NULL
1508,975,27,wcSpecificLocTB,Specific Location Details,RadTextBox,6,LocDet,Specific Location Details,1,Specific location is required,0,NULL,0,NULL,NULL,LocationDet,NULL,NULL,NULL
1509,975,27,wcPersonRespCmb,Assessed By,RadComboBox,7,PersonResp,Assessed By,1,Assessed By is required,0,NULL,0,NULL,NULL,ReportedByID,NULL,NULL,NULL
1510,975,27,wcAttachUpld,Attachments,RadAsyncUpload,9,AttachUpld,Attachments,1,Attachments is required,0,NULL,0,NULL,NULL,Attachments,NULL,NULL,NULL
1511,975,27,wcDescTB,Description,RadTextBox,10,Desc,Description,1,Description is required,0,NULL,0,wcOtherDetRPI,NULL,ExtDesc,NULL,NULL,NULL
1512,975,27,wcRegRecTypeCombo,Type,RadComboBox,11,Type,Type,1,Type is required,0,NULL,0,wcOtherDetRPI,NULL,OthTypeID,NULL,NULL,NULL
1513,975,27,wcRegRecSubTypeCombo,Sub-Type,RadComboBox,12,SubType,Sub-Type,1,Sub-Type is required,0,NULL,0,wcOtherDetRPI,NULL,OthSubTypeID,NULL,NULL,NULL
1514,975,27,wcCommTB,Other Details,RadTextBox,13,Comm,Other Details,1,Details is required,0,NULL,0,wcOtherDetRPI,NULL,Comments,NULL,NULL,NULL
1515,975,27,wcContractorCompanyCMB,Contractor,RadComboBox,14,Contractor,Contractor,0,Contractor is required,0,NULL,0,wcOtherDetRPI,NULL,StoreContractorID,NULL,NULL,NULL
1516,975,27,wcDivisionCmb,Division,RadComboBox,15,Division,Division,0,Division is required,0,NULL,0,wcOtherDetRPI,NULL,DivisionID,NULL,NULL,NULL
1517,975,27,wcDepartmentCmb,Department,RadComboBox,16,Department,Department,0,Department is required,0,NULL,0,wcOtherDetRPI,NULL,DepartmentID,NULL,NULL,NULL
1518,975,27,wcStatusCombo,Status,RadComboBox,18,Status,Status,0,Status is required,0,NULL,0,wcOtherDetRPI,NULL,StatusID,NULL,NULL,NULL
1519,975,27,wcProjectCombo,Project,RadComboBox,19,Project,Project,0,Project is required,0,NULL,0,wcOtherDetRPI,NULL,NULL,NULL,NULL,NULL
1520,971,28,wcIDTB,ID,RadTextBox,1,ID,ID,1,ID is required,1,NULL,0,NULL,NULL,InternalNo,NULL,NULL,NULL
1521,971,28,wcTitleTB,Title,RadTextBox,2,Title,Title,1,Title is required,1,NULL,0,NULL,NULL,TitleDesc,NULL,NULL,NULL
1522,971,28,wcStartDtPkr,Date,RadDateTimePicker,3,StartDt,Date,1,Date is required,0,NULL,0,NULL,NULL,StartDt,NULL,NULL,NULL
1523,971,28,wcLocationIDRadCombo,Location,RadComboBox,4,LocType,Location,1,Location is required,0,NULL,0,NULL,NULL,LocationName,NULL,NULL,NULL
1524,971,28,wcLocationTB,Address,RadTextBox,5,LocAddr,Address,1,Location Address is required,0,NULL,0,NULL,NULL,LocationAddr,NULL,NULL,NULL
1525,971,28,wcSpecificLocTB,Specific Location Details,RadTextBox,6,LocDet,Specific Location Details,1,Specific location is required,0,NULL,0,NULL,NULL,LocationDet,NULL,NULL,NULL
1526,971,28,wcPersonRespCmb,Assessed By,RadComboBox,7,PersonResp,Assessed By,1,Assessed By is required,0,NULL,0,NULL,NULL,ReportedByID,NULL,NULL,NULL
1527,971,28,wcAttachUpld,Attachments,RadAsyncUpload,8,AttachUpld,Attachments,1,Attachments is required,0,NULL,0,NULL,NULL,Attachments,NULL,NULL,NULL
1528,971,28,wcDescTB,Description,RadTextBox,9,Desc,Description,1,Description is required,0,NULL,0,wcOtherDetRPI,NULL,ExtDesc,NULL,NULL,NULL
1529,971,28,wcRegRecTypeCombo,Type,RadComboBox,10,Type,Type,1,Type is required,0,NULL,0,wcOtherDetRPI,NULL,OthTypeID,NULL,NULL,NULL
1530,971,28,wcRegRecSubTypeCombo,Sub-Type,RadComboBox,11,SubType,Sub-Type,1,Sub-Type is required,0,NULL,0,wcOtherDetRPI,NULL,OthSubTypeID,NULL,NULL,NULL
1531,971,28,wcCommTB,Other Details,RadTextBox,12,Comm,Other Details,1,Details is required,0,NULL,0,wcOtherDetRPI,NULL,Comments,NULL,NULL,NULL
1532,971,28,wcContractorCompanyCMB,Contractor,RadComboBox,13,Contractor,Contractor,0,Contractor is required,0,NULL,0,wcOtherDetRPI,NULL,StoreContractorID,NULL,NULL,NULL
1533,971,28,wcDivisionCmb,Division,RadComboBox,14,Division,Division,0,Division is required,0,NULL,0,wcOtherDetRPI,NULL,DivisionID,NULL,NULL,NULL
1534,971,28,wcDepartmentCmb,Department,RadComboBox,15,Department,Department,0,Department is required,0,NULL,0,wcOtherDetRPI,NULL,DepartmentID,NULL,NULL,NULL
1535,971,28,wcStatusCombo,Status,RadComboBox,16,Status,Status,0,Status is required,0,NULL,0,wcOtherDetRPI,NULL,StatusID,NULL,NULL,NULL
1536,971,28,wcProjectCombo,Project,RadComboBox,17,Project,Project,0,Project is required,0,NULL,0,wcOtherDetRPI,NULL,NULL,NULL,NULL,NULL
1537,972,29,wcIDTB,ID,RadTextBox,1,ID,ID,1,ID is required,1,NULL,0,NULL,NULL,InternalNo,NULL,NULL,NULL
1538,972,29,wcTitleTB,Title,RadTextBox,2,Title,Title,1,Title is required,1,NULL,0,NULL,NULL,TitleDesc,NULL,NULL,NULL
1539,972,29,wcStartDtPkr,Date,RadDateTimePicker,3,StartDt,Date,1,Date is required,0,NULL,0,NULL,NULL,StartDt,NULL,NULL,NULL
1540,972,29,wcLocationIDRadCombo,Location,RadComboBox,4,LocType,Location,1,Location is required,0,NULL,0,NULL,NULL,LocationName,NULL,NULL,NULL
1541,972,29,wcLocationTB,Address,RadTextBox,5,LocAddr,Address,1,Location Address is required,0,NULL,0,NULL,NULL,LocationAddr,NULL,NULL,NULL
1542,972,29,wcSpecificLocTB,Specific Location Details,RadTextBox,6,LocDet,Specific Location Details,1,Specific location is required,0,NULL,0,NULL,NULL,LocationDet,NULL,NULL,NULL
1543,972,29,wcPersonRespCmb,Assessed By,RadComboBox,7,PersonResp,Assessed By,1,Assessed By is required,0,NULL,0,NULL,NULL,ReportedByID,NULL,NULL,NULL
1544,972,29,wcAttachUpld,Attachments,RadAsyncUpload,8,AttachUpld,Attachments,1,Attachments is required,0,NULL,0,NULL,NULL,Attachments,NULL,NULL,NULL
1545,972,29,wcDescTB,Description,RadTextBox,9,Desc,Description,1,Description is required,0,NULL,0,wcOtherDetRPI,NULL,ExtDesc,NULL,NULL,NULL
1546,972,29,wcRegRecTypeCombo,Type,RadComboBox,10,Type,Type,1,Type is required,0,NULL,0,wcOtherDetRPI,NULL,OthTypeID,NULL,NULL,NULL
1547,972,29,wcRegRecSubTypeCombo,Sub-Type,RadComboBox,11,SubType,Sub-Type,1,Sub-Type is required,0,NULL,0,wcOtherDetRPI,NULL,OthSubTypeID,NULL,NULL,NULL
1548,972,29,wcCommTB,Other Details,RadTextBox,12,Comm,Other Details,1,Details is required,0,NULL,0,wcOtherDetRPI,NULL,Comments,NULL,NULL,NULL
1549,972,29,wcContractorCompanyCMB,Contractor,RadComboBox,13,Contractor,Contractor,0,Contractor is required,0,NULL,0,wcOtherDetRPI,NULL,StoreContractorID,NULL,NULL,NULL
1550,972,29,wcDivisionCmb,Division,RadComboBox,14,Division,Division,0,Division is required,0,NULL,0,wcOtherDetRPI,NULL,DivisionID,NULL,NULL,NULL
1551,972,29,wcDepartmentCmb,Department,RadComboBox,15,Department,Department,0,Department is required,0,NULL,0,wcOtherDetRPI,NULL,DepartmentID,NULL,NULL,NULL
1552,972,29,wcStatusCombo,Status,RadComboBox,16,Status,Status,0,Status is required,0,NULL,0,wcOtherDetRPI,NULL,StatusID,NULL,NULL,NULL
1553,972,29,wcProjectCombo,Project,RadComboBox,17,Project,Project,0,Project is required,0,NULL,0,wcOtherDetRPI,NULL,NULL,NULL,NULL,NULL
1554,974,30,wcIDTB,ID,RadTextBox,1,ID,ID,1,ID is required,1,NULL,0,NULL,NULL,InternalNo,NULL,NULL,NULL
1555,974,30,wcTitleTB,Title,RadTextBox,2,Title,Title,1,Title is required,1,NULL,0,NULL,NULL,TitleDesc,NULL,NULL,NULL
1556,974,30,wcStartDtPkr,Date,RadDateTimePicker,3,StartDt,Date,1,Date is required,0,NULL,0,NULL,NULL,StartDt,NULL,NULL,NULL
1557,974,30,wcLocationIDRadCombo,Location,RadComboBox,4,LocType,Location,1,Location is required,0,NULL,0,NULL,NULL,LocationName,NULL,NULL,NULL
1558,974,30,wcLocationTB,Address,RadTextBox,5,LocAddr,Address,1,Location Address is required,0,NULL,0,NULL,NULL,LocationAddr,NULL,NULL,NULL
1559,974,30,wcSpecificLocTB,Specific Location Details,RadTextBox,6,LocDet,Specific Location Details,1,Specific location is required,0,NULL,0,NULL,NULL,LocationDet,NULL,NULL,NULL
1560,974,30,wcPersonRespCmb,Assessed By,RadComboBox,7,PersonResp,Assessed By,1,Assessed By is required,0,NULL,0,NULL,NULL,ReportedByID,NULL,NULL,NULL
1561,974,30,wcAttachUpld,Attachments,RadAsyncUpload,8,AttachUpld,Attachments,1,Attachments is required,0,NULL,0,NULL,NULL,Attachments,NULL,NULL,NULL
1562,974,30,wcDescTB,Description,RadTextBox,9,Desc,Description,1,Description is required,0,NULL,0,wcOtherDetRPI,NULL,ExtDesc,NULL,NULL,NULL
1563,974,30,wcRegRecTypeCombo,Type,RadComboBox,10,Type,Type,1,Type is required,0,NULL,0,wcOtherDetRPI,NULL,OthTypeID,NULL,NULL,NULL
1564,974,30,wcRegRecSubTypeCombo,Sub-Type,RadComboBox,11,SubType,Sub-Type,1,Sub-Type is required,0,NULL,0,wcOtherDetRPI,NULL,OthSubTypeID,NULL,NULL,NULL
1565,974,30,wcCommTB,Other Details,RadTextBox,12,Comm,Other Details,1,Details is required,0,NULL,0,wcOtherDetRPI,NULL,Comments,NULL,NULL,NULL
1566,974,30,wcContractorCompanyCMB,Contractor,RadComboBox,13,Contractor,Contractor,0,Contractor is required,0,NULL,0,wcOtherDetRPI,NULL,StoreContractorID,NULL,NULL,NULL
1567,974,30,wcDivisionCmb,Division,RadComboBox,14,Division,Division,0,Division is required,0,NULL,0,wcOtherDetRPI,NULL,DivisionID,NULL,NULL,NULL
1568,974,30,wcDepartmentCmb,Department,RadComboBox,15,Department,Department,0,Department is required,0,NULL,0,wcOtherDetRPI,NULL,DepartmentID,NULL,NULL,NULL
1569,974,30,wcStatusCombo,Status,RadComboBox,16,Status,Status,0,Status is required,0,NULL,0,wcOtherDetRPI,NULL,StatusID,NULL,NULL,NULL
1570,974,30,wcProjectCombo,Project,RadComboBox,17,Project,Project,0,Project is required,0,NULL,0,wcOtherDetRPI,NULL,NULL,NULL,NULL,NULL
1571,970,31,wcIDTB,ID,RadTextBox,1,ID,ID,1,ID is required,1,NULL,0,NULL,NULL,InternalNo,NULL,NULL,NULL
1572,970,31,wcTitleTB,Title,RadTextBox,2,Title,Title,1,Title is required,1,NULL,0,NULL,NULL,TitleDesc,NULL,NULL,NULL
1573,970,31,wcStartDtPkr,Date,RadDateTimePicker,3,StartDt,Date,1,Date is required,0,NULL,0,NULL,NULL,StartDt,NULL,NULL,NULL
1574,970,31,wcLocationIDRadCombo,Location,RadComboBox,4,LocType,Location,1,Location is required,0,NULL,0,NULL,NULL,LocationName,NULL,NULL,NULL
1575,970,31,wcLocationTB,Address,RadTextBox,5,LocAddr,Address,1,Location Address is required,0,NULL,0,NULL,NULL,LocationAddr,NULL,NULL,NULL
1576,970,31,wcSpecificLocTB,Specific Location Details,RadTextBox,6,LocDet,Specific Location Details,1,Specific location is required,0,NULL,0,NULL,NULL,LocationDet,NULL,NULL,NULL
1577,970,31,wcPersonRespCmb,Assessed By,RadComboBox,7,PersonResp,Assessed By,1,Assessed By is required,0,NULL,0,NULL,NULL,ReportedByID,NULL,NULL,NULL
1578,970,31,wcAttachUpld,Attachments,RadAsyncUpload,8,AttachUpld,Attachments,1,Attachments is required,0,NULL,0,NULL,NULL,Attachments,NULL,NULL,NULL
1579,970,31,wcDescTB,Description,RadTextBox,9,Desc,Description,1,Description is required,0,NULL,0,wcOtherDetRPI,NULL,ExtDesc,NULL,NULL,NULL
1580,970,31,wcRegRecTypeCombo,Type,RadComboBox,10,Type,Type,1,Type is required,0,NULL,0,wcOtherDetRPI,NULL,OthTypeID,NULL,NULL,NULL
1581,970,31,wcRegRecSubTypeCombo,Sub-Type,RadComboBox,11,SubType,Sub-Type,1,Sub-Type is required,0,NULL,0,wcOtherDetRPI,NULL,OthSubTypeID,NULL,NULL,NULL
1582,970,31,wcCommTB,Other Details,RadTextBox,12,Comm,Other Details,1,Details is required,0,NULL,0,wcOtherDetRPI,NULL,Comments,NULL,NULL,NULL
1583,970,31,wcContractorCompanyCMB,Contractor,RadComboBox,13,Contractor,Contractor,0,Contractor is required,0,NULL,0,wcOtherDetRPI,NULL,StoreContractorID,NULL,NULL,NULL
1584,970,31,wcDivisionCmb,Division,RadComboBox,14,Division,Division,0,Division is required,0,NULL,0,wcOtherDetRPI,NULL,DivisionID,NULL,NULL,NULL
1585,970,31,wcDepartmentCmb,Department,RadComboBox,15,Department,Department,0,Department is required,0,NULL,0,wcOtherDetRPI,NULL,DepartmentID,NULL,NULL,NULL
1586,970,31,wcStatusCombo,Status,RadComboBox,16,Status,Status,0,Status is required,0,NULL,0,wcOtherDetRPI,NULL,StatusID,NULL,NULL,NULL
1587,970,31,wcProjectCombo,Project,RadComboBox,3,Project,Project,0,Project is required,0,NULL,0,wcOtherDetRPI,NULL,NULL,NULL,NULL,NULL
1588,5365,19,wcLatitute,Latitude/Longitude,TextBox,9,LatLong,Latitude/Longitude,1,Latitude/Longitude is required,0,NULL,NULL,NULL,NULL,NULL,NULL,NULL,NULL
1589,5365,19,wcGeoLocAddressTB,Geo Location Address,TextBox,10,GeoLocAddress,Geo Location Address,1,Geo Location Address is required,0,NULL,NULL,NULL,NULL,NULL,NULL,NULL,NULL
1590,5365,19,wcRespCombo,Person Responsible,RadComboBox,26,PersonResp,Person Responsible,1,Person Responsible is required,0,NULL,0,NULL,NULL,NULL,NULL,NULL,NULL
1591,5231,32,wcIDNoTB,ID,RadTextBox,2,EQID,ID,1,ID is required,1,NULL,0,NULL,NULL,NULL,NULL,NULL,NULL
1592,5231,32,wcLocDescTB,Location Description,RadTextBox,3,LocDesc,Location Description,1,,0,NULL,0,NULL,NULL,NULL,NULL,NULL,NULL
1593,5231,32,wcLocationIDRadCombo,Location,RadComboBox,4,LocType,Location,1,Location is required,0,NULL,0,NULL,NULL,NULL,NULL,NULL,NULL
1594,5231,32,wcLocationTB,Location Address,RadTextBox,5,LocAddr,Location Address,1,Location Address is required,0,NULL,0,NULL,NULL,NULL,NULL,NULL,NULL
1595,5231,32,wcSpecificLocTB,Specific Location Details,RadTextBox,6,LocDet,Specific Location Details,1,,0,NULL,0,NULL,NULL,NULL,NULL,NULL,NULL
1596,5231,32,wcWorkDetRPI,Work Process and Surveillance Details,SECTION,7,WorkDet,Work Process and Surveillance Details,1,N/A,0,NULL,0,wcWorkDetRPI,NULL,NULL,NULL,NULL,NULL
1597,5231,32,wcExpLimitsListBox,Monitoring required for/Exposure Limits,RadListBox,8,MontrEL,Monitoring required for/Exposure Limits,1,Monitoring required for/Exposure Limits is required,0,NULL,0,wcWorkDetRPI,NULL,NULL,NULL,NULL,NULL
1598,5231,32,wcProductListRadLB,Associated product(s),RadListBox,9,Products,Associated product(s),1,Associated product(s) is required,0,NULL,0,wcWorkDetRPI,NULL,NULL,NULL,NULL,NULL
1599,5231,32,wcWorkProcTB,Work process details,RadTextBox,10,WorkProc,Work process details,1,Work process details is required,0,NULL,0,wcWorkDetRPI,NULL,NULL,NULL,NULL,NULL
1600,5231,32,wcWorkSDtPkr,Date of starting work with products or process,RadDatePicker,11,WorkSDt,Date of starting work with products or process,1,Date of starting work is required,0,NULL,0,wcWorkDetRPI,NULL,NULL,NULL,NULL,NULL
1601,5231,32,wcWorkEDtPkr,Date of ending work with products or process,RadDatePicker,12,WorkEDt,Date of ending work with products or process,1,Date of ending work is required,0,NULL,0,wcWorkDetRPI,NULL,NULL,NULL,NULL,NULL
1602,5231,32,wcPrMeasTB,Protective measures used,RadTextBox,13,PrMeas,Protective measures used,1,Protective measures used is required,0,NULL,0,wcWorkDetRPI,NULL,NULL,NULL,NULL,NULL
1603,5231,32,wcExpTB,Exposure above exposure standard?,RadTextBox,14,Exp,Exposure above exposure standard?,1,Exposure above exposure standard is required,0,NULL,0,wcWorkDetRPI,NULL,NULL,NULL,NULL,NULL
1604,5231,32,wcNotReqChk,Notification of authorisation required?,CheckBox,15,NotReq,Notification of authorisation required?,1,Answer is required,0,NULL,0,wcWorkDetRPI,NULL,NULL,NULL,NULL,NULL
1605,5231,32,wcacheTB,Possible acute/chronic health effects,RadTextBox,16,cache,Possible acute/chronic health effects,1,Possible acute/chronic health effects is required,0,NULL,0,wcWorkDetRPI,NULL,NULL,NULL,NULL,NULL
1606,5231,32,wcStatusCombo,Status,RadComboBox,17,Status,Status,1,Status is required,0,NULL,0,wcWorkDetRPI,NULL,NULL,NULL,NULL,NULL
1607,5231,32,wcReqmtRPI,Requirements,SECTION,18,Reqmt,Requirements,1,N/A,0,NULL,0,wcReqmtRPI,NULL,NULL,NULL,NULL,NULL
1608,5231,32,wcRegTstChk,Requires regular testing?,CheckBox,19,RegTst,Requires regular testing?,1,Answer is required,0,NULL,0,wcReqmtRPI,NULL,NULL,NULL,NULL,NULL
1609,5231,32,wcFreqCombo,Testing frequency,RadComboBox,20,Freq,Testing frequency,1,Testing frequency is required,0,NULL,0,wcReqmtRPI,NULL,NULL,NULL,NULL,NULL
1610,5231,32,wcFreqByCombo,Person responsible for testing,RadComboBox,21,FreqBy,Person responsible for testing,1,Person responsible for testing is required,0,NULL,0,wcReqmtRPI,NULL,NULL,NULL,NULL,NULL
1611,5231,32,wcReqPolRadLB,Relevant Policies,RadListBox,22,ReqPol,Relevant Policies,1,Relevant Policies is required,0,NULL,0,wcReqmtRPI,NULL,NULL,NULL,NULL,NULL
1612,5231,32,wcReqProcsRadLB,Relevant Procedures,RadListBox,23,ReqProcs,Relevant Procedures,1,Relevant Procedures is required,0,NULL,0,wcReqmtRPI,NULL,NULL,NULL,NULL,NULL
1613,5231,32,wcReqLegsRadLB,Relevant Legislation,RadListBox,24,ReqLegs,Relevant Legislation,1,Relevant Legislation is required,0,NULL,0,wcReqmtRPI,NULL,NULL,NULL,NULL,NULL
1614,5231,32,wcReqTrngRadLB,Relevant Training,RadListBox,25,ReqTrng,Relevant Training,1,Relevant Training is required,0,NULL,0,wcReqmtRPI,NULL,NULL,NULL,NULL,NULL
1615,5231,32,wcAttachRPI,Attachments,SECTION,26,Attach,Attachments,1,N/A,0,NULL,0,wcAttachRPI,NULL,NULL,NULL,NULL,NULL
1616,5231,32,wcAttchRptr,List of Attachments,Repeater,27,Attach2,List of Attachments,1,,0,NULL,1,wcAttachRPI,NULL,NULL,NULL,NULL,NULL
1617,5231,32,wcDetRespApvRPI,Responsibilities and Approval,SECTION,28,DetRespApv,Responsibilities and Approval,1,N/A,0,NULL,0,wcDetRespApvRPI,NULL,NULL,NULL,NULL,NULL
1618,5231,32,wcRespCombo,Person Responsible,RadComboBox,29,PersonResp,Person Responsible,1,Person Responsible is required,0,NULL,0,wcDetRespApvRPI,NULL,NULL,NULL,NULL,NULL
1619,5231,32,wcCheckedByLbl,Checked By,Label,30,CheckedBy,Checked By,1,N/A,0,NULL,0,wcDetRespApvRPI,NULL,NULL,NULL,NULL,NULL
1620,5231,32,wcReviewedByLabel,Reviewed By,Label,31,ReviewedBy,Reviewed By,1,N/A,0,NULL,0,wcDetRespApvRPI,NULL,NULL,NULL,NULL,NULL
1621,5231,32,wcNextReviewPkr,Next Review Date,RadDatePicker,32,NextReview,Next Review Date,1,Next review date is required,0,NULL,0,wcDetRespApvRPI,NULL,NULL,NULL,NULL,NULL
1622,5231,32,wcAuthoriseLabel,Authorised By,Label,33,Authorise,Authorised By,1,N/A,0,NULL,0,wcDetRespApvRPI,NULL,NULL,NULL,NULL,NULL
1623,5231,32,wcApproveLabel,Approved By,Label,34,Approve,Approved By,1,N/A,0,NULL,0,wcDetRespApvRPI,NULL,NULL,NULL,NULL,NULL
1624,984,33,wcProcessProjectPlanSection,Business Continuity Plan Details,SECTION,2,ProcessProjectPlanSection,Business Continuity Plan Details,1,N/A,0,NULL,0,wcProcessProjectPlanSection,NULL,NULL,NULL,NULL,NULL
1625,984,33,wcProcessName,Name,Textbox,3,ProcessName,Name,1,Name is required,1,NULL,0,wcProcessProjectPlanSection,NULL,NULL,NULL,NULL,NULL
1626,984,33,wcProcessType,Type,Dropdown,4,ProcessType,Type,0,Type is required,0,NULL,0,wcProcessProjectPlanSection,NULL,NULL,NULL,NULL,NULL
1627,984,33,wcProcessSubType,Sub-type,Dropdown,5,ProcessSubType,Sub-type,0,Sub-type is required,0,NULL,0,wcProcessProjectPlanSection,NULL,NULL,NULL,NULL,NULL
1628,984,33,wcProject,Project,Dropdown,6,Project,Project,0,Project is required,0,NULL,0,wcProcessProjectPlanSection,NULL,NULL,NULL,NULL,NULL
1629,984,33,wcDescription,Description,Textbox,7,Description,Description,1,Sub-Type is required,0,NULL,0,wcProcessProjectPlanSection,NULL,NULL,NULL,NULL,NULL
1630,984,33,wcPrintTemplate,Print Template,Dropdown,8,PrintTemplate,Print Template,1,Print Template is required,0,NULL,0,wcProcessProjectPlanSection,NULL,NULL,NULL,NULL,NULL
1631,984,33,AddBCPProject,Add BCP,button,9,AddBCPProject,Add BCP,1,N/A,0,NULL,0,wcProcessProjectPlanSection,NULL,NULL,NULL,NULL,NULL
1632,984,33,wcTemplatesSection,Templates,SECTION,10,TemplatesSection,Templates,1,N/A,0,NULL,0,wcTemplatesSection,NULL,NULL,NULL,NULL,NULL
1633,984,33,wcTemplateType,Template Type,Dropdown,11,TemplateType,Template Type,1,Template Type is required,1,NULL,0,wcTemplatesSection,NULL,NULL,NULL,NULL,NULL
1634,984,33,wcTemplateChecklist,Checklist,Dropdown,12,TemplateChecklist,Checklist,1,Checklist is required,1,NULL,0,wcTemplatesSection,NULL,NULL,NULL,NULL,NULL
1635,984,33,wcTemplateChecklistName,Name,Textbox,13,TemplateChecklistName,Name,1,Name is required,1,NULL,0,wcTemplatesSection,NULL,NULL,NULL,NULL,NULL
1636,984,33,wcUnitTaskGroupSection,Business Unit,SECTION,14,UnitTaskGroupSection,Business Unit,1,N/A,0,NULL,0,wcUnitTaskGroupSection,NULL,NULL,NULL,NULL,NULL
1637,984,33,wcUnitTaskGroupName,Business Unit Name,Textbox,15,UnitTaskGroupName,Business Unit Name,1,Business Unit Name is required,1,NULL,0,wcUnitTaskGroupSection,NULL,NULL,NULL,NULL,NULL
1638,984,33,wcUnitTaskGroupDesc,Description,Textbox,16,UnitTaskGroupDesc,Description,1,Description is required,0,NULL,0,wcUnitTaskGroupSection,NULL,NULL,NULL,NULL,NULL
1639,984,33,wcUnitTaskGroupDiv,Division,Dropdown,17,UnitTaskGroupDiv,Division,1,Division is required,0,NULL,0,wcUnitTaskGroupSection,NULL,NULL,NULL,NULL,NULL
1640,984,33,wcUnitTaskGroupDept,Department,Dropdown,18,UnitTaskGroupDept,Department,1,Department is required,0,NULL,0,wcUnitTaskGroupSection,NULL,NULL,NULL,NULL,NULL
1641,984,33,wcUnitTaskGroupFunction,Business Unit Function,Dropdown,19,UnitTaskGroupFunction,Business Unit Function,1,Business Unit Function is required,0,NULL,0,wcUnitTaskGroupSection,NULL,NULL,NULL,NULL,NULL
1642,984,33,wcUnitTaskGroupLocation,Business Unit Location,Dropdown,20,UnitTaskGroupLocation,Business Unit Location,1,Business Unit Location is required,0,NULL,0,wcUnitTaskGroupSection,NULL,NULL,NULL,NULL,NULL
1643,984,33,wcAddUnitTaskGroup,Add Business Unit,button,21,AddUnitTaskGroup,Add Business Unit,1,N/A,0,NULL,0,wcUnitTaskGroupSection,NULL,NULL,NULL,NULL,NULL
1644,984,33,wcAddMilestone,Add Milestone,button,22,AddMilestone,Add Milestone,0,N/A,0,NULL,0,wcUnitTaskGroupSection,NULL,NULL,NULL,NULL,NULL
1645,984,33,wcProcessTaskDetSection,Business Process,SECTION,23,ProcessTaskDetSection,Business Process,1,N/A,0,NULL,0,wcProcessTaskDetSection,NULL,NULL,NULL,NULL,NULL
1646,984,33,wcProcessTaskDetName,Business Process Name,Textbox,24,ProcessTaskDetName,Business Process Name,1,Business Process Name is required,1,NULL,0,wcProcessTaskDetSection,NULL,NULL,NULL,NULL,NULL
1647,984,33,wcProcessTaskDetDesc,Business Process Description,Textbox,25,ProcessTaskDetDesc,Business Process Description,1,Business Process Description is required,0,NULL,0,wcProcessTaskDetSection,NULL,NULL,NULL,NULL,NULL
1648,984,33,wcProcessTaskDetUnitTaskGroup,Business Unit,Dropdown,26,ProcessTaskDetUnitTaskGroup,Business Unit,1,Business Unit is required,1,NULL,0,wcProcessTaskDetSection,NULL,NULL,NULL,NULL,NULL
1649,984,33,wcProcessTaskDetMilestone,Milestone,Dropdown,27,ProcessTaskDetMilestone,Milestone,0,Milestone is required,0,NULL,0,wcProcessTaskDetSection,NULL,NULL,NULL,NULL,NULL
1650,984,33,wcProcessTaskDetPPesp,Person(s) responsible,Dropdown,28,ProcessTaskDetPPesp,Person(s) responsible,1,Person(s) responsible is required,0,NULL,0,wcProcessTaskDetSection,NULL,NULL,NULL,NULL,NULL
1651,984,33,wcProcessTaskDetStartDt,Start Date,Date,29,ProcessTaskDetStartDt,Start Date,0,Start Date is required,0,NULL,0,wcProcessTaskDetSection,NULL,NULL,NULL,NULL,NULL
1652,984,33,wcProcessTaskDetEndDt,End Date,Date,30,ProcessTaskDetEndDt,End Date,0,End Date is required,0,NULL,0,wcProcessTaskDetSection,NULL,NULL,NULL,NULL,NULL
1653,984,33,wcProcessTaskDetImpactRating,Impact Analysis,button,31,ProcessTaskDetImpactRating,Impact Analysis,1,N/A,0,NULL,0,wcProcessTaskDetSection,NULL,NULL,NULL,NULL,NULL
1654,984,33,wcAddProcessTaskDet,Add Business Process,button,32,AddProcessTaskDet,Add Business Process,1,N/A,0,NULL,0,wcProcessTaskDetSection,NULL,NULL,NULL,NULL,NULL
1655,986,34,wcProcessProjectPlanSection,Management Plan Details,SECTION,2,ProcessProjectPlanSection,Management Plan Details,1,N/A,0,NULL,0,wcProcessProjectPlanSection,NULL,NULL,NULL,NULL,NULL
1656,986,34,wcProcessName,Name,Textbox,3,ProcessName,Name,1,Name is required,1,NULL,0,wcProcessProjectPlanSection,NULL,NULL,NULL,NULL,NULL
1657,986,34,wcProcessType,Type,Dropdown,4,ProcessType,Type,1,Type is required,0,NULL,0,wcProcessProjectPlanSection,NULL,NULL,NULL,NULL,NULL
1658,986,34,wcProcessSubType,Sub-type,Dropdown,5,ProcessSubType,Sub-type,1,Sub-type is required,0,NULL,0,wcProcessProjectPlanSection,NULL,NULL,NULL,NULL,NULL
1659,986,34,wcProject,Project,Dropdown,6,Project,Project,1,Project is required,0,NULL,0,wcProcessProjectPlanSection,NULL,NULL,NULL,NULL,NULL
1660,986,34,wcDescription,Description,Textbox,7,Description,Description,1,Sub-Type is required,0,NULL,0,wcProcessProjectPlanSection,NULL,NULL,NULL,NULL,NULL
1661,986,34,wcPrintTemplate,Print Template,Dropdown,8,PrintTemplate,Print Template,1,Print Template is required,0,NULL,0,wcProcessProjectPlanSection,NULL,NULL,NULL,NULL,NULL
1662,986,34,AddBCPProject,Add Management Plan,button,9,AddBCPProject,Add Management Plan,1,N/A,0,NULL,0,wcProcessProjectPlanSection,NULL,NULL,NULL,NULL,NULL
1663,986,34,wcTemplatesSection,Templates,SECTION,10,TemplatesSection,Templates,1,N/A,0,NULL,0,wcTemplatesSection,NULL,NULL,NULL,NULL,NULL
1664,986,34,wcTemplateType,Template Type,Dropdown,11,TemplateType,Template Type,1,Template Type is required,1,NULL,0,wcTemplatesSection,NULL,NULL,NULL,NULL,NULL
1665,986,34,wcTemplateChecklist,Checklist,Dropdown,12,TemplateChecklist,Checklist,1,Checklist is required,1,NULL,0,wcTemplatesSection,NULL,NULL,NULL,NULL,NULL
1666,986,34,wcTemplateChecklistName,Name,Textbox,13,TemplateChecklistName,Name,1,Name is required,1,NULL,0,wcTemplatesSection,NULL,NULL,NULL,NULL,NULL
1667,986,34,wcUnitTaskGroupSection,Task Group,SECTION,14,UnitTaskGroupSection,Task Group,1,N/A,0,NULL,0,wcUnitTaskGroupSection,NULL,NULL,NULL,NULL,NULL
1668,986,34,wcUnitTaskGroupName,Task Group Name,Textbox,15,UnitTaskGroupName,Task Group Name,1,Task Group is required,1,NULL,0,wcUnitTaskGroupSection,NULL,NULL,NULL,NULL,NULL
1669,986,34,wcUnitTaskGroupDesc,Description,Textbox,16,UnitTaskGroupDesc,Description,1,Description is required,0,NULL,0,wcUnitTaskGroupSection,NULL,NULL,NULL,NULL,NULL
1670,986,34,wcUnitTaskGroupDiv,Division,Dropdown,17,UnitTaskGroupDiv,Division,1,Division is required,0,NULL,0,wcUnitTaskGroupSection,NULL,NULL,NULL,NULL,NULL
1671,986,34,wcUnitTaskGroupDept,Department,Dropdown,18,UnitTaskGroupDept,Department,1,Department is required,0,NULL,0,wcUnitTaskGroupSection,NULL,NULL,NULL,NULL,NULL
1672,986,34,wcUnitTaskGroupFunction,Task Group Function,Dropdown,19,UnitTaskGroupFunction,Task Group Function,1,Task Group Function is required,0,NULL,0,wcUnitTaskGroupSection,NULL,NULL,NULL,NULL,NULL
1673,986,34,wcUnitTaskGroupLocation,Task Group Location,Dropdown,20,UnitTaskGroupLocation,Task Group Location,1,Task Group Location is required,0,NULL,0,wcUnitTaskGroupSection,NULL,NULL,NULL,NULL,NULL
1674,986,34,wcAddUnitTaskGroup,Add Section,button,21,AddUnitTaskGroup,Add Section,1,N/A,0,NULL,0,wcUnitTaskGroupSection,NULL,NULL,NULL,NULL,NULL
1675,986,34,wcAddMilestone,Add Milestone,button,22,AddMilestone,Add Milestone,1,N/A,0,NULL,0,wcUnitTaskGroupSection,NULL,NULL,NULL,NULL,NULL
1676,986,34,wcProcessTaskDetSection,Tasks,SECTION,23,ProcessTaskDetSection,Tasks,1,N/A,0,NULL,0,wcProcessTaskDetSection,NULL,NULL,NULL,NULL,NULL
1677,986,34,wcProcessTaskDetName,Task Name,Textbox,24,ProcessTaskDetName,Task Name,1,Task Name is required,1,NULL,0,wcProcessTaskDetSection,NULL,NULL,NULL,NULL,NULL
1678,986,34,wcProcessTaskDetDesc,Task Description,Textbox,25,ProcessTaskDetDesc,Task Description,1,Task Description is required,0,NULL,0,wcProcessTaskDetSection,NULL,NULL,NULL,NULL,NULL
1679,986,34,wcProcessTaskDetUnitTaskGroup,Section,Dropdown,26,ProcessTaskDetUnitTaskGroup,Section,1,Section is required,1,NULL,0,wcProcessTaskDetSection,NULL,NULL,NULL,NULL,NULL
1680,986,34,wcProcessTaskDetMilestone,Milestone,Dropdown,27,ProcessTaskDetMilestone,Milestone,1,Milestone is required,0,NULL,0,wcProcessTaskDetSection,NULL,NULL,NULL,NULL,NULL
1681,986,34,wcProcessTaskDetPPesp,Person(s) responsible,Dropdown,28,ProcessTaskDetPPesp,Person(s) responsible,1,Person(s) responsible is required,0,NULL,0,wcProcessTaskDetSection,NULL,NULL,NULL,NULL,NULL
1682,986,34,wcProcessTaskDetStartDt,Start Date,Date,29,ProcessTaskDetStartDt,Start Date,1,Start Date is required,0,NULL,0,wcProcessTaskDetSection,NULL,NULL,NULL,NULL,NULL
1683,986,34,wcProcessTaskDetEndDt,End Date,Date,30,ProcessTaskDetEndDt,End Date,1,End Date is required,0,NULL,0,wcProcessTaskDetSection,NULL,NULL,NULL,NULL,NULL
1684,986,34,wcProcessTaskDetImpactRating,Impact Analysis,button,31,ProcessTaskDetImpactRating,Impact Analysis,1,N/A,0,NULL,0,wcProcessTaskDetSection,NULL,NULL,NULL,NULL,NULL
1685,986,34,wcAddProcessTaskDet,Add Task,button,32,AddProcessTaskDet,Add Task,1,N/A,0,NULL,0,wcProcessTaskDetSection,NULL,NULL,NULL,NULL,NULL
1686,985,35,wcProcessProjectPlanSection,Project Plan Details,SECTION,2,ProcessProjectPlanSection,Project Plan Details,1,N/A,0,NULL,0,wcProcessProjectPlanSection,NULL,NULL,NULL,NULL,NULL
1687,985,35,wcProcessName,Name,Textbox,3,ProcessName,Name,1,Name is required,1,NULL,0,wcProcessProjectPlanSection,NULL,NULL,NULL,NULL,NULL
1688,985,35,wcProcessType,Type,Dropdown,4,ProcessType,Type,1,Type is required,0,NULL,0,wcProcessProjectPlanSection,NULL,NULL,NULL,NULL,NULL
1689,985,35,wcProcessSubType,Sub-type,Dropdown,5,ProcessSubType,Sub-type,1,Sub-type is required,0,NULL,0,wcProcessProjectPlanSection,NULL,NULL,NULL,NULL,NULL
1690,985,35,wcProject,Project,Dropdown,6,Project,Project,1,Project is required,0,NULL,0,wcProcessProjectPlanSection,NULL,NULL,NULL,NULL,NULL
1691,985,35,wcDescription,Description,Textbox,7,Description,Description,1,Sub-Type is required,0,NULL,0,wcProcessProjectPlanSection,NULL,NULL,NULL,NULL,NULL
1692,985,35,wcPrintTemplate,Print Template,Dropdown,8,PrintTemplate,Print Template,1,Print Template is required,0,NULL,0,wcProcessProjectPlanSection,NULL,NULL,NULL,NULL,NULL
1693,985,35,AddBCPProject,Add Project Plan,button,9,AddBCPProject,Add Project Plan,1,N/A,0,NULL,0,wcProcessProjectPlanSection,NULL,NULL,NULL,NULL,NULL
1694,985,35,wcTemplatesSection,Templates,SECTION,10,TemplatesSection,Templates,1,N/A,0,NULL,0,wcTemplatesSection,NULL,NULL,NULL,NULL,NULL
1695,985,35,wcTemplateType,Template Type,Dropdown,11,TemplateType,Template Type,1,Template Type is required,1,NULL,0,wcTemplatesSection,NULL,NULL,NULL,NULL,NULL
1696,985,35,wcTemplateChecklist,Checklist,Dropdown,12,TemplateChecklist,Checklist,1,Checklist is required,1,NULL,0,wcTemplatesSection,NULL,NULL,NULL,NULL,NULL
1697,985,35,wcTemplateChecklistName,Name,Textbox,13,TemplateChecklistName,Name,1,Name is required,1,NULL,0,wcTemplatesSection,NULL,NULL,NULL,NULL,NULL
1698,985,35,wcUnitTaskGroupSection,Task Group,SECTION,14,UnitTaskGroupSection,Task Group,1,N/A,0,NULL,0,wcUnitTaskGroupSection,NULL,NULL,NULL,NULL,NULL
1699,985,35,wcUnitTaskGroupName,Task Group Name,Textbox,15,UnitTaskGroupName,Task Group Name,1,Task Group is required,1,NULL,0,wcUnitTaskGroupSection,NULL,NULL,NULL,NULL,NULL
1700,985,35,wcUnitTaskGroupDesc,Description,Textbox,16,UnitTaskGroupDesc,Description,1,Description is required,0,NULL,0,wcUnitTaskGroupSection,NULL,NULL,NULL,NULL,NULL
1701,985,35,wcUnitTaskGroupDiv,Division,Dropdown,17,UnitTaskGroupDiv,Division,1,Division is required,0,NULL,0,wcUnitTaskGroupSection,NULL,NULL,NULL,NULL,NULL
1702,985,35,wcUnitTaskGroupDept,Department,Dropdown,18,UnitTaskGroupDept,Department,1,Department is required,0,NULL,0,wcUnitTaskGroupSection,NULL,NULL,NULL,NULL,NULL
1703,985,35,wcUnitTaskGroupFunction,Task Group Function,Dropdown,19,UnitTaskGroupFunction,Task Group Function,1,Task Group Function is required,0,NULL,0,wcUnitTaskGroupSection,NULL,NULL,NULL,NULL,NULL
1704,985,35,wcUnitTaskGroupLocation,Task Group Location,Dropdown,20,UnitTaskGroupLocation,Task Group Location,1,Task Group Location is required,0,NULL,0,wcUnitTaskGroupSection,NULL,NULL,NULL,NULL,NULL
1705,985,35,wcAddUnitTaskGroup,Add Task Group,button,21,AddUnitTaskGroup,Add Task Group,1,N/A,0,NULL,0,wcUnitTaskGroupSection,NULL,NULL,NULL,NULL,NULL
1706,985,35,wcAddMilestone,Add Milestone,button,22,AddMilestone,Add Milestone,1,N/A,0,NULL,0,wcUnitTaskGroupSection,NULL,NULL,NULL,NULL,NULL
1707,985,35,wcProcessTaskDetSection,Tasks,SECTION,23,ProcessTaskDetSection,Tasks,1,N/A,0,NULL,0,wcProcessTaskDetSection,NULL,NULL,NULL,NULL,NULL
1708,985,35,wcProcessTaskDetName,Task Name,Textbox,24,ProcessTaskDetName,Task Name,1,Task Name is required,1,NULL,0,wcProcessTaskDetSection,NULL,NULL,NULL,NULL,NULL
1709,985,35,wcProcessTaskDetDesc,Task Description,Textbox,25,ProcessTaskDetDesc,Task Description,1,Task Description is required,0,NULL,0,wcProcessTaskDetSection,NULL,NULL,NULL,NULL,NULL
1710,985,35,wcProcessTaskDetUnitTaskGroup,Task Group,Dropdown,26,ProcessTaskDetUnitTaskGroup,Task Group,1,Task Group is required,1,NULL,0,wcProcessTaskDetSection,NULL,NULL,NULL,NULL,NULL
1711,985,35,wcProcessTaskDetMilestone,Milestone,Dropdown,27,ProcessTaskDetMilestone,Milestone,1,Milestone is required,0,NULL,0,wcProcessTaskDetSection,NULL,NULL,NULL,NULL,NULL
1712,985,35,wcProcessTaskDetPPesp,Person(s) responsible,Dropdown,28,ProcessTaskDetPPesp,Person(s) responsible,1,Person(s) responsible is required,0,NULL,0,wcProcessTaskDetSection,NULL,NULL,NULL,NULL,NULL
1713,985,35,wcProcessTaskDetStartDt,Start Date,Date,29,ProcessTaskDetStartDt,Start Date,1,Start Date is required,0,NULL,0,wcProcessTaskDetSection,NULL,NULL,NULL,NULL,NULL
1714,985,35,wcProcessTaskDetEndDt,End Date,Date,30,ProcessTaskDetEndDt,End Date,1,End Date is required,0,NULL,0,wcProcessTaskDetSection,NULL,NULL,NULL,NULL,NULL
1715,985,35,wcProcessTaskDetImpactRating,Impact Analysis,button,31,ProcessTaskDetImpactRating,Impact Analysis,1,N/A,0,NULL,0,wcProcessTaskDetSection,NULL,NULL,NULL,NULL,NULL
1716,985,35,wcAddProcessTaskDet,Add Task,button,32,AddProcessTaskDet,Add Task,1,N/A,0,NULL,0,wcProcessTaskDetSection,NULL,NULL,NULL,NULL,NULL
1717,991,36,wcIDTB,ID,RadTextBox,1,ID,ID,1,ID is required,1,NULL,0,NULL,NULL,NULL,NULL,NULL,NULL
1718,991,36,wcTitleTB,Title,RadTextBox,2,Title,Title,1,Title is required,1,NULL,0,NULL,NULL,NULL,NULL,NULL,NULL
1719,991,36,wcStartDtPkr,Date,RadDateTimePicker,3,StartDt,Date,1,Date is required,0,NULL,0,NULL,NULL,NULL,NULL,NULL,NULL
1720,990,37,wcIDTB,ID,RadTextBox,1,ID,ID,1,ID is required,1,NULL,0,NULL,NULL,NULL,NULL,NULL,NULL
1721,990,37,wcTitleTB,Title,RadTextBox,2,Title,Title,1,Title is required,1,NULL,0,NULL,NULL,NULL,NULL,NULL,NULL
1722,990,37,wcStartDtPkr,Date,RadDateTimePicker,3,StartDt,Date,1,Date is required,0,NULL,0,NULL,NULL,NULL,NULL,NULL,NULL
1723,994,38,wcIDTB,ID,RadTextBox,1,ID,ID,1,ID is required,1,NULL,0,NULL,NULL,NULL,NULL,NULL,NULL
1724,994,38,wcTitleTB,Title,RadTextBox,2,Title,Title,1,Title is required,1,NULL,0,NULL,NULL,NULL,NULL,NULL,NULL
1725,994,38,wcStartDtPkr,Date,RadDateTimePicker,3,StartDt,Date,1,Date is required,0,NULL,0,NULL,NULL,NULL,NULL,NULL,NULL
1726,992,39,wcIDTB,ID,RadTextBox,1,ID,ID,1,ID is required,1,NULL,0,NULL,NULL,NULL,NULL,NULL,NULL
1727,992,39,wcTitleTB,Title,RadTextBox,2,Title,Title,1,Title is required,1,NULL,0,NULL,NULL,NULL,NULL,NULL,NULL
1728,992,39,wcStartDtPkr,Date,RadDateTimePicker,3,StartDt,Date,1,Date is required,0,NULL,0,NULL,NULL,NULL,NULL,NULL,NULL
1729,993,40,wcIDTB,ID,RadTextBox,1,ID,ID,1,ID is required,1,NULL,0,NULL,NULL,NULL,NULL,NULL,NULL
1730,993,40,wcTitleTB,Title,RadTextBox,2,Title,Title,1,Title is required,1,NULL,0,NULL,NULL,NULL,NULL,NULL,NULL
1731,993,40,wcStartDtPkr,Date,RadDateTimePicker,3,StartDt,Date,1,Date is required,0,NULL,0,NULL,NULL,NULL,NULL,NULL,NULL
1732,989,41,wcIDTB,ID,RadTextBox,1,ID,ID,1,ID is required,1,NULL,0,NULL,NULL,NULL,NULL,NULL,NULL
1733,989,41,wcTitleTB,Title,RadTextBox,2,Title,Title,1,Title is required,1,NULL,0,NULL,NULL,NULL,NULL,NULL,NULL
1734,989,41,wcStartDtPkr,Date,RadDateTimePicker,3,StartDt,Date,1,Date is required,0,NULL,0,NULL,NULL,NULL,NULL,NULL,NULL
1735,988,42,wcIDTB,ID,RadTextBox,1,ID,ID,1,ID is required,1,NULL,0,NULL,NULL,NULL,NULL,NULL,NULL
1736,988,42,wcTitleTB,Title,RadTextBox,2,Title,Title,1,Title is required,1,NULL,0,NULL,NULL,NULL,NULL,NULL,NULL
1737,988,42,wcStartDtPkr,Date,RadDateTimePicker,3,StartDt,Date,1,Date is required,0,NULL,0,NULL,NULL,NULL,NULL,NULL,NULL
1738,987,43,wcIDTB,ID,RadTextBox,1,ID,ID,1,ID is required,1,NULL,0,NULL,NULL,NULL,NULL,NULL,NULL
1739,987,43,wcTitleTB,Title,RadTextBox,2,Title,Title,1,Title is required,1,NULL,0,NULL,NULL,NULL,NULL,NULL,NULL
1740,987,43,wcStartDtPkr,Date,RadDateTimePicker,3,StartDt,Date,1,Date is required,0,NULL,0,NULL,NULL,NULL,NULL,NULL,NULL
1741,5234,44,wcIDTB,ID,RadTextBox,2,ID,ID,1,ID is required,1,NULL,0,NULL,NULL,NULL,NULL,NULL,NULL
1742,5234,44,wcTitleTB,Title,RadTextBox,3,Title,Title,1,Title is required,1,NULL,0,NULL,NULL,NULL,NULL,NULL,NULL
1743,5234,44,wcDescTB,Description,RadTextBox,4,Desc,Description,1,Description is required,0,NULL,0,NULL,NULL,NULL,NULL,NULL,NULL
1744,5234,44,wcRegRecTypeCombo,Type,RadComboBox,5,Type,Type,1,Type is required,0,NULL,0,NULL,NULL,NULL,NULL,NULL,NULL
1745,5234,44,wcRegRecSubTypeCombo,Sub-Type,RadComboBox,6,SubType,Sub-Type,1,Sub-Type is required,0,NULL,0,NULL,NULL,NULL,NULL,NULL,NULL
1746,5234,44,wcStartDtPkr,Date,RadDateTimePicker,7,StartDt,Date,1,Date is required,0,NULL,0,NULL,NULL,NULL,NULL,NULL,NULL
1747,5234,44,wcProjectCmb,Project,RadComboBox,9,Project,Project,1,Project is required,0,NULL,0,NULL,NULL,NULL,NULL,NULL,NULL
1748,5234,44,wcLocationIDRadCombo,Location,RadComboBox,10,LocType,Location,1,Location is required,0,NULL,0,NULL,NULL,NULL,NULL,NULL,NULL
1749,5234,44,wcLocationTB,Location Address,RadTextBox,11,LocAddr,Location Address,1,Location Address is required,0,NULL,0,NULL,NULL,NULL,NULL,NULL,NULL
1750,5234,44,wcSpecificLocTB,Specific Location Details,RadTextBox,12,LocDet,Specific Location Details,1,Specific location is required,0,NULL,0,NULL,NULL,NULL,NULL,NULL,NULL
1751,5234,44,wcEmpDivisionCmb,Division,RadComboBox,13,Division,Division,1,Division is required,0,NULL,0,NULL,NULL,NULL,NULL,NULL,NULL
1752,5234,44,wcEmpDeptCmb,Department,RadComboBox,14,Department,Department,1,Department is required,0,NULL,0,NULL,NULL,NULL,NULL,NULL,NULL
1753,5234,44,wcStatusCombo,Status,RadComboBox,15,Status,Status,1,Status is required,0,NULL,0,NULL,NULL,NULL,NULL,NULL,NULL
1754,5234,44,wcCommTB,Details,RadTextBox,16,Comm,Details,1,Details is required,0,NULL,0,NULL,NULL,NULL,NULL,NULL,NULL
1755,5234,44,wcAttachRPI,Attachments,SECTION,17,Attach,Attachments,1,N/A,0,NULL,0,wcAttachRPI,NULL,NULL,NULL,NULL,NULL
1756,5234,44,wcAttchRptr,List of Attachments,Repeater,18,Attach2,List of Attachments,1,,0,NULL,1,wcAttachRPI,NULL,NULL,NULL,NULL,NULL
1757,5234,44,wcReqmtRPI,Requirements,SECTION,19,Reqmt,Requirements,1,N/A,0,NULL,0,wcReqmtRPI,NULL,NULL,NULL,NULL,NULL
1758,5234,44,wcReqPolRadLB,Relevant Policies,RadListBox,20,ReqPol,Relevant Policies,1,Relevant Policies is required,0,NULL,0,wcReqmtRPI,NULL,Default Data Set,NULL,NULL,NULL
1759,5234,44,wcReqLegsRadLB,Relevant Legislation,RadListBox,21,ReqLegs,Relevant Legislation,1,Relevant Legislation is required,0,NULL,0,wcReqmtRPI,NULL,Procedure Type,NULL,NULL,NULL
1760,5234,44,wcDetRespApvRPI,Responsibilities and Approval,SECTION,22,DetRespApv,Responsibilities and Approval,1,N/A,0,NULL,0,wcDetRespApvRPI,NULL,Description,NULL,NULL,NULL
1761,5234,44,wcWHSRespCmb,WHS Role Responsible,RadComboBox,23,WHSResp,WHS Role Responsible,1,WHS Role Responsible is required,0,NULL,0,wcDetRespApvRPI,NULL,Operator(s),NULL,NULL,NULL
1762,5234,44,wcRespCombo,Person Responsible,RadComboBox,24,PersonResp,Person Responsible,1,Person Responsible is required,0,NULL,0,wcDetRespApvRPI,NULL,Application Date,NULL,NULL,NULL
1763,5234,44,wcCheckedByLbl,Checked By,Label,25,CheckedBy,Checked By,1,N/A,0,NULL,0,wcDetRespApvRPI,NULL,Operational Area(s),NULL,NULL,NULL
1764,5234,44,wcReviewedByLabel,Reviewed By,Label,26,ReviewedBy,Reviewed By,1,N/A,0,NULL,0,wcDetRespApvRPI,NULL,Total Area,NULL,NULL,NULL
1765,5234,44,wcNextReviewPkr,Next Review Date,RadDatePicker,27,NextReview,Next Review Date,1,Next review date is required,0,NULL,0,wcDetRespApvRPI,NULL,Total Cost,NULL,NULL,NULL
1766,5234,44,wcAuthoriseLabel,Authorised By,Label,28,Authorise,Authorised By,1,N/A,0,NULL,0,wcDetRespApvRPI,NULL,Checked By,NULL,NULL,NULL
1767,5234,44,wcApproveLabel,Approved By,Label,29,Approve,Approved By,1,N/A,0,NULL,0,wcDetRespApvRPI,NULL,Authorised By,NULL,NULL,NULL
1768,5333,5,wcIncDivisionCmb,Division,RadComboBox,10,IncDivision,Division,0,Division is required,0,NULL,NULL,NULL,NULL,Division,NULL,NULL,NULL
1769,5333,5,wcIncDepartmentCmb,Department,RadComboBox,11,IncDepartment,Department,0,Department is required,0,NULL,NULL,NULL,NULL,Department,NULL,NULL,NULL
1770,5365,19,wcIncDivisionCmb,Division,RadComboBox,11,IncDivision,Division,0,Division is required,0,NULL,NULL,NULL,NULL,Approval Date,NULL,NULL,NULL
1771,5365,19,wcIncDepartmentCmb,Department,RadComboBox,12,IncDepartment,Department,0,Department is required,0,NULL,NULL,NULL,NULL,Comments,NULL,NULL,NULL
1772,5234,13,wcReportedByCmb,Audited By,RadComboBox,8,ReportedBy,Audited By,1,Audited By is required,0,NULL,0,NULL,NULL,Product Used,NULL,NULL,NULL
1773,5234,44,wcReportedByCmb,Assessed By,RadComboBox,8,ReportedBy,Assessed By,1,Assessed By is required,0,NULL,0,NULL,NULL,Manufacturer,NULL,NULL,NULL
1774,5234,24,wcReportedByCmb,Assessed By,RadComboBox,8,ReportedBy,Assessed By,1,Audited By is required,0,NULL,0,NULL,NULL,Label,NULL,NULL,NULL
1775,5234,21,wcReportedByCmb,Reported By,RadComboBox,8,ReportedBy,Reported By,1,Reported By is required,0,NULL,0,NULL,NULL,SDS,NULL,NULL,NULL
1776,5234,45,wcIDTB,ID,RadTextBox,2,ID,ID,1,ID is required,1,NULL,0,NULL,NULL,Plant/Situation,NULL,NULL,NULL
1777,5234,45,wcTitleTB,Title,RadTextBox,3,Title,Title,1,Title is required,1,NULL,0,NULL,NULL,Growth Stage,NULL,NULL,NULL
1778,5234,45,wcDescTB,Description,RadTextBox,4,Desc,Description,1,Description is required,0,NULL,0,NULL,NULL,Timing,NULL,NULL,NULL
1779,5234,45,wcRegRecTypeCombo,Type,RadComboBox,5,Type,Type,1,Type is required,0,NULL,0,NULL,NULL,Rate Used,NULL,NULL,NULL
1780,5234,45,wcRegRecSubTypeCombo,Sub-Type,RadComboBox,6,SubType,Sub-Type,1,Sub-Type is required,0,NULL,0,NULL,NULL,Total Area Applied,NULL,NULL,NULL
1781,5234,45,wcStartDtPkr,Date,RadDateTimePicker,7,StartDt,Date,1,Date is required,0,NULL,0,NULL,NULL,Total Amount Used,NULL,NULL,NULL
1782,5234,45,wcReportedByCmb,Reported By,RadComboBox,8,ReportedBy,Reported By,1,Reported By is required,0,NULL,0,NULL,NULL,Total Product Cost,NULL,NULL,NULL
1783,5234,45,wcContractorCompanyCMB,Contractor,RadComboBox,9,Contractor,Contractor,0,Contractor is required,0,NULL,0,NULL,NULL,Fertiliser Type,NULL,NULL,NULL
1784,5234,45,wcProjectCmb,Project,RadComboBox,10,Project,Project,1,Project is required,0,NULL,0,NULL,NULL,Comments,NULL,NULL,NULL
1785,5234,45,wcLocationIDRadCombo,Location,RadComboBox,11,LocType,Location,1,Location is required,0,NULL,0,NULL,NULL,Safety Direction,NULL,NULL,NULL
1786,5234,45,wcLocationTB,Location Address,RadTextBox,12,LocAddr,Location Address,1,Location Address is required,0,NULL,0,NULL,NULL,First Aid,NULL,NULL,NULL
1787,5234,45,wcSpecificLocTB,Specific Location Details,RadTextBox,13,LocDet,Specific Location Details,1,Specific location is required,0,NULL,0,NULL,NULL,Storage,NULL,NULL,NULL
1788,5234,45,wcEmpDivisionCmb,Division,RadComboBox,14,Division,Division,1,Division is required,0,NULL,0,NULL,NULL,Disposal,NULL,NULL,NULL
1789,5234,45,wcEmpDeptCmb,Department,RadComboBox,15,Department,Department,1,Department is required,0,NULL,0,NULL,NULL,Soil pH,NULL,NULL,NULL
1790,5234,45,wcStatusCombo,Status,RadComboBox,16,Status,Status,1,Status is required,0,NULL,0,NULL,NULL,Salinity,NULL,NULL,NULL
1791,5234,45,wcCommTB,Details,RadTextBox,17,Comm,Details,1,Details is required,0,NULL,0,NULL,NULL,Organic Matter,NULL,NULL,NULL
1792,5234,45,wcAttachRPI,Attachments,SECTION,18,Attach,Attachments,1,N/A,0,NULL,0,wcAttachRPI,NULL,Soil Condition,NULL,NULL,NULL
1793,5234,45,wcAttchRptr,List of Attachments,Repeater,19,Attach2,List of Attachments,1,,0,NULL,1,wcAttachRPI,NULL,Moisture Level,NULL,NULL,NULL
1794,5234,45,wcReqmtRPI,Requirements,SECTION,20,Reqmt,Requirements,1,N/A,0,NULL,0,wcReqmtRPI,NULL,Comments,NULL,NULL,NULL
1795,5234,45,wcReqPolRadLB,Relevant Policies,RadListBox,21,ReqPol,Relevant Policies,1,Relevant Policies is required,0,NULL,0,wcReqmtRPI,NULL,Atmospheric Condition,NULL,NULL,NULL
1796,5234,45,wcReqLegsRadLB,Relevant Legislation,RadListBox,22,ReqLegs,Relevant Legislation,1,Relevant Legislation is required,0,NULL,0,wcReqmtRPI,NULL,Temperature,NULL,NULL,NULL
1797,5234,45,wcDetRespApvRPI,Responsibilities and Approval,SECTION,23,DetRespApv,Responsibilities and Approval,1,N/A,0,NULL,0,wcDetRespApvRPI,NULL,Humidity,NULL,NULL,NULL
1798,5234,45,wcWHSRespCmb,WHS Role Responsible,RadComboBox,24,WHSResp,WHS Role Responsible,1,WHS Role Responsible is required,0,NULL,0,wcDetRespApvRPI,NULL,Wind Speed (km/h),NULL,NULL,NULL
1799,5234,45,wcRespCombo,Person Responsible,RadComboBox,25,PersonResp,Person Responsible,1,Person Responsible is required,0,NULL,0,wcDetRespApvRPI,NULL,Wind Direction,NULL,NULL,NULL
1800,5234,45,wcCheckedByLbl,Checked By,Label,26,CheckedBy,Checked By,1,N/A,0,NULL,0,wcDetRespApvRPI,NULL,Variability,NULL,NULL,NULL
1801,5234,45,wcReviewedByLabel,Reviewed By,Label,27,ReviewedBy,Reviewed By,1,N/A,0,NULL,0,wcDetRespApvRPI,NULL,Comments,NULL,NULL,NULL
1802,5234,45,wcNextReviewPkr,Next Review Date,RadDatePicker,28,NextReview,Next Review Date,1,Next review date is required,0,NULL,0,wcDetRespApvRPI,NULL,Sensitive Areas,NULL,NULL,NULL
1803,5234,45,wcAuthoriseLabel,Authorised By,Label,29,Authorise,Authorised By,1,N/A,0,NULL,0,wcDetRespApvRPI,NULL,Equipment Type,NULL,NULL,NULL
1804,5234,45,wcApproveLabel,Approved By,Label,30,Approve,Approved By,1,N/A,0,NULL,0,wcDetRespApvRPI,NULL,Model,NULL,NULL,NULL
1805,5234,46,wcIDTB,ID,RadTextBox,2,ID,ID,1,ID is required,1,NULL,0,NULL,NULL,Speed,NULL,NULL,NULL
1806,5234,46,wcTitleTB,Title,RadTextBox,3,Title,Title,1,Title is required,1,NULL,0,NULL,NULL,Gear,NULL,NULL,NULL
1807,5234,46,wcDescTB,Description,RadTextBox,4,Desc,Description,1,Description is required,0,NULL,0,NULL,NULL,Nozzles,NULL,NULL,NULL
1808,5234,46,wcRegRecTypeCombo,Type,RadComboBox,5,Type,Type,1,Type is required,0,NULL,0,NULL,NULL,Nozzle Type,NULL,NULL,NULL
1809,5234,46,wcRegRecSubTypeCombo,Sub-Type,RadComboBox,6,SubType,Sub-Type,1,Sub-Type is required,0,NULL,0,NULL,NULL,Pressure Setting,NULL,NULL,NULL
1810,5234,46,wcStartDtPkr,Date,RadDateTimePicker,7,StartDt,Date,1,Date is required,0,NULL,0,NULL,NULL,Water Required / ha,NULL,NULL,NULL
1811,5234,46,wcReportedByCmb,Reported By,RadComboBox,8,ReportedBy,Reported By,1,Reported By is required,0,NULL,0,NULL,NULL,Comments,NULL,NULL,NULL
1812,5234,46,wcContractorCompanyCMB,Contractor,RadComboBox,9,Contractor,Contractor,0,Contractor is required,0,NULL,0,NULL,NULL,Controls Used,NULL,NULL,NULL
1813,5234,46,wcProjectCmb,Project,RadComboBox,10,Project,Project,1,Project is required,0,NULL,0,NULL,NULL,Default Data Set,NULL,NULL,NULL
1814,5234,46,wcLocationIDRadCombo,Location,RadComboBox,11,LocType,Location,1,Location is required,0,NULL,0,NULL,NULL,Operation Type,NULL,NULL,NULL
1815,5234,46,wcLocationTB,Location Address,RadTextBox,12,LocAddr,Location Address,1,Location Address is required,0,NULL,0,NULL,NULL,Procedure Type,NULL,NULL,NULL
1816,5234,46,wcSpecificLocTB,Specific Location Details,RadTextBox,13,LocDet,Specific Location Details,1,Specific location is required,0,NULL,0,NULL,NULL,Description,NULL,NULL,NULL
1817,5234,46,wcEmpDivisionCmb,Division,RadComboBox,14,Division,Division,1,Division is required,0,NULL,0,NULL,NULL,Operator(s),NULL,NULL,NULL
1818,5234,46,wcEmpDeptCmb,Department,RadComboBox,15,Department,Department,1,Department is required,0,NULL,0,NULL,NULL,Operation Date,NULL,NULL,NULL
1819,5234,46,wcStatusCombo,Status,RadComboBox,16,Status,Status,1,Status is required,0,NULL,0,NULL,NULL,Operational Area(s),NULL,NULL,NULL
1820,5234,46,wcCommTB,Details,RadTextBox,17,Comm,Details,1,Details is required,0,NULL,0,NULL,NULL,Total Area,NULL,NULL,NULL
1821,5234,46,wcAttachRPI,Attachments,SECTION,18,Attach,Attachments,1,N/A,0,NULL,0,wcAttachRPI,NULL,Total Cost,NULL,NULL,NULL
1822,5234,46,wcAttchRptr,List of Attachments,Repeater,19,Attach2,List of Attachments,1,,0,NULL,1,wcAttachRPI,NULL,Checked By,NULL,NULL,NULL
1823,5234,46,wcReqmtRPI,Requirements,SECTION,20,Reqmt,Requirements,1,N/A,0,NULL,0,wcReqmtRPI,NULL,Authorised By,NULL,NULL,NULL
1824,5234,46,wcReqPolRadLB,Relevant Policies,RadListBox,21,ReqPol,Relevant Policies,1,Relevant Policies is required,0,NULL,0,wcReqmtRPI,NULL,Approved?,NULL,NULL,NULL
1825,5234,46,wcReqLegsRadLB,Relevant Legislation,RadListBox,22,ReqLegs,Relevant Legislation,1,Relevant Legislation is required,0,NULL,0,wcReqmtRPI,NULL,Approved By,NULL,NULL,NULL
1826,5234,46,wcDetRespApvRPI,Responsibilities and Approval,SECTION,23,DetRespApv,Responsibilities and Approval,1,N/A,0,NULL,0,wcDetRespApvRPI,NULL,Approval Date,NULL,NULL,NULL
1827,5234,46,wcWHSRespCmb,WHS Role Responsible,RadComboBox,24,WHSResp,WHS Role Responsible,1,WHS Role Responsible is required,0,NULL,0,wcDetRespApvRPI,NULL,Comments,NULL,NULL,NULL
1828,5234,46,wcRespCombo,Person Responsible,RadComboBox,25,PersonResp,Person Responsible,1,Person Responsible is required,0,NULL,0,wcDetRespApvRPI,NULL,Product Used,NULL,NULL,NULL
1829,5234,46,wcCheckedByLbl,Checked By,Label,26,CheckedBy,Checked By,1,N/A,0,NULL,0,wcDetRespApvRPI,NULL,Manufacturer,NULL,NULL,NULL
1830,5234,46,wcReviewedByLabel,Reviewed By,Label,27,ReviewedBy,Reviewed By,1,N/A,0,NULL,0,wcDetRespApvRPI,NULL,Rate Used,NULL,NULL,NULL
1831,5234,46,wcNextReviewPkr,Next Review Date,RadDatePicker,28,NextReview,Next Review Date,1,Next review date is required,0,NULL,0,wcDetRespApvRPI,NULL,Total Amount Used,NULL,NULL,NULL
1832,5234,46,wcAuthoriseLabel,Authorised By,Label,29,Authorise,Authorised By,1,N/A,0,NULL,0,wcDetRespApvRPI,NULL,Soil pH,NULL,NULL,NULL
1833,5234,46,wcApproveLabel,Approved By,Label,30,Approve,Approved By,1,N/A,0,NULL,0,wcDetRespApvRPI,NULL,Salinity,NULL,NULL,NULL
1834,5234,47,wcIDTB,ID,RadTextBox,2,ID,ID,1,ID is required,1,NULL,0,NULL,NULL,Organic Matter,NULL,NULL,NULL
1835,5234,47,wcTitleTB,Title,RadTextBox,3,Title,Title,1,Title is required,1,NULL,0,NULL,NULL,Soil Condition,NULL,NULL,NULL
1836,5234,47,wcDescTB,Description,RadTextBox,4,Desc,Description,1,Description is required,0,NULL,0,NULL,NULL,Moisture Level,NULL,NULL,NULL
1837,5234,47,wcRegRecTypeCombo,Inspection Type,RadComboBox,5,Type,Inspection Type,1,Inspection Type is required,1,NULL,0,NULL,NULL,Comments,NULL,NULL,NULL
1838,5234,47,wcRegRecSubTypeCombo,Inspection Sub-Type,RadComboBox,6,SubType,Inspection Sub-Type,1,Inspection Sub-Type is required,0,NULL,0,NULL,NULL,Atmospheric Condition,NULL,NULL,NULL
1839,5234,47,wcStartDtPkr,Date,RadDateTimePicker,7,StartDt,Date,1,Date is required,0,NULL,0,NULL,NULL,Temperature,NULL,NULL,NULL
1840,5234,47,wcReportedByCmb,Assessed By,RadComboBox,8,ReportedBy,Assessed By,1,Assessed By is required,0,NULL,0,NULL,NULL,Humidity,NULL,NULL,NULL
1841,5234,47,wcContractorCompanyCMB,Contractor,RadComboBox,10,Contractor,Contractor,1,Contractor is required,0,NULL,0,NULL,NULL,Wind Speed (km/h),NULL,NULL,NULL
1842,5234,47,wcProjectCmb,Project,RadComboBox,9,Project,Project,1,Project is required,0,NULL,0,NULL,NULL,Wind Direction,NULL,NULL,NULL
1843,5234,47,wcLocationIDRadCombo,Location,RadComboBox,11,LocType,Location,1,Location is required,0,NULL,0,NULL,NULL,Variability,NULL,NULL,NULL
1844,5234,47,wcLocationTB,Location Address,RadTextBox,12,LocAddr,Location Address,1,Location Address is required,0,NULL,0,NULL,NULL,Comments,NULL,NULL,NULL
1845,5234,47,wcSpecificLocTB,Specific Location Details,RadTextBox,13,LocDet,Specific Location Details,1,Specific location is required,0,NULL,0,NULL,NULL,Sensitive Areas,NULL,NULL,NULL
1846,5234,47,wcEmpDivisionCmb,Division,RadComboBox,14,Division,Division,1,Division is required,0,NULL,0,NULL,NULL,Equipment Type,NULL,NULL,NULL
1847,5234,47,wcEmpDeptCmb,Department,RadComboBox,15,Department,Department,1,Department is required,0,NULL,0,NULL,NULL,Model,NULL,NULL,NULL
1848,5234,47,wcStatusCombo,Status,RadComboBox,17,Status,Status,1,Status is required,0,NULL,0,NULL,NULL,Speed,NULL,NULL,NULL
1849,5234,47,wcCommTB,Details,RadTextBox,18,Comm,Details,1,Details is required,0,NULL,0,NULL,NULL,Gear,NULL,NULL,NULL
1850,5234,47,wcAttachRPI,Attachments,SECTION,19,Attach,Attachments,1,N/A,0,NULL,0,wcAttachRPI,NULL,Nozzles,NULL,NULL,NULL
1851,5234,47,wcAttchRptr,List of Attachments,Repeater,20,Attach2,List of Attachments,1,,0,NULL,1,wcAttachRPI,NULL,Nozzle Type,NULL,NULL,NULL
1852,5234,47,wcReqmtRPI,Requirements,SECTION,21,Reqmt,Requirements,1,N/A,0,NULL,0,wcReqmtRPI,NULL,Pressure Setting,NULL,NULL,NULL
1853,5234,47,wcReqPolRadLB,Relevant Policies,RadListBox,22,ReqPol,Relevant Policies,1,Relevant Policies is required,0,NULL,0,wcReqmtRPI,NULL,Water Required / ha,NULL,NULL,NULL
1854,5234,47,wcReqLegsRadLB,Relevant Legislation,RadListBox,23,ReqLegs,Relevant Legislation,1,Relevant Legislation is required,0,NULL,0,wcReqmtRPI,NULL,Comments,NULL,NULL,NULL
1855,5234,47,wcDetRespApvRPI,Responsibilities and Approval,SECTION,24,DetRespApv,Responsibilities and Approval,1,N/A,0,NULL,0,wcDetRespApvRPI,NULL,Controls Used,NULL,NULL,NULL
1856,5234,47,wcWHSRespCmb,WHS Role Responsible,RadComboBox,25,WHSResp,WHS Role Responsible,1,WHS Role Responsible is required,0,NULL,0,wcDetRespApvRPI,NULL,Plant/Situation/Animal,NULL,NULL,NULL
1857,5234,47,wcRespCombo,Person Responsible,RadComboBox,26,PersonResp,Person Responsible,1,Person Responsible is required,0,NULL,0,wcDetRespApvRPI,NULL,Growth Stage,NULL,NULL,NULL
1858,5234,47,wcCheckedByLbl,Checked By,Label,27,CheckedBy,Checked By,1,N/A,0,NULL,0,wcDetRespApvRPI,NULL,Timing,NULL,NULL,NULL
1859,5234,47,wcReviewedByLabel,Reviewed By,Label,28,ReviewedBy,Reviewed By,1,N/A,0,NULL,0,wcDetRespApvRPI,NULL,Pest,NULL,NULL,NULL
1860,5234,47,wcNextReviewPkr,Next Review Date,RadDatePicker,29,NextReview,Next Review Date,1,Next review date is required,0,NULL,0,wcDetRespApvRPI,NULL,Pest Growth Stage,NULL,NULL,NULL
1861,5234,47,wcAuthoriseLabel,Authorised By,Label,30,Authorise,Authorised By,1,N/A,0,NULL,0,wcDetRespApvRPI,NULL,Pest Density,NULL,NULL,NULL
1862,5234,47,wcApproveLabel,Approved By,Label,31,Approve,Approved By,1,N/A,0,NULL,0,wcDetRespApvRPI,NULL,Default Data Set,NULL,NULL,NULL
1863,5234,21,wcProgrammeCmb,Programme,RadComboBox,16,Programme,Programme,0,Programme is required,0,NULL,0,NULL,NULL,Procedure Type,NULL,NULL,NULL
1864,5333,5,wcProgrammeCmb,Programme,RadComboBox,12,IncProgramme,Programme,0,Programme is required,0,NULL,NULL,NULL,NULL,Programme,NULL,NULL,NULL
1865,5365,19,wcIncProgrammeCmb,Programme,RadComboBox,13,IncProgramme,Programme,0,Programme is required,0,NULL,NULL,NULL,NULL,Description,NULL,NULL,NULL
1866,5365,19,wcEmpDivision,Employee Division,RadComboBox,15,EmpDivision,EmpDivision,0,Employee Division is required,0,NULL,NULL,NULL,NULL,Operator(s),NULL,NULL,NULL
1867,5365,19,wcEmpDept,Employee Department,RadComboBox,16,EmpDept,EmpDepartment,0,Employee Department is required,0,NULL,NULL,NULL,NULL,Treatment Date,NULL,NULL,NULL
1868,5365,19,wcEmpProgramme,Employee Programme,RadComboBox,16,EmpProgramme,Employee Programme,0,Employee Programme is required,0,NULL,NULL,NULL,NULL,Reentry Date,NULL,NULL,NULL
1869,924,22,wcProgrammeCmb,Programme,RadComboBox,17,Programme,Programme,0,Programme is required,0,NULL,0,wcOtherDetRPI,NULL,Operational Area(s),NULL,NULL,NULL
1870,924,22,wcReportsTo,Person Responsible,RadComboBox,8,ReportsTo,Person Responsible,1,Person Responsible is required,0,NULL,0,NULL,NULL,ResponsibleID,NULL,NULL,NULL
1871,5334,5,wcEmpProgramme,Employment Programme,RadComboBox,11,EmpProgramme,Employment Programme,0,Employment Programme is required,0,NULL,NULL,wcPersonInvRPI,NULL,Total Cost,NULL,NULL,NULL
1872,922,20,wcReportsTo,Person Responsible,RadComboBox,8,ReportsTo,Person Responsible,1,Person Responsible is required,0,NULL,0,NULL,NULL,ResponsibleID,NULL,NULL,NULL
1873,922,20,wcProgrammeCmb,Programme,RadComboBox,17,Programme,Programme,0,Programme is required,0,NULL,0,wcOtherDetRPI,NULL,Authorised By,NULL,NULL,NULL
1874,5234,13,wcProgrammeCmb,Programme,RadComboBox,16,Programme,Programme,0,Programme is required,0,NULL,0,NULL,NULL,Approved?,NULL,NULL,NULL
1875,5234,47,wcProgrammeCmb,Programme,RadComboBox,16,Programme,Programme,0,Programme is required,0,NULL,0,NULL,NULL,Approved By,NULL,NULL,NULL
1876,975,27,wcReportsTo,Person Responsible,RadComboBox,8,ReportsTo,Person Responsible,0,Person Responsible is required,0,NULL,0,NULL,NULL,ResponsibleID,NULL,NULL,NULL
1877,975,27,wcProgrammeCmb,Programme,RadComboBox,17,Programme,Programme,0,Programme is required,0,NULL,0,wcOtherDetRPI,NULL,Comments,NULL,NULL,NULL
1878,5245,18,wcProgramme,Employment Programme,RadComboBox,47,Programme,Employment Programme,0,Employment Programme is required,0,NULL,0,wcCurrEmpDetRPI,NULL,Product Used,NULL,NULL,NULL
1879,860,8,wcAttachmentsT,Attachments,Table,NULL,Attachments,Attachments,1,NULL,0,1,0,NULL,NULL,Manufacturer,NULL,NULL,NULL
1880,5365,19,wcInitIncidentDetHeaderLabel,INCIDENT DETAILS,Label,1,InitIncidentDetHeader,INCIDENT DETAILS,1,NULL,1,1,NULL,NULL,NULL,Label,NULL,NULL,NULL
1881,5365,19,wcConsRankingHdr,CONSEQUENCE RANKING,Label,21,ConsRankingHdr,CONSEQUENCE RANKING,1,NULL,0,1,NULL,NULL,NULL,SDS,NULL,NULL,NULL
1882,5365,19,wcConsRatIncTLabel,CONSEQUENCE RATING TABLE,Table,22,ConsRatIncT,CONSEQUENCE RATING TABLE,1,,0,NULL,1,NULL,NULL,Crop/Situation/Animal,NULL,NULL,NULL
1883,5365,19,wcInjNotDtTB,Date Injury/Condition First Noticed required,RadTextBox,28,InjNotDt,Date Injury/Condition First Noticed,1,Date Injury/Condition First Noticed is required,0,NULL,NULL,NULL,NULL,Growth Stage,NULL,NULL,NULL
1884,5365,19,wcInjuryMechRLB,Mechanism of Injury,RadListBox,31,InjuryMech,Mechanism of Injury,1,Mechanism of Injury is required,0,NULL,NULL,NULL,NULL,Timing,NULL,NULL,NULL
1885,5365,19,wcWitnessHdrLabel,Witness,Label,44,WitnessHdr,Witness,1,NULL,0,1,NULL,NULL,NULL,Pest,NULL,NULL,NULL
1886,5234,13,wcCreatedBy,CreatedBy,API,999,CreatedByName,Created By,1,NULL,0,NULL,0,NULL,NULL,Pest Growth Stage,NULL,NULL,NULL
1887,5234,13,,CreatedByID,API,999,CreatedByID,Created By Employee ID,1,NULL,0,NULL,0,NULL,NULL,Pest Density,NULL,NULL,NULL
1888,5234,13,wcCreatedDate,CreatedDate,API,999,CreatedDate,Created Date,1,NULL,0,NULL,0,NULL,NULL,Withholding Period Before Harvest,NULL,NULL,NULL
1889,5234,13,wcUpdatedBy,UpdatedBy,API,999,UpdatedByName,Updated By,1,NULL,0,NULL,0,NULL,NULL,Withholding Period Before grazing or use as stock food,NULL,NULL,NULL
1890,5234,13,,UpdatedByID,API,999,UpdatedByID,Updated By Employee ID,1,NULL,0,NULL,0,NULL,NULL,Label Rates,NULL,NULL,NULL
1891,5234,13,wcUpdatedDate,UpdatedDate,API,999,UpdatedDate,Updated Date,1,NULL,0,NULL,0,NULL,NULL,Rate Used,NULL,NULL,NULL
1892,5234,13,,Audited By,API,9,ReportedByEmpID,Audited By Employee ID,1,NULL,0,NULL,0,NULL,NULL,Total Treatment Areas,NULL,NULL,NULL
1893,5234,13,,Person Responsible,API,27,ResponsibleID,Person Responsible Employee ID,1,Person Responsible is required,0,NULL,0,wcDetRespApvRPI,NULL,Total Water Required (L),NULL,NULL,NULL
1894,5234,21,wcCreatedBy,CreatedBy,API,999,CreatedByName,Created By,1,NULL,0,NULL,0,NULL,NULL,Total Amount Used,NULL,NULL,NULL
1895,5234,21,,CreatedByID,API,999,CreatedByID,Created By Employee ID,1,NULL,0,NULL,0,NULL,NULL,Total Product Cost,NULL,NULL,NULL
1896,5234,21,wcCreatedDate,CreatedDate,API,999,CreatedDate,Created Date,1,NULL,0,NULL,0,NULL,NULL,Carrier,NULL,NULL,NULL
1897,5234,21,wcUpdatedBy,UpdatedBy,API,999,UpdatedByName,Updated By,1,NULL,0,NULL,0,NULL,NULL,Restraints,NULL,NULL,NULL
1898,5234,21,,UpdatedByID,API,999,UpdatedByID,Updated By Employee ID,1,NULL,0,NULL,0,NULL,NULL,Critical Comment,NULL,NULL,NULL
1899,5234,21,wcUpdatedDate,UpdatedDate,API,999,UpdatedDate,Updated Date,1,NULL,0,NULL,0,NULL,NULL,Resistance,NULL,NULL,NULL
1900,5234,21,,Audited By,API,9,ReportedByEmpID,Reported By Employee ID,1,NULL,0,NULL,0,NULL,NULL,Mixing,NULL,NULL,NULL
1902,5234,21,,Person Responsible,API,27,ResponsibleID,Person Responsible Employee ID,1,Person Responsible is required,0,NULL,0,wcDetRespApvRPI,NULL,Safety Direction,NULL,NULL,NULL
1903,5234,24,,Person Responsible,API,27,ResponsibleID,Person Responsible Employee ID,1,Person Responsible is required,0,NULL,0,wcDetRespApvRPI,NULL,First Aid,NULL,NULL,NULL
1904,5234,24,,Audited By,API,9,ReportedByEmpID,Reported By Employee ID,1,NULL,0,NULL,0,NULL,NULL,Storage,NULL,NULL,NULL
1905,5234,24,wcUpdatedDate,UpdatedDate,API,999,UpdatedDate,Updated Date,1,NULL,0,NULL,0,NULL,NULL,Disposal,NULL,NULL,NULL
1906,5234,24,,UpdatedByID,API,999,UpdatedByID,Updated By Employee ID,1,NULL,0,NULL,0,NULL,NULL,Soil pH,NULL,NULL,NULL
1907,5234,24,wcUpdatedBy,UpdatedBy,API,999,UpdatedByName,Updated By,1,NULL,0,NULL,0,NULL,NULL,Salinity,NULL,NULL,NULL
1908,5234,24,wcCreatedDate,CreatedDate,API,999,CreatedDate,Created Date,1,NULL,0,NULL,0,NULL,NULL,Organic Matter,NULL,NULL,NULL
1909,5234,24,,CreatedByID,API,999,CreatedByID,Created By Employee ID,1,NULL,0,NULL,0,NULL,NULL,Soil Condition,NULL,NULL,NULL
1910,5234,24,wcCreatedBy,CreatedBy,API,999,CreatedByName,Created By,1,NULL,0,NULL,0,NULL,NULL,Moisture Level,NULL,NULL,NULL
1911,1009,48,wcIDTB,ID,RadTextBox,1,ID,ID,1,ID is required,1,NULL,0,NULL,NULL,Comments,NULL,NULL,NULL
1912,1009,48,wcTitleTB,Title,RadTextBox,2,Title,Title,1,Title is required,1,NULL,0,NULL,NULL,Atmospheric Condition,NULL,NULL,NULL
1913,1009,48,wcStartDtPkr,Date,RadDateTimePicker,3,StartDt,Date,1,Date is required,0,NULL,0,NULL,NULL,Temperature,NULL,NULL,NULL
1914,1009,48,wcLocationIDRadCombo,Location,RadComboBox,4,LocType,Location,1,Location is required,0,NULL,0,NULL,NULL,Humidity,NULL,NULL,NULL
1915,1009,48,wcLocationTB,Address,RadTextBox,5,LocAddr,Address,1,Location Address is required,0,NULL,0,NULL,NULL,Wind Speed (km/h),NULL,NULL,NULL
1916,1009,48,wcSpecificLocTB,Specific Location Details,RadTextBox,6,LocDet,Specific Location Details,1,Specific location is required,0,NULL,0,NULL,NULL,Wind Direction,NULL,NULL,NULL
1917,1009,48,wcPersonRespCmb,Reported By,RadComboBox,7,PersonResp,Reported By,1,Audited By is required,0,NULL,0,NULL,NULL,Variability,NULL,NULL,NULL
1918,1009,48,wcReportsTo,Person Responsible,RadComboBox,8,ReportsTo,Person Responsible,0,Reports to is required,0,NULL,0,NULL,NULL,Comments,NULL,NULL,NULL
1919,1009,48,wcAttachUpld,Attachments,RadAsyncUpload,9,AttachUpld,Attachments,1,Attachments is required,0,NULL,0,NULL,NULL,Sensitive Areas,NULL,NULL,NULL
1920,1009,48,wcDescTB,Description,RadTextBox,10,Desc,Description,1,Description is required,0,NULL,0,wcOtherDetRPI,NULL,Equipment Type,NULL,NULL,NULL
1921,1009,48,wcRegRecTypeCombo,Type,RadComboBox,11,Type,Type,1,Type is required,0,NULL,0,wcOtherDetRPI,NULL,Model,NULL,NULL,NULL
1922,1009,48,wcRegRecSubTypeCombo,Sub-Type,RadComboBox,12,SubType,Sub-Type,1,Sub-Type is required,0,NULL,0,wcOtherDetRPI,NULL,Speed,NULL,NULL,NULL
1923,1009,48,wcCommTB,Other Details,RadTextBox,13,Comm,Other Details,1,Details is required,0,NULL,0,wcOtherDetRPI,NULL,Gear,NULL,NULL,NULL
1924,1009,48,wcContractorCompanyCMB,Contractor,RadComboBox,14,Contractor,Contractor,0,Contractor is required,0,NULL,0,wcOtherDetRPI,NULL,Nozzles,NULL,NULL,NULL
1925,1009,48,wcDivisionCmb,Division,RadComboBox,15,Division,Division,0,Division is required,0,NULL,0,wcOtherDetRPI,NULL,Nozzle Type,NULL,NULL,NULL
1926,1009,48,wcDepartmentCmb,Department,RadComboBox,16,Department,Department,0,Department is required,0,NULL,0,wcOtherDetRPI,NULL,Pressure Setting,NULL,NULL,NULL
1927,1009,48,wcProgrammeCmb,Programme,RadComboBox,17,Programme,Programme,0,Programme is required,0,NULL,0,wcOtherDetRPI,NULL,Water Required / ha,NULL,NULL,NULL
1928,1009,48,wcStatusCombo,Status,RadComboBox,18,Status,Status,0,Status is required,0,NULL,0,wcOtherDetRPI,NULL,Comments,NULL,NULL,NULL
1929,1009,48,wcCreatedBy,Created By,Hidden,18,CreatedBy,Created By,1,Status is required,0,NULL,0,wcOtherDetRPI,NULL,Controls Used,NULL,NULL,NULL
1930,1009,48,wcDraft,Draft,Hidden,18,Draft,Draft,1,Status is required,0,NULL,0,wcOtherDetRPI,NULL,Default Data Set,NULL,NULL,NULL
1931,5234,49,wcIDTB,ID,RadTextBox,2,ID,ID,1,ID is required,1,NULL,0,NULL,NULL,Procedure Type,NULL,NULL,NULL
1932,5234,49,wcTitleTB,Title,RadTextBox,3,Title,Title,1,Title is required,1,NULL,0,NULL,NULL,Description,NULL,NULL,NULL
1933,5234,49,wcDescTB,Description,RadTextBox,4,Desc,Description,1,Description is required,0,NULL,0,NULL,NULL,Operator(s),NULL,NULL,NULL
1934,5234,49,wcRegRecTypeCombo,Type,RadComboBox,5,Type,Type,1,Type is required,0,NULL,0,NULL,NULL,Treatment Date,NULL,NULL,NULL
1935,5234,49,wcRegRecSubTypeCombo,Sub-Type,RadComboBox,6,SubType,Sub-Type,1,Sub-Type is required,0,NULL,0,NULL,NULL,Animal Group(s),NULL,NULL,NULL
1936,5234,49,wcStartDtPkr,Date of Report,RadDateTimePicker,7,StartDt,Date of Report,1,Date of Report is required,0,NULL,0,NULL,NULL,Duration of Treatment(days),NULL,NULL,NULL
1937,5234,49,wcReportedByCmb,Reported By,RadComboBox,8,ReportedBy,Reported By,1,Reported By is required,0,NULL,0,NULL,NULL,Date Meat Suitable for Human Consumption,NULL,NULL,NULL
1938,5234,49,wcContractorCompanyCMB,Contractor,RadComboBox,9,Contractor,Contractor,0,Contractor is required,0,NULL,0,NULL,NULL,Weight of Heaviest Animal,NULL,NULL,NULL
1939,5234,49,wcProjectCmb,Project,RadComboBox,10,Project,Project,1,Project is required,0,NULL,0,NULL,NULL,Total No of Animals,NULL,NULL,NULL
1940,5234,49,wcLocationIDRadCombo,Location,RadComboBox,11,LocType,Location,1,Location is required,0,NULL,0,NULL,NULL,Event Type,NULL,NULL,NULL
1941,5234,49,wcLocationTB,Location Address,RadTextBox,12,LocAddr,Location Address,1,Location Address is required,0,NULL,0,NULL,NULL,Event Sub-Type,NULL,NULL,NULL
1942,5234,49,wcSpecificLocTB,Specific Location Details,RadTextBox,13,LocDet,Specific Location Details,1,Specific location is required,0,NULL,0,NULL,NULL,Event Sub-Sub-Type,NULL,NULL,NULL
1943,5234,49,wcEmpDivisionCmb,Division,RadComboBox,14,Division,Division,1,Division is required,0,NULL,0,NULL,NULL,Total Cost,NULL,NULL,NULL
1944,5234,49,wcEmpDeptCmb,Department,RadComboBox,15,Department,Department,1,Department is required,0,NULL,0,NULL,NULL,Checked By,NULL,NULL,NULL
1945,5234,49,wcProgrammeCmb,Programme,RadComboBox,16,Programme,Programme,0,Programme is required,0,NULL,0,NULL,NULL,Authorised By,NULL,NULL,NULL
1946,5234,49,wcStatusCombo,Status,RadComboBox,17,Status,Status,1,Status is required,0,NULL,0,NULL,NULL,Approved?,NULL,NULL,NULL
1947,5234,49,wcCommTB,Details,RadTextBox,18,Comm,Details,1,Details is required,0,NULL,0,NULL,NULL,Approved By,NULL,NULL,NULL
1948,5234,49,wcAttachRPI,Attachments,SECTION,19,Attach,Attachments,1,N/A,0,NULL,0,wcAttachRPI,NULL,Approval Date,NULL,NULL,NULL
1949,5234,49,wcAttchRptr,List of Attachments,Repeater,20,Attach2,List of Attachments,1,,0,NULL,1,wcAttachRPI,NULL,Comments,NULL,NULL,NULL
1950,5234,49,wcReqmtRPI,Requirements,SECTION,21,Reqmt,Requirements,1,N/A,0,NULL,0,wcReqmtRPI,NULL,Product Used,NULL,NULL,NULL
1951,5234,49,wcReqPolRadLB,Relevant Policies,RadListBox,22,ReqPol,Relevant Policies,1,Relevant Policies is required,0,NULL,0,wcReqmtRPI,NULL,Manufacturer,NULL,NULL,NULL
1952,5234,49,wcReqLegsRadLB,Relevant Legislation,RadListBox,23,ReqLegs,Relevant Legislation,1,Relevant Legislation is required,0,NULL,0,wcReqmtRPI,NULL,Label,NULL,NULL,NULL
1953,5234,49,wcDetRespApvRPI,Responsibilities and Approval,SECTION,24,DetRespApv,Responsibilities and Approval,1,N/A,0,NULL,0,wcDetRespApvRPI,NULL,SDS,NULL,NULL,NULL
1954,5234,49,wcWHSRespCmb,WHS Role Responsible,RadComboBox,25,WHSResp,WHS Role Responsible,1,WHS Role Responsible is required,0,NULL,0,wcDetRespApvRPI,NULL,Animal/Situation,NULL,NULL,NULL
1955,5234,49,wcRespCombo,Person Responsible,RadComboBox,26,PersonResp,Person Responsible,1,Person Responsible is required,0,NULL,0,wcDetRespApvRPI,NULL,Pest,NULL,NULL,NULL
1956,5234,49,wcCheckedByLbl,Checked By,Label,27,CheckedBy,Checked By,1,N/A,0,NULL,0,wcDetRespApvRPI,NULL,Pest Growth Stage,NULL,NULL,NULL
1957,5234,49,wcReviewedByLabel,Reviewed By,Label,28,ReviewedBy,Reviewed By,1,N/A,0,NULL,0,wcDetRespApvRPI,NULL,Pest Density,NULL,NULL,NULL
1958,5234,49,wcNextReviewPkr,Next Review Date,RadDatePicker,29,NextReview,Next Review Date,1,Next review date is required,0,NULL,0,wcDetRespApvRPI,NULL,Withholding Period Before Consumption of Meat,NULL,NULL,NULL
1959,5234,49,wcAuthoriseLabel,Authorised By,Label,30,Authorise,Authorised By,1,N/A,0,NULL,0,wcDetRespApvRPI,NULL,Withholding Period Before Collecting Milk or Eggs,NULL,NULL,NULL
1960,5234,49,wcApproveLabel,Approved By,Label,31,Approve,Approved By,1,N/A,0,NULL,0,wcDetRespApvRPI,NULL,Export Slaughter Interval(days)/Comment,NULL,NULL,NULL
1961,5333,5,wcIMtrmtTB,ImmediateTreatmentDetails,TextBox,99,ImmediateTreatmentDetails,Treatment Details,1,Details is required,0,NULL,NULL,NULL,NULL,ImmediateTreatmentDetails,1,NULL,NULL
1962,5333,5,wcNotConfRLB,ConfidentialNotifyList,RadListBox,99,ConfidentialNotifyList,ConfidentialNotifyList,1,required,0,NULL,NULL,NULL,NULL,ConfidentialNotifyList,1,NULL,NULL
1963,5333,5,wcIncLocationIDRBL,IncidentLocationType,RadioButtonList,99,IncidentLocationType,IncidentLocationType,1,required,0,NULL,NULL,NULL,NULL,IncidentLocationType,1,NULL,NULL
1964,5334,5,wcIsRecurTB,RecurrenceDetails,TextBox,99,RecurDet,Recurrence details,1,Details is required,0,NULL,NULL,NULL,NULL,RecurrenceDetails,1,NULL,NULL
1965,5334,5,wcShiftRotCombo,ShiftRotation,RadComboBox,99,ShiftRotation,Shift Rotation,1,required,0,NULL,NULL,NULL,NULL,ShiftRotation,1,NULL,NULL
1966,5334,5,wcShiftLenCombo,ShiftLength,RadComboBox,99,ShiftLength,Shift Length,1,required,0,NULL,NULL,NULL,NULL,ShiftLength,1,NULL,NULL
1967,5334,5,wcTimeLostTypeCombo,TimeLostType,RadComboBox,99,TimeLostType,Time Lost Type,1,required,0,NULL,NULL,NULL,NULL,TimeLostType,1,NULL,NULL
1968,5334,5,wcEmpCondDetTB,EmpGoodHealthDetails,Textbox,99,TimeLostType,Emp Good Health Details,1,required,0,NULL,NULL,NULL,NULL,EmpGoodHealthDetails,1,NULL,NULL
1969,5334,5,wcPPEWornTB,PPERWornDetails,Textbox,64,PPERWornDetails,PPERWornDetails,1,required,0,NULL,NULL,NULL,NULL,PPERWornDetails,1,NULL,NULL
1970,5334,5,wcAlarmAppTB,AlarmApplicableDetails,Textbox,99,AlarmApplicableDetails,AlarmApplicableDetails,1,required,0,NULL,NULL,NULL,NULL,AlarmApplicableDetails,1,NULL,NULL
1971,5334,5,wcAlarmOptTB,AlarmOperateDetails,Textbox,99,AlarmOperateDetails,AlarmOperateDetails,1,required,0,NULL,NULL,NULL,NULL,AlarmOperateDetails,1,NULL,NULL
1972,5334,5,wcEmpExpYrTB,EmployeeTrainingYrs,RadNumericTextBox,80,EmployeeTrainingYrs,EmployeeTrainingYrs,1,required,0,NULL,NULL,NULL,NULL,EmployeeTrainingYrs,1,NULL,NULL
1973,5334,5,wcEmpExpMoTB,EmployeeTrainingMonths,RadNumericTextBox,99,EmployeeTrainingMonths,EmployeeTrainingMonths,1,required,0,NULL,NULL,NULL,NULL,EmployeeTrainingMonths,1,NULL,NULL
1974,5334,5,wcEmployeeTrainingDet,EmployeeTrainingDetails,Textbox,99,EmployeeTrainingDetails,EmployeeTrainingDetails,1,required,0,NULL,NULL,NULL,NULL,EmployeeTrainingDetails,1,NULL,NULL
1975,5334,5,wcChangeEnvTB,EmployeeTrainingDetails,Textbox,99,EnvironmentChangesDetails,EnvironmentChangesDetails,1,required,0,NULL,NULL,NULL,NULL,EnvironmentChangesDetails,1,NULL,NULL
1976,5334,5,wcModEquipTB,ModificationDetails,Textbox,99,ModificationDetails,ModificationDetails,1,required,0,NULL,NULL,NULL,NULL,ModificationDetails,1,NULL,NULL
1977,5334,5,wcAddPPETB,AddPPEDtails,Textbox,99,AddPPEDtails,AddPPEDtails,1,required,0,NULL,NULL,NULL,NULL,AddPPEDtails,1,NULL,NULL
1978,5334,5,wcAddTrngTB,AddTrainingDetails,Textbox,99,AddTrainingDetails,AddTrainingDetails,1,required,0,NULL,NULL,NULL,NULL,AddTrainingDetails,1,NULL,NULL
1979,970,31,wcProgrammeCmb,Programme,RadComboBox,15,Programme,Programme,0,Programme is required,0,NULL,0,wcOtherDetRPI,NULL,Programme,NULL,NULL,NULL
1980,5234,44,wcProgrammeCmb,Programme,RadComboBox,14,Programme,Programme,0,Programme is required,0,NULL,0,NULL,NULL,Programme,NULL,NULL,NULL
1981,5234,29,wcIDTB,ID,RadTextBox,2,ID,ID,1,ID is required,1,NULL,0,NULL,NULL,InternalNo,NULL,NULL,NULL
1982,5234,29,wcTitleTB,Hazard Title,RadTextBox,3,Title,Hazard Title,1,Hazard Title is required,1,NULL,0,NULL,NULL,TitleDesc,NULL,NULL,NULL
1983,5234,29,wcDescTB,Description,RadTextBox,4,Desc,Description,1,Description is required,0,NULL,0,NULL,NULL,ExtDesc,NULL,NULL,NULL
1984,5234,29,wcRegRecTypeCombo,Hazard Report Type,RadComboBox,5,Type,Hazard Report Type,1,Hazard Report Type is required,0,NULL,0,NULL,NULL,OthTypeID,NULL,NULL,NULL
1985,5234,29,wcRegRecSubTypeCombo,Hazard Report Sub-Type,RadComboBox,6,SubType,Hazard Report Sub-Type,1,Hazard Report Sub-Type is required,0,NULL,0,NULL,NULL,OthSubTypeID,NULL,NULL,NULL
1986,5234,29,wcStartDtPkr,Date,RadDateTimePicker,7,StartDt,Date,1,Date is required,0,NULL,0,NULL,NULL,StartDt,NULL,NULL,NULL
1987,5234,29,wcReportedByCmb,Reported By,RadComboBox,8,ReportedBy,Reported By,1,Reported By is required,0,NULL,0,NULL,NULL,NULL,NULL,NULL,NULL
1988,5234,29,wcContractorCompanyCMB,Contractor,RadComboBox,9,Contractor,Contractor,0,Contractor is required,0,NULL,0,NULL,NULL,StoreContractorID,NULL,NULL,NULL
1989,5234,29,wcProjectCmb,Project,RadComboBox,10,Project,Project,1,Project is required,0,NULL,0,NULL,NULL,ProjectID,NULL,NULL,NULL
1990,5234,29,wcLocationIDRadCombo,Location,RadComboBox,11,LocType,Location,1,Location is required,0,NULL,0,NULL,NULL,LocationName,NULL,NULL,NULL
1991,5234,29,wcLocationTB,Location Address,RadTextBox,12,LocAddr,Location Address,1,Location Address is required,0,NULL,0,NULL,NULL,LocationAddr,NULL,NULL,NULL
1992,5234,29,wcSpecificLocTB,Specific Location Details,RadTextBox,13,LocDet,Specific Location Details,1,Specific location is required,0,NULL,0,NULL,NULL,LocationDet,NULL,NULL,NULL
1993,5234,29,wcEmpDivisionCmb,Division,RadComboBox,14,Division,Division,1,Division is required,0,NULL,0,NULL,NULL,NULL,NULL,NULL,NULL
1994,5234,29,wcEmpDeptCmb,Department,RadComboBox,15,Department,Department,1,Department is required,0,NULL,0,NULL,NULL,NULL,NULL,NULL,NULL
1995,5234,29,wcProgrammeCmb,Programme,RadComboBox,16,Programme,Programme,0,Programme is required,0,NULL,0,NULL,NULL,NULL,NULL,NULL,NULL
1996,5234,29,wcStatusCombo,Status,RadComboBox,17,Status,Status,1,Status is required,0,NULL,0,NULL,NULL,StatusID,NULL,NULL,NULL
1997,5234,29,wcCommTB,Details,RadTextBox,18,Comm,Details,1,Details is required,0,NULL,0,NULL,NULL,Comments,NULL,NULL,NULL
1998,5234,29,wcAttachRPI,Attachments,SECTION,19,Attach,Attachments,1,N/A,0,NULL,0,wcAttachRPI,NULL,NULL,NULL,NULL,NULL
1999,5234,29,wcAttchRptr,List of Attachments,Repeater,20,Attach2,List of Attachments,1,,0,NULL,1,wcAttachRPI,NULL,NULL,NULL,NULL,NULL
2000,5234,29,wcReqmtRPI,Requirements,SECTION,21,Reqmt,Requirements,1,N/A,0,NULL,0,wcReqmtRPI,NULL,NULL,NULL,NULL,NULL
2001,5234,29,wcReqPolRadLB,Relevant Policies,RadListBox,22,ReqPol,Relevant Policies,1,Relevant Policies is required,0,NULL,0,wcReqmtRPI,NULL,NULL,NULL,NULL,NULL
2002,5234,29,wcReqLegsRadLB,Relevant Legislation,RadListBox,23,ReqLegs,Relevant Legislation,1,Relevant Legislation is required,0,NULL,0,wcReqmtRPI,NULL,NULL,NULL,NULL,NULL
2003,5234,29,wcDetRespApvRPI,Responsibilities and Approval,SECTION,24,DetRespApv,Responsibilities and Approval,1,N/A,0,NULL,0,wcDetRespApvRPI,NULL,NULL,NULL,NULL,NULL
2004,5234,29,wcWHSRespCmb,WHS Role Responsible,RadComboBox,25,WHSResp,WHS Role Responsible,1,WHS Role Responsible is required,0,NULL,0,wcDetRespApvRPI,NULL,NULL,NULL,NULL,NULL
2005,5234,29,wcRespCombo,Person Responsible,RadComboBox,26,PersonResp,Person Responsible,1,Person Responsible is required,0,NULL,0,wcDetRespApvRPI,NULL,NULL,NULL,NULL,NULL
2006,5234,29,wcCheckedByLbl,Checked By,Label,27,CheckedBy,Checked By,1,N/A,0,NULL,0,wcDetRespApvRPI,NULL,NULL,NULL,NULL,NULL
2007,5234,29,wcReviewedByLabel,Reviewed By,Label,28,ReviewedBy,Reviewed By,1,N/A,0,NULL,0,wcDetRespApvRPI,NULL,NULL,NULL,NULL,NULL
2008,5234,29,wcNextReviewPkr,Next Review Date,RadDatePicker,29,NextReview,Next Review Date,1,Next review date is required,0,NULL,0,wcDetRespApvRPI,NULL,NULL,NULL,NULL,NULL
2009,5234,29,wcAuthoriseLabel,Authorised By,Label,30,Authorise,Authorised By,1,N/A,0,NULL,0,wcDetRespApvRPI,NULL,NULL,NULL,NULL,NULL
2010,5234,29,wcApproveLabel,Approved By,Label,31,Approve,Approved By,1,N/A,0,NULL,0,wcDetRespApvRPI,NULL,NULL,NULL,NULL,NULL
2011,5234,50,wcIDTB,ID,RadTextBox,2,ID,ID,1,ID is required,1,NULL,0,NULL,NULL,NULL,NULL,NULL,NULL
2012,5234,50,wcTitleTB,Job Procedure Title,RadTextBox,3,Title,Job Procedure Title,1,Job Procedure Title is required,1,NULL,0,NULL,NULL,NULL,NULL,NULL,NULL
2013,5234,50,wcDescTB,Description,RadTextBox,4,Desc,Description,1,Description is required,0,NULL,0,NULL,NULL,NULL,NULL,NULL,NULL
2014,5234,50,wcRegRecTypeCombo,Job Procedure Type,RadComboBox,5,Type,Job Procedure Type,1,Job Procedure Type is required,0,NULL,0,NULL,NULL,NULL,NULL,NULL,NULL
2015,5234,50,wcRegRecSubTypeCombo,Job Procedure Report Sub-Type,RadComboBox,6,SubType,Job Procedure Report Sub-Type,1,Job Procedure Report Sub-Type is required,0,NULL,0,NULL,NULL,NULL,NULL,NULL,NULL
2016,5234,50,wcStartDtPkr,Date,RadDateTimePicker,7,StartDt,Date,1,Date is required,0,NULL,0,NULL,NULL,NULL,NULL,NULL,NULL
2017,5234,50,wcReportedByCmb,Reported By,RadComboBox,8,ReportedBy,Reported By,1,Reported By is required,0,NULL,0,NULL,NULL,NULL,NULL,NULL,NULL
2018,5234,50,wcContractorCompanyCMB,Contractor,RadComboBox,9,Contractor,Contractor,0,Contractor is required,0,NULL,0,NULL,NULL,NULL,NULL,NULL,NULL
2019,5234,50,wcProjectCmb,Project,RadComboBox,10,Project,Project,1,Project is required,0,NULL,0,NULL,NULL,NULL,NULL,NULL,NULL
2020,5234,50,wcLocationIDRadCombo,Location,RadComboBox,11,LocType,Location,1,Location is required,0,NULL,0,NULL,NULL,NULL,NULL,NULL,NULL
2021,5234,50,wcLocationTB,Location Address,RadTextBox,12,LocAddr,Location Address,1,Location Address is required,0,NULL,0,NULL,NULL,NULL,NULL,NULL,NULL
2022,5234,50,wcSpecificLocTB,Specific Location Details,RadTextBox,13,LocDet,Specific Location Details,1,Specific location is required,0,NULL,0,NULL,NULL,NULL,NULL,NULL,NULL
2023,5234,50,wcEmpDivisionCmb,Division,RadComboBox,14,Division,Division,1,Division is required,0,NULL,0,NULL,NULL,NULL,NULL,NULL,NULL
2024,5234,50,wcEmpDeptCmb,Department,RadComboBox,15,Department,Department,1,Department is required,0,NULL,0,NULL,NULL,NULL,NULL,NULL,NULL
2025,5234,50,wcProgrammeCmb,Programme,RadComboBox,16,Programme,Programme,0,Programme is required,0,NULL,0,NULL,NULL,NULL,NULL,NULL,NULL
2026,5234,50,wcStatusCombo,Status,RadComboBox,17,Status,Status,1,Status is required,0,NULL,0,NULL,NULL,NULL,NULL,NULL,NULL
2027,5234,50,wcCommTB,Details,RadTextBox,18,Comm,Details,1,Details is required,0,NULL,0,NULL,NULL,NULL,NULL,NULL,NULL
2028,5234,50,wcAttachRPI,Attachments,SECTION,19,Attach,Attachments,1,N/A,0,NULL,0,wcAttachRPI,NULL,NULL,NULL,NULL,NULL
2029,5234,50,wcAttchRptr,List of Attachments,Repeater,20,Attach2,List of Attachments,1,,0,NULL,1,wcAttachRPI,NULL,NULL,NULL,NULL,NULL
2030,5234,50,wcReqmtRPI,Requirements,SECTION,21,Reqmt,Requirements,1,N/A,0,NULL,0,wcReqmtRPI,NULL,NULL,NULL,NULL,NULL
2031,5234,50,wcReqPolRadLB,Relevant Policies,RadListBox,22,ReqPol,Relevant Policies,1,Relevant Policies is required,0,NULL,0,wcReqmtRPI,NULL,NULL,NULL,NULL,NULL
2032,5234,50,wcReqLegsRadLB,Relevant Legislation,RadListBox,23,ReqLegs,Relevant Legislation,1,Relevant Legislation is required,0,NULL,0,wcReqmtRPI,NULL,NULL,NULL,NULL,NULL
2033,5234,50,wcDetRespApvRPI,Responsibilities and Approval,SECTION,24,DetRespApv,Responsibilities and Approval,1,N/A,0,NULL,0,wcDetRespApvRPI,NULL,NULL,NULL,NULL,NULL
2034,5234,50,wcWHSRespCmb,WHS Role Responsible,RadComboBox,25,WHSResp,WHS Role Responsible,1,WHS Role Responsible is required,0,NULL,0,wcDetRespApvRPI,NULL,NULL,NULL,NULL,NULL
2035,5234,50,wcRespCombo,Person Responsible,RadComboBox,26,PersonResp,Person Responsible,1,Person Responsible is required,0,NULL,0,wcDetRespApvRPI,NULL,NULL,NULL,NULL,NULL
2036,5234,50,wcCheckedByLbl,Checked By,Label,27,CheckedBy,Checked By,1,N/A,0,NULL,0,wcDetRespApvRPI,NULL,NULL,NULL,NULL,NULL
2037,5234,50,wcReviewedByLabel,Reviewed By,Label,28,ReviewedBy,Reviewed By,1,N/A,0,NULL,0,wcDetRespApvRPI,NULL,NULL,NULL,NULL,NULL
2038,5234,50,wcNextReviewPkr,Next Review Date,RadDatePicker,29,NextReview,Next Review Date,1,Next review date is required,0,NULL,0,wcDetRespApvRPI,NULL,NULL,NULL,NULL,NULL
2039,5234,50,wcAuthoriseLabel,Authorised By,Label,30,Authorise,Authorised By,1,N/A,0,NULL,0,wcDetRespApvRPI,NULL,NULL,NULL,NULL,NULL
2040,5234,50,wcApproveLabel,Approved By,Label,31,Approve,Approved By,1,N/A,0,NULL,0,wcDetRespApvRPI,NULL,NULL,NULL,NULL,NULL
2042,1012,52,wcIDTB,ID,RadTextBox,1,ID,ID,1,ID is required,1,NULL,0,NULL,NULL,NULL,NULL,NULL,NULL
2043,1012,52,wcTitleTB,Title,RadTextBox,2,Title,Title,1,Title is required,1,NULL,0,NULL,NULL,NULL,NULL,NULL,NULL
2044,1012,52,wcStartDtPkr,Date,RadDateTimePicker,3,StartDt,Date,1,Date is required,0,NULL,0,NULL,NULL,NULL,NULL,NULL,NULL
2045,1012,52,wcLocationIDRadCombo,Location,RadComboBox,4,LocType,Location,1,Location is required,0,NULL,0,NULL,NULL,NULL,NULL,NULL,NULL
2046,1012,52,wcLocationTB,Address,RadTextBox,5,LocAddr,Address,1,Location Address is required,0,NULL,0,NULL,NULL,NULL,NULL,NULL,NULL
2047,1012,52,wcSpecificLocTB,Specific Location Details,RadTextBox,6,LocDet,Specific Location Details,1,Specific location is required,0,NULL,0,NULL,NULL,NULL,NULL,NULL,NULL
2048,1012,52,wcPersonRespCmb,Assessed By,RadComboBox,7,PersonResp,Assessed By,1,Assessed By is required,0,NULL,0,NULL,NULL,NULL,NULL,NULL,NULL
2049,1012,52,wcAttachUpld,Attachments,RadAsyncUpload,8,AttachUpld,Attachments,1,Attachments is required,0,NULL,0,NULL,NULL,NULL,NULL,NULL,NULL
2050,1012,52,wcDescTB,Description,RadTextBox,9,Desc,Description,1,Description is required,0,NULL,0,wcOtherDetRPI,NULL,NULL,NULL,NULL,NULL
2051,1012,52,wcRegRecTypeCombo,Type,RadComboBox,10,Type,Type,1,Type is required,0,NULL,0,wcOtherDetRPI,NULL,NULL,NULL,NULL,NULL
2052,1012,52,wcRegRecSubTypeCombo,Sub-Type,RadComboBox,11,SubType,Sub-Type,1,Sub-Type is required,0,NULL,0,wcOtherDetRPI,NULL,NULL,NULL,NULL,NULL
2053,1012,52,wcCommTB,Other Details,RadTextBox,12,Comm,Other Details,1,Details is required,0,NULL,0,wcOtherDetRPI,NULL,NULL,NULL,NULL,NULL
2054,1012,52,wcContractorCompanyCMB,Contractor,RadComboBox,13,Contractor,Contractor,0,Contractor is required,0,NULL,0,wcOtherDetRPI,NULL,NULL,NULL,NULL,NULL
2055,1012,52,wcDivisionCmb,Division,RadComboBox,14,Division,Division,0,Division is required,0,NULL,0,wcOtherDetRPI,NULL,NULL,NULL,NULL,NULL
2056,1012,52,wcDepartmentCmb,Department,RadComboBox,15,Department,Department,0,Department is required,0,NULL,0,wcOtherDetRPI,NULL,NULL,NULL,NULL,NULL
2057,1012,52,wcStatusCombo,Status,RadComboBox,16,Status,Status,0,Status is required,0,NULL,0,wcOtherDetRPI,NULL,NULL,NULL,NULL,NULL
2058,1012,52,wcProjectCombo,Project,RadComboBox,17,Project,Project,0,Project is required,0,NULL,0,wcOtherDetRPI,NULL,NULL,NULL,NULL,NULL
2059,1009,48,wcProjectCombo,Project,RadComboBox,10,Project,Project,0,Projectis rquired,0,NULL,0,wcOtherDetRPI,NULL,Project,NULL,NULL,NULL
2060,5234,53,wcIDTB,ID,RadTextBox,2,ID,ID,1,ID is required,0,NULL,0,NULL,NULL,InternalNo,NULL,NULL,NULL
2061,5234,53,wcTitleTB,Project Name,RadTextBox,3,Title,Project Name,1,Project Name is required,0,NULL,0,NULL,NULL,TitleDesc,NULL,NULL,NULL
2062,5234,53,wcDescTB,Description,RadTextBox,4,Desc,Description,1,Description is required,0,NULL,0,NULL,NULL,ExtDesc,NULL,NULL,NULL
2063,5234,53,wcRegRecTypeCombo,Type,RadComboBox,5,Type,Type,1,Type is required,0,NULL,0,NULL,NULL,OthTypeID,NULL,NULL,NULL
2064,5234,53,wcRegRecSubTypeCombo,Sub-Type,RadComboBox,6,SubType,Sub-Type,1,Sub-Type is required,0,NULL,0,NULL,NULL,OthSubTypeID,NULL,NULL,NULL
2065,5234,53,wcStartDtPkr,Date,RadDateTimePicker,7,StartDt,Date,1,Date is required,0,NULL,0,NULL,NULL,StartDt,NULL,NULL,NULL
2066,5234,53,wcContractorCompanyCMB,Contractor,RadComboBox,9,Contractor,Contractor,1,Contractor is required,0,NULL,0,NULL,NULL,Contractor,NULL,NULL,NULL
2067,5234,53,wcLocationIDRadCombo,Location,RadComboBox,11,LocType,Location,1,Location is required,0,NULL,0,NULL,NULL,LocationName,NULL,NULL,NULL
2068,5234,53,wcLocationTB,Location Address,RadTextBox,12,LocAddr,Location Address,1,Location Address is required,0,NULL,0,NULL,NULL,LocationAddr,NULL,NULL,NULL
2069,5234,53,wcSpecificLocTB,Specific Location Details,RadTextBox,13,LocDet,Specific Location Details,1,Specific location is required,0,NULL,0,NULL,NULL,LocationDet,NULL,NULL,NULL
2070,5234,53,wcEmpDivisionCmb,Division,RadComboBox,14,Division,Division,1,Division is required,0,NULL,0,NULL,NULL,Division,NULL,NULL,NULL
2071,5234,53,wcEmpDeptCmb,Department,RadComboBox,15,Department,Department,1,Department is required,0,NULL,0,NULL,NULL,Department,NULL,NULL,NULL
2072,5234,53,wcStatusCombo,Status,RadComboBox,17,Status,Status,1,Status is required,0,NULL,0,NULL,NULL,StatusID,NULL,NULL,NULL
2073,5234,53,wcCommTB,Details,RadTextBox,18,Comm,Details,1,Details is required,0,NULL,0,NULL,NULL,Details,NULL,NULL,NULL
2074,5234,53,wcAttachRPI,Attachments,SECTION,19,Attach,Attachments,1,N/A,0,NULL,0,wcAttachRPI,NULL,Attachments,NULL,NULL,NULL
2075,5234,53,wcAttchRptr,List of Attachments,Repeater,20,Attach2,List of Attachments,1,,0,NULL,1,wcAttachRPI,NULL,List of Attachments,NULL,NULL,NULL
2076,5234,53,wcReqmtRPI,Requirements,SECTION,21,Reqmt,Requirements,1,N/A,0,NULL,0,wcReqmtRPI,NULL,Requirements,NULL,NULL,NULL
2077,5234,53,wcReqPolRadLB,Relevant Policies,RadListBox,22,ReqPol,Relevant Policies,1,Relevant Policies is required,0,NULL,0,wcReqmtRPI,NULL,Relevant Policies,NULL,NULL,NULL
2078,5234,53,wcReqLegsRadLB,Relevant Legislation,RadListBox,23,ReqLegs,Relevant Legislation,1,Relevant Legislation is required,0,NULL,0,wcReqmtRPI,NULL,Relevant Legislation,NULL,NULL,NULL
2079,5234,53,wcDetRespApvRPI,Responsibilities and Approval,SECTION,24,DetRespApv,Responsibilities and Approval,1,N/A,0,NULL,0,wcDetRespApvRPI,NULL,Responsibilities and Approval,NULL,NULL,NULL
2080,5234,53,wcRespCombo,Person Responsible,RadComboBox,26,PersonResp,Person Responsible,1,Person Responsible is required,0,NULL,0,wcDetRespApvRPI,NULL,Person Responsible,NULL,NULL,NULL
2081,5234,53,wcCheckedByLbl,Checked By,Label,27,CheckedBy,Checked By,1,N/A,0,NULL,0,wcDetRespApvRPI,NULL,Checked By,NULL,NULL,NULL
2082,5234,53,wcReviewedByLabel,Reviewed By,Label,28,ReviewedBy,Reviewed By,1,N/A,0,NULL,0,wcDetRespApvRPI,NULL,Reviewed By,NULL,NULL,NULL
2083,5234,53,wcNextReviewPkr,Next Review Date,RadDatePicker,29,NextReview,Next Review Date,1,Next review date is required,0,NULL,0,wcDetRespApvRPI,NULL,Next Review Date,NULL,NULL,NULL
2084,5234,53,wcAuthoriseLabel,Authorised By,Label,30,Authorise,Authorised By,1,N/A,0,NULL,0,wcDetRespApvRPI,NULL,Authorised By,NULL,NULL,NULL
2085,5234,53,wcApproveLabel,Approved By,Label,31,Approve,Approved By,1,N/A,0,NULL,0,wcDetRespApvRPI,NULL,Approved By,NULL,NULL,NULL
2086,5234,53,wcWHSRespCmb,WHS Role Responsible,RadComboBox,25,WHSResp,WHS Role Responsible,1,WHS Role Responsible is required,0,NULL,0,wcDetRespApvRPI,NULL,NULL,NULL,NULL,NULL
2087,5234,53,wcReportedByCmb,Created By,RadComboBox,8,ReportedBy,Created By,1,Created By is required,0,NULL,0,NULL,NULL,SDS,NULL,NULL,NULL
2088,5234,53,wcProgrammeCmb,Programme,RadComboBox,16,Programme,Programme,1,Programme is required,0,NULL,0,NULL,NULL,Procedure Type,NULL,NULL,NULL
2089,5234,53,wcCreatedBy,CreatedBy,API,999,CreatedByName,Created By,1,NULL,0,NULL,0,NULL,NULL,Total Amount Used,NULL,NULL,NULL
2090,5234,53,,CreatedByID,API,999,CreatedByID,Created By Employee ID,1,NULL,0,NULL,0,NULL,NULL,Total Product Cost,NULL,NULL,NULL
2091,5234,53,wcCreatedDate,CreatedDate,API,999,CreatedDate,Created Date,1,NULL,0,NULL,0,NULL,NULL,Carrier,NULL,NULL,NULL
2092,5234,53,wcUpdatedBy,UpdatedBy,API,999,UpdatedByName,Updated By,1,NULL,0,NULL,0,NULL,NULL,Restraints,NULL,NULL,NULL
2093,5234,53,,UpdatedByID,API,999,UpdatedByID,Updated By Employee ID,1,NULL,0,NULL,0,NULL,NULL,Critical Comment,NULL,NULL,NULL
2094,5234,53,wcUpdatedDate,UpdatedDate,API,999,UpdatedDate,Updated Date,1,NULL,0,NULL,0,NULL,NULL,Resistance,NULL,NULL,NULL
2095,5234,53,,Audited By,API,9,ReportedByEmpID,Reported By Employee ID,1,NULL,0,NULL,0,NULL,NULL,Mixing,NULL,NULL,NULL
2096,5234,53,,Person Responsible,API,27,ResponsibleID,Person Responsible Employee ID,1,Person Responsible is required,0,NULL,0,wcDetRespApvRPI,NULL,Safety Direction,NULL,NULL,NULL
2097,5234,54,wcIDTB,ID,RadTextBox,2,ID,ID,1,ID is required,1,NULL,0,NULL,NULL,NULL,NULL,NULL,NULL
2098,5234,54,wcMixture NameTB,Mixture Name,RadTextBox,3,Mixture Name,Mixture Name,1,Mixture Name is required,1,NULL,0,NULL,NULL,NULL,NULL,NULL,NULL
2099,5234,54,wcDescTB,Description,RadTextBox,4,Desc,Description,1,Description is required,0,NULL,0,NULL,NULL,NULL,NULL,NULL,NULL
2100,5234,54,wcRegRecTypeCombo,Type,RadComboBox,5,Type,Type,1,Type is required,0,NULL,0,NULL,NULL,NULL,NULL,NULL,NULL
2101,5234,54,wcRegRecSubTypeCombo,Sub-Type,RadComboBox,6,SubType,Sub-Type,1,Sub-Type is required,0,NULL,0,NULL,NULL,NULL,NULL,NULL,NULL
2102,5234,54,wcStartDtPkr,Date,RadDateTimePicker,7,StartDt,Date,1,Date is required,0,NULL,0,NULL,NULL,NULL,NULL,NULL,NULL
2103,5234,54,wcReportedByCmb,Assessed By,RadComboBox,8,ReportedBy,Assessed By,1,Audited By is required,0,NULL,0,NULL,NULL,NULL,NULL,NULL,NULL
2104,5234,54,wcProjectCmb,Project,RadComboBox,9,Project,Project,1,Project is required,0,NULL,0,NULL,NULL,NULL,NULL,NULL,NULL
2105,5234,54,wcLocationIDRadCombo,Location,RadComboBox,10,LocType,Location,1,Location is required,0,NULL,0,NULL,NULL,NULL,NULL,NULL,NULL
2106,5234,54,wcLocationTB,Location Address,RadTextBox,11,LocAddr,Location Address,1,Location Address is required,0,NULL,0,NULL,NULL,NULL,NULL,NULL,NULL
2107,5234,54,wcSpecificLocTB,Specific Location Details,RadTextBox,12,LocDet,Specific Location Details,1,Specific location is required,0,NULL,0,NULL,NULL,NULL,NULL,NULL,NULL
2108,5234,54,wcEmpDivisionCmb,Division,RadComboBox,13,Division,Division,1,Division is required,0,NULL,0,NULL,NULL,NULL,NULL,NULL,NULL
2109,5234,54,wcEmpDeptCmb,Department,RadComboBox,14,Department,Department,1,Department is required,0,NULL,0,NULL,NULL,NULL,NULL,NULL,NULL
2110,5234,54,wcStatusCombo,Status,RadComboBox,15,Status,Status,1,Status is required,0,NULL,0,NULL,NULL,NULL,NULL,NULL,NULL
2111,5234,54,wcCommTB,Details,RadTextBox,16,Comm,Details,1,Details is required,0,NULL,0,NULL,NULL,NULL,NULL,NULL,NULL
2112,5234,54,wcAttachRPI,Attachments,SECTION,17,Attach,Attachments,1,N/A,0,NULL,0,wcAttachRPI,NULL,NULL,NULL,NULL,NULL
2113,5234,54,wcAttchRptr,List of Attachments,Repeater,18,Attach2,List of Attachments,1,,0,NULL,1,wcAttachRPI,NULL,NULL,NULL,NULL,NULL
2114,5234,54,wcReqmtRPI,Requirements,SECTION,19,Reqmt,Requirements,1,N/A,0,NULL,0,wcReqmtRPI,NULL,NULL,NULL,NULL,NULL
2115,5234,54,wcReqPolRadLB,Relevant Policies,RadListBox,20,ReqPol,Relevant Policies,1,Relevant Policies is required,0,NULL,0,wcReqmtRPI,NULL,NULL,NULL,NULL,NULL
2116,5234,54,wcReqLegsRadLB,Relevant Legislation,RadListBox,21,ReqLegs,Relevant Legislation,1,Relevant Legislation is required,0,NULL,0,wcReqmtRPI,NULL,NULL,NULL,NULL,NULL
2117,5234,54,wcDetRespApvRPI,Responsibilities and Approval,SECTION,22,DetRespApv,Responsibilities and Approval,1,N/A,0,NULL,0,wcDetRespApvRPI,NULL,NULL,NULL,NULL,NULL
2118,5234,54,wcWHSRespCmb,WHS Role Responsible,RadComboBox,23,WHSResp,WHS Role Responsible,1,WHS Role Responsible is required,0,NULL,0,wcDetRespApvRPI,NULL,NULL,NULL,NULL,NULL
2119,5234,54,wcRespCombo,Person Responsible,RadComboBox,24,PersonResp,Person Responsible,1,Person Responsible is required,0,NULL,0,wcDetRespApvRPI,NULL,NULL,NULL,NULL,NULL
2120,5234,54,wcCheckedByLbl,Checked By,Label,25,CheckedBy,Checked By,1,N/A,0,NULL,0,wcDetRespApvRPI,NULL,NULL,NULL,NULL,NULL
2121,5234,54,wcReviewedByLabel,Reviewed By,Label,26,ReviewedBy,Reviewed By,1,N/A,0,NULL,0,wcDetRespApvRPI,NULL,NULL,NULL,NULL,NULL
2122,5234,54,wcNextReviewPkr,Next Review Date,RadDatePicker,27,NextReview,Next Review Date,1,Next review date is required,0,NULL,0,wcDetRespApvRPI,NULL,NULL,NULL,NULL,NULL
2123,5234,54,wcAuthoriseLabel,Authorised By,Label,28,Authorise,Authorised By,1,N/A,0,NULL,0,wcDetRespApvRPI,NULL,NULL,NULL,NULL,NULL
2124,5234,54,wcApproveLabel,Approved By,Label,29,Approve,Approved By,1,N/A,0,NULL,0,wcDetRespApvRPI,NULL,NULL,NULL,NULL,NULL
2125,1014,55,wcIDTB,ID,RadTextBox,1,ID,ID,1,ID is required,1,NULL,0,NULL,NULL,NULL,NULL,NULL,NULL
2126,1014,55,wcTitleTB,Mixture Name,RadTextBox,2,Mixture Name,Mixture Name,1,Mixture Name is required,1,NULL,0,NULL,NULL,NULL,NULL,NULL,NULL
2127,1014,55,wcStartDtPkr,Date,RadDateTimePicker,3,StartDt,Date,1,Date is required,0,NULL,0,NULL,NULL,NULL,NULL,NULL,NULL
2128,1014,55,wcLocationIDRadCombo,Location,RadComboBox,4,LocType,Location,1,Location is required,0,NULL,0,NULL,NULL,NULL,NULL,NULL,NULL
2129,1014,55,wcLocationTB,Address,RadTextBox,5,LocAddr,Address,1,Location Address is required,0,NULL,0,NULL,NULL,NULL,NULL,NULL,NULL
2130,1014,55,wcSpecificLocTB,Specific Location Details,RadTextBox,6,LocDet,Specific Location Details,1,Specific location is required,0,NULL,0,NULL,NULL,NULL,NULL,NULL,NULL
2131,1014,55,wcPersonRespCmb,Assessed By,RadComboBox,7,PersonResp,Assessed By,1,Assessed By is required,0,NULL,0,NULL,NULL,NULL,NULL,NULL,NULL
2132,1014,55,wcAttachUpld,Attachments,RadAsyncUpload,8,AttachUpld,Attachments,1,Attachments is required,0,NULL,0,NULL,NULL,NULL,NULL,NULL,NULL
2133,1014,55,wcDescTB,Description,RadTextBox,9,Desc,Description,1,Description is required,0,NULL,0,wcOtherDetRPI,NULL,NULL,NULL,NULL,NULL
2134,1014,55,wcRegRecTypeCombo,Type,RadComboBox,10,Type,Type,1,Type is required,0,NULL,0,wcOtherDetRPI,NULL,NULL,NULL,NULL,NULL
2135,1014,55,wcRegRecSubTypeCombo,Sub-Type,RadComboBox,11,SubType,Sub-Type,1,Sub-Type is required,0,NULL,0,wcOtherDetRPI,NULL,NULL,NULL,NULL,NULL
2136,1014,55,wcCommTB,Other Details,RadTextBox,12,Comm,Other Details,1,Details is required,0,NULL,0,wcOtherDetRPI,NULL,NULL,NULL,NULL,NULL
2137,1014,55,wcContractorCompanyCMB,Contractor,RadComboBox,13,Contractor,Contractor,0,Contractor is required,0,NULL,0,wcOtherDetRPI,NULL,NULL,NULL,NULL,NULL
2138,1014,55,wcDivisionCmb,Division,RadComboBox,14,Division,Division,0,Division is required,0,NULL,0,wcOtherDetRPI,NULL,NULL,NULL,NULL,NULL
2139,1014,55,wcDepartmentCmb,Department,RadComboBox,15,Department,Department,0,Department is required,0,NULL,0,wcOtherDetRPI,NULL,NULL,NULL,NULL,NULL
2140,1014,55,wcStatusCombo,Status,RadComboBox,16,Status,Status,0,Status is required,0,NULL,0,wcOtherDetRPI,NULL,NULL,NULL,NULL,NULL
2141,1014,55,wcProjectCombo,Project,RadComboBox,17,Project,Project,0,Project is required,0,NULL,0,wcOtherDetRPI,NULL,NULL,NULL,NULL,NULL
2142,5232,23,wcTestDetailsRow,Test Details,SECTION,1,TestDetails,Test Details,1,N/A,0,NULL,0,wcTestDetailsRow,NULL,NULL,NULL,NULL,NULL
2143,5232,23,wcTestDtRow,Date of test carried out,RadDatePicker,2,TestDt,Date of test carried out,1,N/A,0,NULL,0,wcTestDetailsRow,NULL,NULL,NULL,NULL,NULL
2144,5232,23,wcTestFreqLabelRow,Required test frequency,Label,3,TestFreqLabel,Required test frequency,1,N/A,0,NULL,0,wcTestDetailsRow,NULL,NULL,NULL,NULL,NULL
2145,5232,23,wcNTestDtRow,Date of next test,RadDatePicker,4,NTestDt,Date of next test,1,N/A,0,NULL,0,wcTestDetailsRow,NULL,NULL,NULL,NULL,NULL
2146,5232,23,wcTestTypeRow,Test Type,RadComboBox,5,TestType,Test Type,1,N/A,0,NULL,0,wcTestDetailsRow,NULL,NULL,NULL,NULL,NULL
2147,5232,23,wcCostRow,Cost,RadTextBox,6,Cost,Cost,1,N/A,0,NULL,0,wcTestDetailsRow,NULL,NULL,NULL,NULL,NULL
2148,5232,23,wcTestResultsRow,Test Results,SECTION,7,TestResults,Test Results,1,N/A,0,NULL,0,wcTestResultsRow,NULL,NULL,NULL,NULL,NULL
2149,5232,23,wcAudioGRow,AUDIOGRAM,Table,8,AudioG,AUDIOGRAM,1,N/A,0,NULL,0,wcTestResultsRow,NULL,NULL,NULL,NULL,NULL
2150,5232,23,wcSummRow,Summary of test results,TextBox,9,Summ,Summary of test results,1,N/A,0,NULL,0,wcTestResultsRow,NULL,NULL,NULL,NULL,NULL
2151,5232,23,wcDetRow,Details of test results,TextBox,10,Det,Details of test results,1,N/A,0,NULL,0,wcTestResultsRow,NULL,NULL,NULL,NULL,NULL
2152,5232,23,wcCommentsRow,Comments,TextBox,11,Comments,Comments,1,N/A,0,NULL,0,wcTestResultsRow,NULL,NULL,NULL,NULL,NULL
2153,5232,23,wcAssessorDetailsRow,Assessor Details,SECTION,12,AssessorDetails,Assessor Details,1,N/A,0,NULL,0,wcAssessorDetailsRow,NULL,NULL,NULL,NULL,NULL
2154,5232,23,wcMedPNameRow,Assessor Name,TextBox,13,MedPName,Assessor Name,1,N/A,0,NULL,0,wcAssessorDetailsRow,NULL,NULL,NULL,NULL,NULL
2155,5232,23,wcMedPhoneRow,Assessor Phone,TextBox,14,MedPhone,Assessor Phone,1,N/A,0,NULL,0,wcAssessorDetailsRow,NULL,NULL,NULL,NULL,NULL
2156,5232,23,wcMedEmailRow,Assessor Email,TextBox,15,MedEmail,Assessor Email,1,N/A,0,NULL,0,wcAssessorDetailsRow,NULL,NULL,NULL,NULL,NULL
2157,5232,23,wcMedPractRow,Assessor Company,TextBox,16,MedPract,Assessor Company,1,N/A,0,NULL,0,wcAssessorDetailsRow,NULL,NULL,NULL,NULL,NULL
2158,5232,23,wcMedAddrRow,Assessor Address,TextBox,17,MedAddr,Assessor Address,1,N/A,0,NULL,0,wcAssessorDetailsRow,NULL,NULL,NULL,NULL,NULL
2159,5232,23,wcActionsRequiredRow,Actions Required,SECTION,18,ActionsRequired,Actions Required,1,N/A,0,NULL,0,wcActionsRequiredRow,NULL,NULL,NULL,NULL,NULL
2160,5232,23,wcAddActionRow,Add Action,Button,19,AddAction,Add Action,1,N/A,0,NULL,0,wcActionsRequiredRow,NULL,NULL,NULL,NULL,NULL
2161,5232,23,wcActionControlExposureRow,Actions to control exposure required?,CheckBox,20,ActionControlExposure,Actions to control exposure required?,1,N/A,0,NULL,0,wcActionsRequiredRow,NULL,NULL,NULL,NULL,NULL
2162,5232,23,wcActionRequiredRepRow,Action Required Rep,Table,21,ActionRequiredRep,ActionRequired Rep,1,N/A,0,NULL,0,wcActionsRequiredRow,NULL,NULL,NULL,NULL,NULL
2163,5232,23,wcProcedureTestRow,Attachments of procedures and test results,SECTION,22,ProcedureTest,Attachments of procedures and test results,1,N/A,0,NULL,0,wcProcedureTestRow,NULL,NULL,NULL,NULL,NULL
2164,5232,23,wcProcedureTestBtnRow,procedures and test buttons,Button,23,ProcedureTestBtn,procedures and test buttons,1,N/A,0,NULL,0,wcProcedureTestRow,NULL,NULL,NULL,NULL,NULL
2165,5232,23,wcProcedureTestRepRow,procedures and test Rep,Button,24,ProcedureTestRep,procedures and test Rep,1,N/A,0,NULL,0,wcProcedureTestRow,NULL,NULL,NULL,NULL,NULL
2182,5234,57,wcIDTB,ID,RadTextBox,2,ID,ID,1,ID is required,1,NULL,0,NULL,NULL,NULL,NULL,NULL,NULL
2183,5234,57,wcTitleTB,Title,RadTextBox,3,Title,Title,1,Title is required,1,NULL,0,NULL,NULL,NULL,NULL,NULL,NULL
2184,5234,57,wcDescTB,Description,RadTextBox,4,Desc,Description,1,Description is required,0,NULL,0,NULL,NULL,NULL,NULL,NULL,NULL
2185,5234,57,wcRegRecTypeCombo,Type,RadComboBox,5,Type,Type,1,Type is required,0,NULL,0,NULL,NULL,NULL,NULL,NULL,NULL
2186,5234,57,wcRegRecSubTypeCombo,Sub-Type,RadComboBox,6,SubType,Sub-Type,1,Sub-Type is required,0,NULL,0,NULL,NULL,NULL,NULL,NULL,NULL
2187,5234,57,wcStartDtPkr,Date,RadDateTimePicker,7,StartDt,Date,1,Date is required,0,NULL,0,NULL,NULL,NULL,NULL,NULL,NULL
2188,5234,57,wcReportedByCmb,Assessed By,RadComboBox,8,ReportedBy,Assessed By,1,Audited By is required,0,NULL,0,NULL,NULL,NULL,NULL,NULL,NULL
2189,5234,57,wcProjectCmb,Project,RadComboBox,9,Project,Project,1,Project is required,0,NULL,0,NULL,NULL,NULL,NULL,NULL,NULL
2190,5234,57,wcLocationIDRadCombo,Location,RadComboBox,10,LocType,Location,1,Location is required,0,NULL,0,NULL,NULL,NULL,NULL,NULL,NULL
2191,5234,57,wcLocationTB,Location Address,RadTextBox,11,LocAddr,Location Address,1,Location Address is required,0,NULL,0,NULL,NULL,NULL,NULL,NULL,NULL
2192,5234,57,wcSpecificLocTB,Specific Location Details,RadTextBox,12,LocDet,Specific Location Details,1,Specific location is required,0,NULL,0,NULL,NULL,NULL,NULL,NULL,NULL
2193,5234,57,wcEmpDivisionCmb,Division,RadComboBox,13,Division,Division,1,Division is required,0,NULL,0,NULL,NULL,NULL,NULL,NULL,NULL
2194,5234,57,wcEmpDeptCmb,Department,RadComboBox,14,Department,Department,1,Department is required,0,NULL,0,NULL,NULL,NULL,NULL,NULL,NULL
2195,5234,57,wcStatusCombo,Status,RadComboBox,15,Status,Status,1,Status is required,0,NULL,0,NULL,NULL,NULL,NULL,NULL,NULL
2196,5234,57,wcCommTB,Details,RadTextBox,16,Comm,Details,1,Details is required,0,NULL,0,NULL,NULL,NULL,NULL,NULL,NULL
2197,5234,57,wcAttachRPI,Attachments,SECTION,17,Attach,Attachments,1,N/A,0,NULL,0,wcAttachRPI,NULL,NULL,NULL,NULL,NULL
2198,5234,57,wcAttchRptr,List of Attachments,Repeater,18,Attach2,List of Attachments,1,,0,NULL,1,wcAttachRPI,NULL,NULL,NULL,NULL,NULL
2199,5234,57,wcReqmtRPI,Requirements,SECTION,19,Reqmt,Requirements,1,N/A,0,NULL,0,wcReqmtRPI,NULL,NULL,NULL,NULL,NULL
2200,5234,57,wcReqPolRadLB,Relevant Policies,RadListBox,20,ReqPol,Relevant Policies,1,Relevant Policies is required,0,NULL,0,wcReqmtRPI,NULL,NULL,NULL,NULL,NULL
2201,5234,57,wcReqLegsRadLB,Relevant Legislation,RadListBox,21,ReqLegs,Relevant Legislation,1,Relevant Legislation is required,0,NULL,0,wcReqmtRPI,NULL,NULL,NULL,NULL,NULL
2202,5234,57,wcDetRespApvRPI,Responsibilities and Approval,SECTION,22,DetRespApv,Responsibilities and Approval,1,N/A,0,NULL,0,wcDetRespApvRPI,NULL,NULL,NULL,NULL,NULL
2203,5234,57,wcWHSRespCmb,WHS Role Responsible,RadComboBox,23,WHSResp,WHS Role Responsible,1,WHS Role Responsible is required,0,NULL,0,wcDetRespApvRPI,NULL,NULL,NULL,NULL,NULL
2204,5234,57,wcRespCombo,Person Responsible,RadComboBox,24,PersonResp,Person Responsible,1,Person Responsible is required,0,NULL,0,wcDetRespApvRPI,NULL,NULL,NULL,NULL,NULL
2205,5234,57,wcCheckedByLbl,Checked By,Label,25,CheckedBy,Checked By,1,N/A,0,NULL,0,wcDetRespApvRPI,NULL,NULL,NULL,NULL,NULL
2206,5234,57,wcReviewedByLabel,Reviewed By,Label,26,ReviewedBy,Reviewed By,1,N/A,0,NULL,0,wcDetRespApvRPI,NULL,NULL,NULL,NULL,NULL
2207,5234,57,wcNextReviewPkr,Next Review Date,RadDatePicker,27,NextReview,Next Review Date,1,Next review date is required,0,NULL,0,wcDetRespApvRPI,NULL,NULL,NULL,NULL,NULL
2208,5234,57,wcAuthoriseLabel,Authorised By,Label,28,Authorise,Authorised By,1,N/A,0,NULL,0,wcDetRespApvRPI,NULL,NULL,NULL,NULL,NULL
2209,5234,57,wcApproveLabel,Approved By,Label,29,Approve,Approved By,1,N/A,0,NULL,0,wcDetRespApvRPI,NULL,NULL,NULL,NULL,NULL
2210,5234,67,wcIDTB,Induction ID,RadTextBox,2,ID,Induction ID,1,Induction ID is required,1,NULL,0,NULL,NULL,NULL,NULL,NULL,NULL
2211,5234,67,wcTitleTB,Induction Title,RadTextBox,3,Title,Induction Title,1,Induction Title is required,1,NULL,0,NULL,NULL,NULL,NULL,NULL,NULL
2212,5234,67,wcDescTB,Induction Description,RadTextBox,4,Desc,Induction Description,0,Induction Description is required,0,NULL,0,NULL,NULL,NULL,NULL,NULL,NULL
2213,5234,67,wcRegRecTypeCombo,Induction Type,RadComboBox,5,Type,Induction Type,0,Induction Type is required,0,NULL,0,NULL,NULL,NULL,NULL,NULL,NULL
2214,5234,67,wcRegRecSubTypeCombo,Induction Sub-Type,RadComboBox,6,SubType,Induction Sub-Type,0,Induction Sub-Type is required,0,NULL,0,NULL,NULL,NULL,NULL,NULL,NULL
2215,5234,67,wcStartDtPkr,Induction Date,RadDateTimePicker,7,StartDt,Induction Date,1,Induction Date is required,0,NULL,0,NULL,NULL,NULL,NULL,NULL,NULL
2216,5234,67,wcReportedByCmb,Person Inducted,RadComboBox,8,ReportedBy,Person Inducted,0,Person Inducted is required,0,NULL,0,NULL,NULL,NULL,NULL,NULL,NULL
2217,5234,67,wcProjectCmb,Project,RadComboBox,9,Project,Project,0,Project is required,0,NULL,0,NULL,NULL,NULL,NULL,NULL,NULL
2218,5234,67,wcReportsTo,Audited By Employee ID,RadComboBox,10,ReportsTo,Audited By Employee ID,1,Audited By Employee ID is required,0,NULL,0,NULL,NULL,NULL,NULL,NULL,NULL
2219,5234,67,wcLocationIDRadCombo,Induction Location,RadComboBox,11,LocType,Induction Location,0,Induction Location is required,0,NULL,0,NULL,NULL,NULL,NULL,NULL,NULL
2220,5234,67,wcLocationTB,Induction Address,RadTextBox,12,LocAddr,Induction Address,0,Induction Address is required,0,NULL,0,NULL,NULL,NULL,NULL,NULL,NULL
2221,5234,67,wcSpecificLocTB,Induction Specific Location Details,RadTextBox,13,LocDet,Induction Specific Location Details,0,Specific location is required,0,NULL,0,NULL,NULL,NULL,NULL,NULL,NULL
2222,5234,67,wcEmpDivisionCmb,Division,RadComboBox,14,Division,Division,0,Division is required,0,NULL,0,NULL,NULL,NULL,NULL,NULL,NULL
2223,5234,67,wcEmpDeptCmb,Department,RadComboBox,15,Department,Department,0,Department is required,0,NULL,0,NULL,NULL,NULL,NULL,NULL,NULL
2224,5234,67,wcStatusCombo,Induction Status,RadComboBox,16,Status,Induction Status,1,Induction Status is required,0,NULL,0,NULL,NULL,NULL,NULL,NULL,NULL
2225,5234,67,wcCommTB,Induction Details,RadTextBox,17,Comm,Induction Details,0,Induction Details is required,0,NULL,0,NULL,NULL,NULL,NULL,NULL,NULL
2226,5234,67,wcAttachRPI,Attachments,SECTION,18,Attach,Attachments,0,N/A,0,NULL,0,wcAttachRPI,NULL,NULL,NULL,NULL,NULL
2227,5234,67,wcAttchRptr,List of Attachments,Repeater,19,Attach2,List of Attachments,0,,0,NULL,1,wcAttachRPI,NULL,NULL,NULL,NULL,NULL
2228,5234,67,wcReqmtRPI,Requirements,SECTION,20,Reqmt,Requirements,0,N/A,0,NULL,0,wcReqmtRPI,NULL,NULL,NULL,NULL,NULL
2229,5234,67,wcReqPolRadLB,Relevant Policies,RadListBox,21,ReqPol,Relevant Policies,0,Relevant Policies is required,0,NULL,0,wcReqmtRPI,NULL,NULL,NULL,NULL,NULL
2230,5234,67,wcReqLegsRadLB,Relevant Legislation,RadListBox,22,ReqLegs,Relevant Legislation,0,Relevant Legislation is required,0,NULL,0,wcReqmtRPI,NULL,NULL,NULL,NULL,NULL
2231,5234,67,wcDetRespApvRPI,Responsibilities and Approval,SECTION,23,DetRespApv,Responsibilities and Approval,0,N/A,0,NULL,0,wcDetRespApvRPI,NULL,NULL,NULL,NULL,NULL
2232,5234,67,wcWHSRespCmb,WHS Role Responsible,RadComboBox,24,WHSResp,WHS Role Responsible,0,WHS Role Responsible is required,0,NULL,0,wcDetRespApvRPI,NULL,NULL,NULL,NULL,NULL
2233,5234,67,wcRespCombo,Person Responsible,RadComboBox,25,PersonResp,Person Responsible,0,Person Responsible is required,0,NULL,0,wcDetRespApvRPI,NULL,NULL,NULL,NULL,NULL
2234,5234,67,wcCheckedByLbl,Checked By,Label,26,CheckedBy,Checked By,0,N/A,0,NULL,0,wcDetRespApvRPI,NULL,NULL,NULL,NULL,NULL
2235,5234,67,wcReviewedByLabel,Reviewed By,Label,27,ReviewedBy,Reviewed By,0,N/A,0,NULL,0,wcDetRespApvRPI,NULL,NULL,NULL,NULL,NULL
2236,5234,67,wcNextReviewPkr,Next Review Date,RadDatePicker,28,NextReview,Next Review Date,0,Next review date is required,0,NULL,0,wcDetRespApvRPI,NULL,NULL,NULL,NULL,NULL
2237,5234,67,wcAuthoriseLabel,Authorised By,Label,29,Authorise,Authorised By,0,N/A,0,NULL,0,wcDetRespApvRPI,NULL,NULL,NULL,NULL,NULL
2238,5234,67,wcApproveLabel,Approved By,Label,30,Approve,Approved By,0,N/A,0,NULL,0,wcDetRespApvRPI,NULL,NULL,NULL,NULL,NULL
2239,1060,59,wcIDTB,Risk Number,RadTextBox,1,ID,Risk Number,1,Risk # is required,1,NULL,0,NULL,NULL,NULL,NULL,NULL,NULL
2240,1060,59,wcTitleTB,Risk Title,RadTextBox,2,Title,Risk Title,1,Risk Title is required,1,NULL,0,NULL,NULL,NULL,NULL,NULL,NULL
2241,1060,59,wcStartDtPkr,Date Risk Created,RadDateTimePicker,3,StartDt,Date Risk Created,1,Date Risk Created is required,0,NULL,0,NULL,NULL,NULL,NULL,NULL,NULL
2242,1060,59,wcLocationIDRadCombo,Location,RadComboBox,4,LocType,Location,0,Location is required,0,NULL,0,NULL,NULL,NULL,NULL,NULL,NULL
2243,1060,59,wcLocationTB,Address,RadTextBox,5,LocAddr,Address,0,Location Address is required,0,NULL,0,NULL,NULL,NULL,NULL,NULL,NULL
2244,1060,59,wcSpecificLocTB,Specific Location Details,RadTextBox,6,LocDet,Specific Location Details,0,Specific location is required,0,NULL,0,NULL,NULL,NULL,NULL,NULL,NULL
2245,1060,59,wcPersonRespCmb,Audited By,RadComboBox,7,PersonResp,Audited By,0,Audited By is required,0,NULL,0,NULL,NULL,NULL,NULL,NULL,NULL
2246,1060,59,wcAttachUpld,Attachments,RadAsyncUpload,8,AttachUpld,Attachments,0,Attachments is required,0,NULL,0,NULL,NULL,NULL,NULL,NULL,NULL
2247,1060,59,wcDescTB,Description,RadTextBox,9,Desc,Description,0,Description is required,0,NULL,0,wcOtherDetRPI,NULL,NULL,NULL,NULL,NULL
2248,1060,59,wcRegRecTypeCombo,Type,RadComboBox,10,Type,Type,0,Type is required,0,NULL,0,wcOtherDetRPI,NULL,NULL,NULL,NULL,NULL
2249,1060,59,wcRegRecSubTypeCombo,Sub-Type,RadComboBox,11,SubType,Sub-Type,0,Sub-Type is required,0,NULL,0,wcOtherDetRPI,NULL,NULL,NULL,NULL,NULL
2250,1060,59,wcCommTB,Other Details,RadTextBox,12,Comm,Other Details,0,Details is required,0,NULL,0,wcOtherDetRPI,NULL,NULL,NULL,NULL,NULL
2251,1060,59,wcContractorCompanyCMB,Contractor,RadComboBox,13,Contractor,Contractor,0,Contractor is required,0,NULL,0,wcOtherDetRPI,NULL,NULL,NULL,NULL,NULL
2252,1060,59,wcDivisionCmb,Division,RadComboBox,14,Division,Division,1,Division is required,0,NULL,0,wcOtherDetRPI,NULL,NULL,NULL,NULL,NULL
2253,1060,59,wcDepartmentCmb,Department,RadComboBox,15,Department,Department,0,Department is required,0,NULL,0,wcOtherDetRPI,NULL,NULL,NULL,NULL,NULL
2254,1060,59,wcStatusCombo,Status,RadComboBox,16,Status,Status,0,Status is required,0,NULL,0,wcOtherDetRPI,NULL,NULL,NULL,NULL,NULL
2255,1061,60,wcIDTB,Finding Ref # is required,RadTextBox,1,ID,Finding Ref # is required,1,Finding Ref # is required,1,NULL,0,NULL,NULL,NULL,NULL,NULL,NULL
2256,1061,60,wcTitleTB,IA Review,RadTextBox,2,Title,IA Review,1,IA Review is required,1,NULL,0,NULL,NULL,NULL,NULL,NULL,NULL
2257,1061,60,wcStartDtPkr,Date Risk Created,RadDateTimePicker,3,StartDt,Date Risk Created,0,Date Risk Created is required,0,NULL,0,NULL,NULL,NULL,NULL,NULL,NULL
2258,1061,60,wcLocationIDRadCombo,Location,RadComboBox,4,LocType,Location,0,Location is required,0,NULL,0,NULL,NULL,NULL,NULL,NULL,NULL
2259,1061,60,wcLocationTB,Address,RadTextBox,5,LocAddr,Address,0,Location Address is required,0,NULL,0,NULL,NULL,NULL,NULL,NULL,NULL
2260,1061,60,wcSpecificLocTB,Specific Location Details,RadTextBox,6,LocDet,Specific Location Details,0,Specific location is required,0,NULL,0,NULL,NULL,NULL,NULL,NULL,NULL
2261,1061,60,wcPersonRespCmb,Audited By,RadComboBox,7,PersonResp,Audited By,1,Audited By is required,0,NULL,0,NULL,NULL,NULL,NULL,NULL,NULL
2262,1061,60,wcAttachUpld,Attachments,RadAsyncUpload,8,AttachUpld,Attachments,1,Attachments is required,0,NULL,0,NULL,NULL,NULL,NULL,NULL,NULL
2263,1061,60,wcDescTB,Description,RadTextBox,9,Desc,Description,0,Description is required,0,NULL,0,wcOtherDetRPI,NULL,NULL,NULL,NULL,NULL
2264,1061,60,wcRegRecTypeCombo,Type,RadComboBox,10,Type,Type,0,Type is required,0,NULL,0,wcOtherDetRPI,NULL,NULL,NULL,NULL,NULL
2265,1061,60,wcRegRecSubTypeCombo,Sub-Type,RadComboBox,11,SubType,Sub-Type,0,Sub-Type is required,0,NULL,0,wcOtherDetRPI,NULL,NULL,NULL,NULL,NULL
2266,1061,60,wcCommTB,Other Details,RadTextBox,12,Comm,Other Details,0,Details is required,0,NULL,0,wcOtherDetRPI,NULL,NULL,NULL,NULL,NULL
2267,1061,60,wcContractorCompanyCMB,Contractor,RadComboBox,13,Contractor,Contractor,0,Contractor is required,0,NULL,0,wcOtherDetRPI,NULL,NULL,NULL,NULL,NULL
2268,1061,60,wcDivisionCmb,Division,RadComboBox,14,Division,Division,1,Division is required,0,NULL,0,wcOtherDetRPI,NULL,NULL,NULL,NULL,NULL
2269,1061,60,wcDepartmentCmb,Department,RadComboBox,15,Department,Department,0,Department is required,0,NULL,0,wcOtherDetRPI,NULL,NULL,NULL,NULL,NULL
2270,1061,60,wcStatusCombo,Status,RadComboBox,16,Status,Status,1,Status is required,0,NULL,0,wcOtherDetRPI,NULL,NULL,NULL,NULL,NULL
2271,5234,61,wcIDTB,Risk Number,RadTextBox,2,ID,Risk Number,1,Risk # is required,1,NULL,0,NULL,NULL,NULL,NULL,NULL,NULL
2272,5234,61,wcTitleTB,Risk Description,RadTextBox,3,Title,Risk Description,1,Risk Description is required,1,NULL,0,NULL,NULL,NULL,NULL,NULL,NULL
2273,5234,61,wcDescTB,Description,RadTextBox,4,Desc,Description,0,Description is required,0,NULL,0,NULL,NULL,NULL,NULL,NULL,NULL
2274,5234,61,wcRegRecTypeCombo,Type,RadComboBox,5,Type,Type,0,Type is required,0,NULL,0,NULL,NULL,NULL,NULL,NULL,NULL
2275,5234,61,wcRegRecSubTypeCombo,Sub-Type,RadComboBox,6,SubType,Sub-Type,0,Sub-Type is required,0,NULL,0,NULL,NULL,NULL,NULL,NULL,NULL
2276,5234,61,wcStartDtPkr,Date,RadDateTimePicker,7,StartDt,Date,1,Date is required,0,NULL,0,NULL,NULL,NULL,NULL,NULL,NULL
2277,5234,61,wcReportedByCmb,Reported By,RadComboBox,8,ReportedBy,Reported By,0,Audited By is required,0,NULL,0,NULL,NULL,NULL,NULL,NULL,NULL
2278,5234,61,wcProjectCmb,Project,RadComboBox,9,Project,Project,0,Project is required,0,NULL,0,NULL,NULL,NULL,NULL,NULL,NULL
2279,5234,61,wcLocationIDRadCombo,Location,RadComboBox,10,LocType,Location,0,Location is required,0,NULL,0,NULL,NULL,NULL,NULL,NULL,NULL
2280,5234,61,wcLocationTB,Location Address,RadTextBox,11,LocAddr,Location Address,0,Location Address is required,0,NULL,0,NULL,NULL,NULL,NULL,NULL,NULL
2281,5234,61,wcSpecificLocTB,Specific Location Details,RadTextBox,12,LocDet,Specific Location Details,0,Specific location is required,0,NULL,0,NULL,NULL,NULL,NULL,NULL,NULL
2282,5234,61,wcEmpDivisionCmb,Division,RadComboBox,13,Division,Division,0,Division is required,0,NULL,0,NULL,NULL,NULL,NULL,NULL,NULL
2283,5234,61,wcEmpDeptCmb,Department,RadComboBox,14,Department,Department,0,Department is required,0,NULL,0,NULL,NULL,NULL,NULL,NULL,NULL
2284,5234,61,wcStatusCombo,Status,RadComboBox,15,Status,Status,1,Status is required,0,NULL,0,NULL,NULL,NULL,NULL,NULL,NULL
2285,5234,61,wcCommTB,Details,RadTextBox,16,Comm,Details,0,Details is required,0,NULL,0,NULL,NULL,NULL,NULL,NULL,NULL
2286,5234,61,wcAttachRPI,Attachments,SECTION,17,Attach,Attachments,0,N/A,0,NULL,0,wcAttachRPI,NULL,NULL,NULL,NULL,NULL
2287,5234,61,wcAttchRptr,List of Attachments,Repeater,18,Attach2,List of Attachments,0,,0,NULL,1,wcAttachRPI,NULL,NULL,NULL,NULL,NULL
2288,5234,61,wcReqmtRPI,Requirements,SECTION,19,Reqmt,Requirements,0,N/A,0,NULL,0,wcReqmtRPI,NULL,NULL,NULL,NULL,NULL
2289,5234,61,wcReqPolRadLB,Relevant Policies,RadListBox,20,ReqPol,Relevant Policies,0,Relevant Policies is required,0,NULL,0,wcReqmtRPI,NULL,NULL,NULL,NULL,NULL
2290,5234,61,wcReqLegsRadLB,Relevant Legislation,RadListBox,21,ReqLegs,Relevant Legislation,0,Relevant Legislation is required,0,NULL,0,wcReqmtRPI,NULL,NULL,NULL,NULL,NULL
2291,5234,61,wcDetRespApvRPI,Responsibilities and Approval,SECTION,22,DetRespApv,Responsibilities and Approval,0,N/A,0,NULL,0,wcDetRespApvRPI,NULL,NULL,NULL,NULL,NULL
2292,5234,61,wcWHSRespCmb,WHS Role Responsible,RadComboBox,23,WHSResp,WHS Role Responsible,0,WHS Role Responsible is required,0,NULL,0,wcDetRespApvRPI,NULL,NULL,NULL,NULL,NULL
2293,5234,61,wcRespCombo,Person Responsible,RadComboBox,24,PersonResp,Person Responsible,0,Person Responsible is required,0,NULL,0,wcDetRespApvRPI,NULL,NULL,NULL,NULL,NULL
2294,5234,61,wcCheckedByLbl,Checked By,Label,25,CheckedBy,Checked By,0,N/A,0,NULL,0,wcDetRespApvRPI,NULL,NULL,NULL,NULL,NULL
2295,5234,61,wcReviewedByLabel,Reviewed By,Label,26,ReviewedBy,Reviewed By,0,N/A,0,NULL,0,wcDetRespApvRPI,NULL,NULL,NULL,NULL,NULL
2296,5234,61,wcNextReviewPkr,Next Review Date,RadDatePicker,27,NextReview,Next Review Date,0,Next review date is required,0,NULL,0,wcDetRespApvRPI,NULL,NULL,NULL,NULL,NULL
2297,5234,61,wcAuthoriseLabel,Authorised By,Label,28,Authorise,Authorised By,0,N/A,0,NULL,0,wcDetRespApvRPI,NULL,NULL,NULL,NULL,NULL
2298,5234,61,wcApproveLabel,Approved By,Label,29,Approve,Approved By,0,N/A,0,NULL,0,wcDetRespApvRPI,NULL,NULL,NULL,NULL,NULL
2299,5234,13,wcProjectsPanel,Active Linked Projects,SECTION,999,Projects,Active Linked Projects,1,N/A,0,NULL,0,wcProjectsPanel,NULL,Projects,NULL,NULL,Projects
2300,5234,21,wcProjectsPanel,Active Linked Projects,SECTION,999,Projects,Active Linked Projects,1,N/A,0,NULL,0,wcProjectsPanel,NULL,Projects,NULL,NULL,Projects
2301,5234,24,wcProjectsPanel,Active Linked Projects,SECTION,999,Projects,Active Linked Projects,1,N/A,0,NULL,0,wcProjectsPanel,NULL,Projects,NULL,NULL,Projects
2302,5234,27,wcProjectsPanel,Active Linked Projects,SECTION,999,Projects,Active Linked Projects,1,N/A,0,NULL,0,wcProjectsPanel,NULL,Projects,NULL,NULL,Projects
2303,5234,28,wcProjectsPanel,Active Linked Projects,SECTION,999,Projects,Active Linked Projects,1,N/A,0,NULL,0,wcProjectsPanel,NULL,Projects,NULL,NULL,Projects
2304,5234,29,wcProjectsPanel,Active Linked Projects,SECTION,999,Projects,Active Linked Projects,1,N/A,0,NULL,0,wcProjectsPanel,NULL,Projects,NULL,NULL,Projects
2305,5234,30,wcProjectsPanel,Active Linked Projects,SECTION,999,Projects,Active Linked Projects,1,N/A,0,NULL,0,wcProjectsPanel,NULL,Projects,NULL,NULL,Projects
2306,5234,31,wcProjectsPanel,Active Linked Projects,SECTION,999,Projects,Active Linked Projects,1,N/A,0,NULL,0,wcProjectsPanel,NULL,Projects,NULL,NULL,Projects
2307,5234,44,wcProjectsPanel,Active Linked Projects,SECTION,999,Projects,Active Linked Projects,1,N/A,0,NULL,0,wcProjectsPanel,NULL,Projects,NULL,NULL,Projects
2308,5234,45,wcProjectsPanel,Active Linked Projects,SECTION,999,Projects,Active Linked Projects,1,N/A,0,NULL,0,wcProjectsPanel,NULL,Projects,NULL,NULL,Projects
2309,5234,46,wcProjectsPanel,Active Linked Projects,SECTION,999,Projects,Active Linked Projects,1,N/A,0,NULL,0,wcProjectsPanel,NULL,Projects,NULL,NULL,Projects
2310,5234,47,wcProjectsPanel,Active Linked Projects,SECTION,999,Projects,Active Linked Projects,1,N/A,0,NULL,0,wcProjectsPanel,NULL,Projects,NULL,NULL,Projects
2311,5234,50,wcProjectsPanel,Active Linked Projects,SECTION,999,Projects,Active Linked Projects,1,N/A,0,NULL,0,wcProjectsPanel,NULL,Projects,NULL,NULL,Projects
2312,5234,67,wcProjectsPanel,Active Linked Projects,SECTION,999,Projects,Active Linked Projects,1,N/A,0,NULL,0,wcProjectsPanel,NULL,Projects,NULL,NULL,Projects
2313,5234,61,wcProjectsPanel,Active Linked Projects,SECTION,999,Projects,Active Linked Projects,1,N/A,0,NULL,0,wcProjectsPanel,NULL,Projects,NULL,NULL,Projects
2315,5234,61,wcCreatedBy,CreatedBy,API,999,CreatedByName,Created By,1,NULL,0,NULL,0,NULL,NULL,Pest Growth Stage,NULL,NULL,NULL
2316,5234,61,wcCreatedDate,CreatedDate,API,999,CreatedDate,Created Date,1,NULL,0,NULL,0,NULL,NULL,Withholding Period Before Harvest,NULL,NULL,NULL
2317,5234,60,wcCreatedDate,CreatedDate,API,999,CreatedDate,Created Date,1,NULL,0,NULL,0,NULL,NULL,Withholding Period Before Harvest,NULL,NULL,NULL
2318,5234,60,wcCreatedBy,CreatedBy,API,999,CreatedByName,Created By,1,NULL,0,NULL,0,NULL,NULL,Pest Growth Stage,NULL,NULL,NULL
2319,1066,62,wcIDTB,ID,RadTextBox,1,ID,ID,1,ID is required,1,NULL,0,NULL,NULL,InternalNo,NULL,NULL,NULL
2320,1066,62,wcTitleTB,Audit Title,RadTextBox,2,Title,Audit Title,1,Audit Title is required,1,NULL,0,NULL,NULL,TitleDesc,NULL,NULL,NULL
2321,1066,62,wcStartDtPkr,Date,RadDateTimePicker,3,StartDt,Date,1,Date is required,0,NULL,0,NULL,NULL,StartDt,NULL,NULL,NULL
2322,1066,62,wcLocationIDRadCombo,Location,RadComboBox,4,LocType,Location,1,Location is required,0,NULL,0,NULL,NULL,LocationName,NULL,NULL,NULL
2323,1066,62,wcLocationTB,Address,RadTextBox,5,LocAddr,Address,1,Location Address is required,0,NULL,0,NULL,NULL,LocationAddr,NULL,NULL,NULL
2324,1066,62,wcSpecificLocTB,Specific Location Details,RadTextBox,6,LocDet,Specific Location Details,1,Specific location is required,0,NULL,0,NULL,NULL,LocationDet,NULL,NULL,NULL
2325,1066,62,wcPersonRespCmb,Audited By,RadComboBox,7,PersonResp,Audited By,1,Audited By is required,0,NULL,0,NULL,NULL,ReportedByID,NULL,NULL,NULL
2326,1066,62,wcAttachUpld,Attachments,RadAsyncUpload,9,AttachUpld,Attachments,1,Attachments is required,0,NULL,0,NULL,NULL,Attachments,NULL,NULL,NULL
2327,1066,62,wcDescTB,Description,RadTextBox,10,Desc,Description,1,Description is required,0,NULL,0,wcOtherDetRPI,NULL,ExtDesc,NULL,NULL,NULL
2328,1066,62,wcRegRecTypeCombo,Type,RadComboBox,11,Type,Type,1,Type is required,0,NULL,0,wcOtherDetRPI,NULL,OthTypeID,NULL,NULL,NULL
2329,1066,62,wcRegRecSubTypeCombo,Sub-Type,RadComboBox,12,SubType,Sub-Type,1,Sub-Type is required,0,NULL,0,wcOtherDetRPI,NULL,OthSubTypeID,NULL,NULL,NULL
2330,1066,62,wcCommTB,Other Details,RadTextBox,13,Comm,Other Details,1,Details is required,0,NULL,0,wcOtherDetRPI,NULL,Comments,NULL,NULL,NULL
2331,1066,62,wcContractorCompanyCMB,Contractor,RadComboBox,14,Contractor,Contractor,0,Contractor is required,0,NULL,0,wcOtherDetRPI,NULL,StoreContractorID,NULL,NULL,NULL
2332,1066,62,wcDivisionCmb,Division,RadComboBox,15,Division,Division,0,Division is required,0,NULL,0,wcOtherDetRPI,NULL,DivisionID,NULL,NULL,NULL
2333,1066,62,wcDepartmentCmb,Department,RadComboBox,16,Department,Department,0,Department is required,0,NULL,0,wcOtherDetRPI,NULL,DepartmentID,NULL,NULL,NULL
2334,1066,62,wcStatusCombo,Status,RadComboBox,18,Status,Status,0,Status is required,0,NULL,0,wcOtherDetRPI,NULL,StatusID,NULL,NULL,NULL
2335,1066,62,wcReportsTo,Person Responsible,RadComboBox,8,ReportsTo,Person Responsible,1,Person Responsible is required,0,NULL,0,NULL,NULL,ResponsibleID,NULL,NULL,NULL
2336,1066,62,wcProgrammeCmb,Programme,RadComboBox,17,Programme,Programme,0,Programme is required,0,NULL,0,wcOtherDetRPI,NULL,Authorised By,NULL,NULL,NULL
2337,755,63,wcIDTB,ID,RadTextBox,1,ID,ID,1,ID is required,1,NULL,0,NULL,NULL,InternalNo,NULL,NULL,NULL
2338,755,63,wcTitleTB,Audit Title,RadTextBox,2,Title,Audit Title,1,Audit Title is required,1,NULL,0,NULL,NULL,TitleDesc,NULL,NULL,NULL
2339,755,63,wcStartDtPkr,Date,RadDateTimePicker,3,StartDt,Date,1,Date is required,0,NULL,0,NULL,NULL,StartDt,NULL,NULL,NULL
2340,755,63,wcLocationIDRadCombo,Location,RadComboBox,4,LocType,Location,1,Location is required,0,NULL,0,NULL,NULL,LocationName,NULL,NULL,NULL
2341,755,63,wcLocationTB,Address,RadTextBox,5,LocAddr,Address,1,Location Address is required,0,NULL,0,NULL,NULL,LocationAddr,NULL,NULL,NULL
2342,755,63,wcSpecificLocTB,Specific Location Details,RadTextBox,6,LocDet,Specific Location Details,1,Specific location is required,0,NULL,0,NULL,NULL,LocationDet,NULL,NULL,NULL
2343,755,63,wcPersonRespCmb,Audited By,RadComboBox,7,PersonResp,Audited By,1,Audited By is required,0,NULL,0,NULL,NULL,ReportedByID,NULL,NULL,NULL
2344,755,63,wcAttachUpld,Attachments,RadAsyncUpload,9,AttachUpld,Attachments,1,Attachments is required,0,NULL,0,NULL,NULL,Attachments,NULL,NULL,NULL
2345,755,63,wcDescTB,Description,RadTextBox,10,Desc,Description,1,Description is required,0,NULL,0,wcOtherDetRPI,NULL,ExtDesc,NULL,NULL,NULL
2346,755,63,wcRegRecTypeCombo,Type,RadComboBox,11,Type,Type,1,Type is required,0,NULL,0,wcOtherDetRPI,NULL,OthTypeID,NULL,NULL,NULL
2347,755,63,wcRegRecSubTypeCombo,Sub-Type,RadComboBox,12,SubType,Sub-Type,1,Sub-Type is required,0,NULL,0,wcOtherDetRPI,NULL,OthSubTypeID,NULL,NULL,NULL
2348,755,63,wcCommTB,Other Details,RadTextBox,13,Comm,Other Details,1,Details is required,0,NULL,0,wcOtherDetRPI,NULL,Comments,NULL,NULL,NULL
2349,755,63,wcContractorCompanyCMB,Contractor,RadComboBox,14,Contractor,Contractor,0,Contractor is required,0,NULL,0,wcOtherDetRPI,NULL,StoreContractorID,NULL,NULL,NULL
2350,755,63,wcDivisionCmb,Division,RadComboBox,15,Division,Division,0,Division is required,0,NULL,0,wcOtherDetRPI,NULL,DivisionID,NULL,NULL,NULL
2351,755,63,wcDepartmentCmb,Department,RadComboBox,16,Department,Department,0,Department is required,0,NULL,0,wcOtherDetRPI,NULL,DepartmentID,NULL,NULL,NULL
2352,755,63,wcStatusCombo,Status,RadComboBox,18,Status,Status,0,Status is required,0,NULL,0,wcOtherDetRPI,NULL,StatusID,NULL,NULL,NULL
2353,755,63,wcReportsTo,Person Responsible,RadComboBox,8,ReportsTo,Person Responsible,1,Person Responsible is required,0,NULL,0,NULL,NULL,ResponsibleID,NULL,NULL,NULL
2354,755,63,wcProgrammeCmb,Programme,RadComboBox,17,Programme,Programme,0,Programme is required,0,NULL,0,wcOtherDetRPI,NULL,Authorised By,NULL,NULL,NULL
2355,924,22,wcProjectCombo,Project,RadComboBox,19,Project,Project,0,Project is required,0,NULL,0,wcOtherDetRPI,NULL,Projectid,NULL,NULL,Project
2357,922,20,wcProjectCombo,Project,RadComboBox,19,Project,Project,0,Project is required,0,NULL,0,wcOtherDetRPI,NULL,Projectid,NULL,NULL,Project
2358,1064,63,wcIDTB,ID,RadTextBox,1,ID,ID,1,ID is required,1,NULL,0,NULL,NULL,InternalNo,NULL,NULL,NULL
2359,1064,63,wcTitleTB,Audit Title,RadTextBox,2,Title,Audit Title,1,Audit Title is required,1,NULL,0,NULL,NULL,TitleDesc,NULL,NULL,NULL
2360,1064,63,wcStartDtPkr,Date,RadDateTimePicker,3,StartDt,Date,1,Date is required,0,NULL,0,NULL,NULL,StartDt,NULL,NULL,NULL
2361,1064,63,wcLocationIDRadCombo,Location,RadComboBox,4,LocType,Location,1,Location is required,0,NULL,0,NULL,NULL,LocationName,NULL,NULL,NULL
2362,1064,63,wcLocationTB,Address,RadTextBox,5,LocAddr,Address,1,Location Address is required,0,NULL,0,NULL,NULL,LocationAddr,NULL,NULL,NULL
2363,1064,63,wcSpecificLocTB,Specific Location Details,RadTextBox,6,LocDet,Specific Location Details,1,Specific location is required,0,NULL,0,NULL,NULL,LocationDet,NULL,NULL,NULL
2364,1064,63,wcPersonRespCmb,Audited By,RadComboBox,7,PersonResp,Audited By,1,Audited By is required,0,NULL,0,NULL,NULL,ReportedByID,NULL,NULL,NULL
2365,1064,63,wcAttachUpld,Attachments,RadAsyncUpload,9,AttachUpld,Attachments,1,Attachments is required,0,NULL,0,NULL,NULL,Attachments,NULL,NULL,NULL
2366,1064,63,wcDescTB,Description,RadTextBox,10,Desc,Description,1,Description is required,0,NULL,0,wcOtherDetRPI,NULL,ExtDesc,NULL,NULL,NULL
2367,1064,63,wcRegRecTypeCombo,Type,RadComboBox,11,Type,Type,1,Type is required,0,NULL,0,wcOtherDetRPI,NULL,OthTypeID,NULL,NULL,NULL
2368,1064,63,wcRegRecSubTypeCombo,Sub-Type,RadComboBox,12,SubType,Sub-Type,1,Sub-Type is required,0,NULL,0,wcOtherDetRPI,NULL,OthSubTypeID,NULL,NULL,NULL
2369,1064,63,wcCommTB,Other Details,RadTextBox,13,Comm,Other Details,1,Details is required,0,NULL,0,wcOtherDetRPI,NULL,Comments,NULL,NULL,NULL
2370,1064,63,wcContractorCompanyCMB,Contractor,RadComboBox,14,Contractor,Contractor,0,Contractor is required,0,NULL,0,wcOtherDetRPI,NULL,StoreContractorID,NULL,NULL,NULL
2371,1064,63,wcDivisionCmb,Division,RadComboBox,15,Division,Division,0,Division is required,0,NULL,0,wcOtherDetRPI,NULL,DivisionID,NULL,NULL,NULL
2372,1064,63,wcDepartmentCmb,Department,RadComboBox,16,Department,Department,0,Department is required,0,NULL,0,wcOtherDetRPI,NULL,DepartmentID,NULL,NULL,NULL
2373,1064,63,wcStatusCombo,Status,RadComboBox,18,Status,Status,0,Status is required,0,NULL,0,wcOtherDetRPI,NULL,StatusID,NULL,NULL,NULL
2374,1064,63,wcReportsTo,Person Responsible,RadComboBox,8,ReportsTo,Person Responsible,1,Person Responsible is required,0,NULL,0,NULL,NULL,ResponsibleID,NULL,NULL,NULL
2375,1064,63,wcProgrammeCmb,Programme,RadComboBox,17,Programme,Programme,0,Programme is required,0,NULL,0,wcOtherDetRPI,NULL,Authorised By,NULL,NULL,NULL
2376,1064,63,wcProjectCombo,Project,RadComboBox,19,Project,Project,0,Project is required,0,NULL,0,wcOtherDetRPI,NULL,Projectid,NULL,NULL,Project
2377,1064,64,wcIDTB,ID,RadTextBox,1,ID,ID,1,ID is required,1,NULL,0,NULL,NULL,InternalNo,NULL,NULL,NULL
2378,1064,64,wcTitleTB,Audit Title,RadTextBox,2,Title,Audit Title,1,Audit Title is required,1,NULL,0,NULL,NULL,TitleDesc,NULL,NULL,NULL
2379,1064,64,wcStartDtPkr,Date,RadDateTimePicker,3,StartDt,Date,1,Date is required,0,NULL,0,NULL,NULL,StartDt,NULL,NULL,NULL
2380,1064,64,wcLocationIDRadCombo,Location,RadComboBox,4,LocType,Location,1,Location is required,0,NULL,0,NULL,NULL,LocationName,NULL,NULL,NULL
2381,1064,64,wcLocationTB,Address,RadTextBox,5,LocAddr,Address,1,Location Address is required,0,NULL,0,NULL,NULL,LocationAddr,NULL,NULL,NULL
2382,1064,64,wcSpecificLocTB,Specific Location Details,RadTextBox,6,LocDet,Specific Location Details,1,Specific location is required,0,NULL,0,NULL,NULL,LocationDet,NULL,NULL,NULL
2383,1064,64,wcPersonRespCmb,Audited By,RadComboBox,7,PersonResp,Audited By,1,Audited By is required,0,NULL,0,NULL,NULL,ReportedByID,NULL,NULL,NULL
2384,1064,64,wcAttachUpld,Attachments,RadAsyncUpload,9,AttachUpld,Attachments,1,Attachments is required,0,NULL,0,NULL,NULL,Attachments,NULL,NULL,NULL
2385,1064,64,wcDescTB,Description,RadTextBox,10,Desc,Description,1,Description is required,0,NULL,0,wcOtherDetRPI,NULL,ExtDesc,NULL,NULL,NULL
2386,1064,64,wcRegRecTypeCombo,Type,RadComboBox,11,Type,Type,1,Type is required,0,NULL,0,wcOtherDetRPI,NULL,OthTypeID,NULL,NULL,NULL
2387,1064,64,wcRegRecSubTypeCombo,Sub-Type,RadComboBox,12,SubType,Sub-Type,1,Sub-Type is required,0,NULL,0,wcOtherDetRPI,NULL,OthSubTypeID,NULL,NULL,NULL
2388,1064,64,wcCommTB,Other Details,RadTextBox,13,Comm,Other Details,1,Details is required,0,NULL,0,wcOtherDetRPI,NULL,Comments,NULL,NULL,NULL
2389,1064,64,wcContractorCompanyCMB,Contractor,RadComboBox,14,Contractor,Contractor,0,Contractor is required,0,NULL,0,wcOtherDetRPI,NULL,StoreContractorID,NULL,NULL,NULL
2390,1064,64,wcDivisionCmb,Division,RadComboBox,15,Division,Division,0,Division is required,0,NULL,0,wcOtherDetRPI,NULL,DivisionID,NULL,NULL,NULL
2391,1064,64,wcDepartmentCmb,Department,RadComboBox,16,Department,Department,0,Department is required,0,NULL,0,wcOtherDetRPI,NULL,DepartmentID,NULL,NULL,NULL
2392,1064,64,wcStatusCombo,Status,RadComboBox,18,Status,Status,0,Status is required,0,NULL,0,wcOtherDetRPI,NULL,StatusID,NULL,NULL,NULL
2393,1064,64,wcReportsTo,Person Responsible,RadComboBox,8,ReportsTo,Person Responsible,1,Person Responsible is required,0,NULL,0,NULL,NULL,ResponsibleID,NULL,NULL,NULL
2394,1064,64,wcProgrammeCmb,Programme,RadComboBox,17,Programme,Programme,0,Programme is required,0,NULL,0,wcOtherDetRPI,NULL,Authorised By,NULL,NULL,NULL
2395,1064,64,wcProjectCombo,Project,RadComboBox,19,Project,Project,0,Project is required,0,NULL,0,wcOtherDetRPI,NULL,Projectid,NULL,NULL,Project
2396,1054,56,wcIDTB,Induction ID,RadTextBox,1,ID,Induction ID,1,Induction ID is required,1,NULL,0,NULL,NULL,InternalNo,NULL,NULL,NULL
2397,1054,56,wcTitleTB,Induction Title,RadTextBox,2,Title,Induction Title,1,Induction Title is required,1,NULL,0,NULL,NULL,TitleDesc,NULL,NULL,NULL
2398,1054,56,wcStartDtPkr,Induction Date,RadDateTimePicker,3,StartDt,Induction Date,1,Induction Date is required,0,NULL,0,NULL,NULL,StartDt,NULL,NULL,NULL
2399,1054,56,wcLocationIDRadCombo,Induction Location,RadComboBox,4,LocType,Induction Location,1,Induction Location is required,0,NULL,0,NULL,NULL,LocationName,NULL,NULL,NULL
2400,1054,56,wcLocationTB,Induction Address,RadTextBox,5,LocAddr,Induction Address,1,Induction Address is required,0,NULL,0,NULL,NULL,LocationAddr,NULL,NULL,NULL
2401,1054,56,wcSpecificLocTB,Induction Specific Location Details,RadTextBox,6,LocDet,Induction Specific Location Details,1,Specific location is required,0,NULL,0,NULL,NULL,LocationDet,NULL,NULL,NULL
2402,1054,56,wcPersonRespCmb,Person Inducted,RadComboBox,7,PersonResp,Person Inducted,1,Person Inducted is required,0,NULL,0,NULL,NULL,ReportedByID,NULL,NULL,NULL
2403,1054,56,wcAttachUpld,Attachments,RadAsyncUpload,9,AttachUpld,Attachments,1,Attachments is required,0,NULL,0,NULL,NULL,Attachments,NULL,NULL,NULL
2404,1054,56,wcDescTB,Induction Description,RadTextBox,10,Desc,Induction Description,1,Induction Description is required,0,NULL,0,wcOtherDetRPI,NULL,ExtDesc,NULL,NULL,NULL
2405,1054,56,wcRegRecTypeCombo,Induction Type,RadComboBox,11,Type,Induction Type,1,Induction Type is required,0,NULL,0,wcOtherDetRPI,NULL,OthTypeID,NULL,NULL,NULL
2406,1054,56,wcRegRecSubTypeCombo,Induction Sub-Type,RadComboBox,12,SubType,Induction Sub-Type,1,Induction Sub-Type is required,0,NULL,0,wcOtherDetRPI,NULL,OthSubTypeID,NULL,NULL,NULL
2407,1054,56,wcCommTB,Induction Details,RadTextBox,13,Comm,Induction Details,1,Induction Details is required,0,NULL,0,wcOtherDetRPI,NULL,Comments,NULL,NULL,NULL
2408,1054,56,wcContractorCompanyCMB,Contractor,RadComboBox,14,Contractor,Contractor,0,Contractor is required,0,NULL,0,wcOtherDetRPI,NULL,StoreContractorID,NULL,NULL,NULL
2409,1054,56,wcDivisionCmb,Division,RadComboBox,15,Division,Division,0,Division is required,0,NULL,0,wcOtherDetRPI,NULL,DivisionID,NULL,NULL,NULL
2410,1054,56,wcDepartmentCmb,Department,RadComboBox,16,Department,Department,0,Department is required,0,NULL,0,wcOtherDetRPI,NULL,DepartmentID,NULL,NULL,NULL
2411,1054,56,wcStatusCombo,Induction Status,RadComboBox,18,Status,Induction Status,0,Induction Status is required,0,NULL,0,wcOtherDetRPI,NULL,StatusID,NULL,NULL,NULL
2412,1054,56,wcReportsTo,Person Responsible,RadComboBox,8,ReportsTo,Person Responsible,1,Person Responsible is required,0,NULL,0,NULL,NULL,ResponsibleID,NULL,NULL,NULL
2413,1054,56,wcProgrammeCmb,Programme,RadComboBox,17,Programme,Programme,0,Programme is required,0,NULL,0,wcOtherDetRPI,NULL,Authorised By,NULL,NULL,NULL
2414,1054,56,wcProjectCombo,Project,RadComboBox,19,Project,Project,0,Project is required,0,NULL,0,wcOtherDetRPI,NULL,Projectid,NULL,NULL,Project
2415,5234,58,wcIDTB,Risk Number,RadTextBox,2,ID,Risk Number,1,Risk # is required,1,NULL,0,NULL,NULL,NULL,NULL,NULL,NULL
2416,5234,58,wcTitleTB,Risk Description,RadTextBox,3,Title,Risk Description,1,Risk Description is required,1,NULL,0,NULL,NULL,NULL,NULL,NULL,NULL
2417,5234,58,wcDescTB,Description,RadTextBox,4,Desc,Description,0,Description is required,0,NULL,0,NULL,NULL,NULL,NULL,NULL,NULL
2418,5234,58,wcRegRecTypeCombo,Type,RadComboBox,5,Type,Type,0,Type is required,0,NULL,0,NULL,NULL,NULL,NULL,NULL,NULL
2419,5234,58,wcRegRecSubTypeCombo,Sub-Type,RadComboBox,6,SubType,Sub-Type,0,Sub-Type is required,0,NULL,0,NULL,NULL,NULL,NULL,NULL,NULL
2420,5234,58,wcStartDtPkr,Date,RadDateTimePicker,7,StartDt,Date,1,Date is required,0,NULL,0,NULL,NULL,NULL,NULL,NULL,NULL
2421,5234,58,wcReportedByCmb,Reported By,RadComboBox,8,ReportedBy,Reported By,0,Audited By is required,0,NULL,0,NULL,NULL,NULL,NULL,NULL,NULL
2422,5234,58,wcProjectCmb,Project,RadComboBox,9,Project,Project,0,Project is required,0,NULL,0,NULL,NULL,NULL,NULL,NULL,NULL
2423,5234,58,wcLocationIDRadCombo,Location,RadComboBox,10,LocType,Location,0,Location is required,0,NULL,0,NULL,NULL,NULL,NULL,NULL,NULL
2424,5234,58,wcLocationTB,Location Address,RadTextBox,11,LocAddr,Location Address,0,Location Address is required,0,NULL,0,NULL,NULL,NULL,NULL,NULL,NULL
2425,5234,58,wcSpecificLocTB,Specific Location Details,RadTextBox,12,LocDet,Specific Location Details,0,Specific location is required,0,NULL,0,NULL,NULL,NULL,NULL,NULL,NULL
2426,5234,58,wcEmpDivisionCmb,Division,RadComboBox,13,Division,Division,0,Division is required,0,NULL,0,NULL,NULL,NULL,NULL,NULL,NULL
2427,5234,58,wcEmpDeptCmb,Department,RadComboBox,14,Department,Department,0,Department is required,0,NULL,0,NULL,NULL,NULL,NULL,NULL,NULL
2428,5234,58,wcStatusCombo,Status,RadComboBox,15,Status,Status,1,Status is required,0,NULL,0,NULL,NULL,NULL,NULL,NULL,NULL
2429,5234,58,wcCommTB,Details,RadTextBox,16,Comm,Details,0,Details is required,0,NULL,0,NULL,NULL,NULL,NULL,NULL,NULL
2430,5234,58,wcAttachRPI,Attachments,SECTION,17,Attach,Attachments,0,N/A,0,NULL,0,wcAttachRPI,NULL,NULL,NULL,NULL,NULL
2431,5234,58,wcAttchRptr,List of Attachments,Repeater,18,Attach2,List of Attachments,0,,0,NULL,1,wcAttachRPI,NULL,NULL,NULL,NULL,NULL
2432,5234,58,wcReqmtRPI,Requirements,SECTION,19,Reqmt,Requirements,0,N/A,0,NULL,0,wcReqmtRPI,NULL,NULL,NULL,NULL,NULL
2433,5234,58,wcReqPolRadLB,Relevant Policies,RadListBox,20,ReqPol,Relevant Policies,0,Relevant Policies is required,0,NULL,0,wcReqmtRPI,NULL,NULL,NULL,NULL,NULL
2434,5234,58,wcReqLegsRadLB,Relevant Legislation,RadListBox,21,ReqLegs,Relevant Legislation,0,Relevant Legislation is required,0,NULL,0,wcReqmtRPI,NULL,NULL,NULL,NULL,NULL
2435,5234,58,wcDetRespApvRPI,Responsibilities and Approval,SECTION,22,DetRespApv,Responsibilities and Approval,0,N/A,0,NULL,0,wcDetRespApvRPI,NULL,NULL,NULL,NULL,NULL
2436,5234,58,wcWHSRespCmb,WHS Role Responsible,RadComboBox,23,WHSResp,WHS Role Responsible,0,WHS Role Responsible is required,0,NULL,0,wcDetRespApvRPI,NULL,NULL,NULL,NULL,NULL
2437,5234,58,wcRespCombo,Person Responsible,RadComboBox,24,PersonResp,Person Responsible,0,Person Responsible is required,0,NULL,0,wcDetRespApvRPI,NULL,NULL,NULL,NULL,NULL
2438,5234,58,wcCheckedByLbl,Checked By,Label,25,CheckedBy,Checked By,0,N/A,0,NULL,0,wcDetRespApvRPI,NULL,NULL,NULL,NULL,NULL
2439,5234,58,wcReviewedByLabel,Reviewed By,Label,26,ReviewedBy,Reviewed By,0,N/A,0,NULL,0,wcDetRespApvRPI,NULL,NULL,NULL,NULL,NULL
2440,5234,58,wcNextReviewPkr,Next Review Date,RadDatePicker,27,NextReview,Next Review Date,0,Next review date is required,0,NULL,0,wcDetRespApvRPI,NULL,NULL,NULL,NULL,NULL
2441,5234,58,wcAuthoriseLabel,Authorised By,Label,28,Authorise,Authorised By,0,N/A,0,NULL,0,wcDetRespApvRPI,NULL,NULL,NULL,NULL,NULL
2442,5234,58,wcApproveLabel,Approved By,Label,29,Approve,Approved By,0,N/A,0,NULL,0,wcDetRespApvRPI,NULL,NULL,NULL,NULL,NULL
2443,5234,58,wcProjectsPanel,Active Linked Projects,SECTION,999,Projects,Active Linked Projects,1,N/A,0,NULL,0,wcProjectsPanel,NULL,Projects,NULL,NULL,Projects
2444,5234,58,wcCreatedBy,CreatedBy,API,999,CreatedByName,Created By,1,NULL,0,NULL,0,NULL,NULL,Pest Growth Stage,NULL,NULL,NULL
2445,5234,58,wcCreatedDate,CreatedDate,API,999,CreatedDate,Created Date,1,NULL,0,NULL,0,NULL,NULL,Withholding Period Before Harvest,NULL,NULL,NULL
2446,5234,24,wcContractorCompanyCMB,Contractor,RadComboBox,9,Contractor,Contractor,0,Contractor is required,0,NULL,0,NULL,NULL,Contractor,NULL,NULL,NULL
2447,5234,44,wcContractorCompanyCMB,Contractor,RadComboBox,9,Contractor,Contractor,0,Contractor is required,0,NULL,0,NULL,NULL,Contractor,NULL,NULL,NULL
2448,5234,61,wcContractorCompanyCMB,Contractor,RadComboBox,9,Contractor,Contractor,0,Contractor is required,0,NULL,0,NULL,NULL,Contractor,NULL,NULL,NULL
2449,5234,58,wcContractorCompanyCMB,Contractor,RadComboBox,9,Contractor,Contractor,0,Contractor is required,0,NULL,0,NULL,NULL,Contractor,NULL,NULL,NULL
